=== rc003-helper（RC003 增强捕获轨 / 产品化 spike）  2026-09-23 14:59:21.285 ===
[ENV] elevated=false pid=15240 port=47831 runtime_dir=C:\ProgramData\SayAll\rc003-helper target_pid=- gadget_sha256=350beb0e801dc7dc39d21512960d1048b9f21dc72c0ee5ced5cf5d9dc8ea6687 agent_sha256=d48bf52797862e111a74b4d918bacdd1ed3dcf9945ccc714c96f48ec7b139f44
[REG] diag_keys=6 instances_with_hostpid=6 no_host=0 read_failures=0 rc003_instances=1
[HOST] pid=32684 exe=WUDFHost.exe image=?
[EXCLUSIVE] members=1 rc003_members=1 verdict=exclusive_rc003_host
    [RC003] BTHLEDevice\{00001812-0000-1000-8000-00805f9b34fb}_Dev_VID&012717_PID&32b8_REV&00a4_<BT-ADDR>\9&3aacf7b9&0&0055
[GADGET] src=D:\SayAll\src\GetSayAll\remote-mic-app-windows\hardware\RC003\helper\vendor\frida-gadget.dll
[VERIFY] file=D:\SayAll\src\GetSayAll\remote-mic-app-windows\hardware\RC003\helper\vendor\frida-gadget.dll size=23254016 sha256=350beb0e801dc7dc39d21512960d1048b9f21dc72c0ee5ced5cf5d9dc8ea6687 expected=350beb0e801dc7dc39d21512960d1048b9f21dc72c0ee5ced5cf5d9dc8ea6687
[DRY-RUN] 宿主定位、独占性核对与 Gadget 校验均通过；未准备运行时目录、未注入、未监听。elevated=false（本模式不需要提权；observe / 正式运行才需要）。

---------- 新一轮运行 2026-09-23 14:59:24.264 ----------
=== rc003-helper（RC003 增强捕获轨 / 产品化 spike）  2026-09-23 14:59:24.264 ===
[ENV] elevated=false pid=26376 port=47831 runtime_dir=C:\ProgramData\SayAll\rc003-helper target_pid=- gadget_sha256=350beb0e801dc7dc39d21512960d1048b9f21dc72c0ee5ced5cf5d9dc8ea6687 agent_sha256=d48bf52797862e111a74b4d918bacdd1ed3dcf9945ccc714c96f48ec7b139f44
[REG] diag_keys=6 instances_with_hostpid=6 no_host=0 read_failures=0 rc003_instances=1
[HOST] pid=32684 exe=WUDFHost.exe image=?
[EXCLUSIVE] members=1 rc003_members=1 verdict=exclusive_rc003_host
    [RC003] BTHLEDevice\{00001812-0000-1000-8000-00805f9b34fb}_Dev_VID&012717_PID&32b8_REV&00a4_<BT-ADDR>\9&3aacf7b9&0&0055
[GADGET] src=D:\SayAll\src\GetSayAll\remote-mic-app-windows\hardware\RC003\helper\vendor\frida-gadget.dll
[VERIFY] file=D:\SayAll\src\GetSayAll\remote-mic-app-windows\hardware\RC003\helper\vendor\frida-gadget.dll size=23254016 sha256=350beb0e801dc7dc39d21512960d1048b9f21dc72c0ee5ced5cf5d9dc8ea6687 expected=350beb0e801dc7dc39d21512960d1048b9f21dc72c0ee5ced5cf5d9dc8ea6687
[DRY-RUN] 宿主定位、独占性核对与 Gadget 校验均通过；未准备运行时目录、未注入、未监听。elevated=false（本模式不需要提权；observe / 正式运行才需要）。

---------- 新一轮运行 2026-09-23 15:10:29.307 ----------
=== rc003-helper（RC003 增强捕获轨 / 产品化 spike）  2026-09-23 15:10:29.307 ===
[ENV] elevated=true pid=29964 port=47831 runtime_dir=C:\ProgramData\SayAll\rc003-helper target_pid=- gadget_sha256=350beb0e801dc7dc39d21512960d1048b9f21dc72c0ee5ced5cf5d9dc8ea6687 agent_sha256=d48bf52797862e111a74b4d918bacdd1ed3dcf9945ccc714c96f48ec7b139f44
[REG] diag_keys=6 instances_with_hostpid=6 no_host=0 read_failures=0 rc003_instances=1
[HOST] pid=32684 exe=WUDFHost.exe image=C:\Windows\System32\WUDFHost.exe
[EXCLUSIVE] members=1 rc003_members=1 verdict=exclusive_rc003_host
    [RC003] BTHLEDevice\{00001812-0000-1000-8000-00805f9b34fb}_Dev_VID&012717_PID&32b8_REV&00a4_<BT-ADDR>\9&3aacf7b9&0&0055
[GADGET] src=D:\SayAll\src\GetSayAll\remote-mic-app-windows\hardware\RC003\helper\vendor\frida-gadget.dll
[VERIFY] file=D:\SayAll\src\GetSayAll\remote-mic-app-windows\hardware\RC003\helper\vendor\frida-gadget.dll size=23254016 sha256=350beb0e801dc7dc39d21512960d1048b9f21dc72c0ee5ced5cf5d9dc8ea6687 expected=350beb0e801dc7dc39d21512960d1048b9f21dc72c0ee5ced5cf5d9dc8ea6687
[PREP] dir=C:\ProgramData\SayAll\rc003-helper dll=C:\ProgramData\SayAll\rc003-helper\frida-gadget.dll config=C:\ProgramData\SayAll\rc003-helper\frida-gadget.config agent=C:\ProgramData\SayAll\rc003-helper\rc003_agent.js port=47831 mode=observe restore=true
[LISTEN] addr=127.0.0.1:47831
[INJECT] pid=32684 dll=C:\ProgramData\SayAll\rc003-helper\frida-gadget.dll wait=0x00000000 hmodule=0x645B0000 loaded=true

---------- 新一轮运行 2026-09-23 15:10:33.180 ----------

已武装。现在可以按遥控器：返回 / 音量+ / 音量- 都会以 [EDGE] 上报；
确定 / 主页 / 方向应保持 Windows 原生行为（本 spike 不碰它们）。
每 2 秒会打印一次 [HB] 心跳；Ctrl+C 结束（会先给 agent 发 disarm）。

[ACCEPT] from=127.0.0.1:63864
[HELLO] auth=true pid=32684 agent=rc003_agent/1 mode=observe lease_ms=2000
[AGENT] msg=renew:first
[HB] up=1s lease_ok=true handshake=true disarmed=false renew_age_ms=5 stat={"ioctl_calls":1,"target_hits":0,"clears_ok":0,"clears_fail":0,"restores_ok":0,"kernel_changed":0,"edges_sent":0,"write_fail":0,"discarded":0,"lease_expired":0,"errors":0}
[HB] up=2s lease_ok=true handshake=true disarmed=false renew_age_ms=10 stat={"ioctl_calls":1,"target_hits":0,"clears_ok":0,"clears_fail":0,"restores_ok":0,"kernel_changed":0,"edges_sent":0,"write_fail":0,"discarded":0,"lease_expired":0,"errors":0}
[HB] up=3s lease_ok=true handshake=true disarmed=false renew_age_ms=13 stat={"ioctl_calls":1,"target_hits":0,"clears_ok":0,"clears_fail":0,"restores_ok":0,"kernel_changed":0,"edges_sent":0,"write_fail":0,"discarded":0,"lease_expired":0,"errors":0}
[HB] up=4s lease_ok=true handshake=true disarmed=false renew_age_ms=24 stat={"ioctl_calls":1,"target_hits":0,"clears_ok":0,"clears_fail":0,"restores_ok":0,"kernel_changed":0,"edges_sent":0,"write_fail":0,"discarded":0,"lease_expired":0,"errors":0}
[RENEW] tick=10 state=ok
[HB] up=5s lease_ok=true handshake=true disarmed=false renew_age_ms=24 stat={"ioctl_calls":1,"target_hits":0,"clears_ok":0,"clears_fail":0,"restores_ok":0,"kernel_changed":0,"edges_sent":0,"write_fail":0,"discarded":0,"lease_expired":0,"errors":0}
[EDGE] buttons=back raw=t=1790147438811 usages=0x00F1 buttons=back n=1
[EDGE] buttons=(释放) reason= raw=t=1790147438952 usages= buttons= n=0
[HB] up=6s lease_ok=true handshake=true disarmed=false renew_age_ms=23 stat={"ioctl_calls":3,"target_hits":1,"clears_ok":0,"clears_fail":0,"restores_ok":0,"kernel_changed":0,"edges_sent":2,"write_fail":0,"discarded":0,"lease_expired":0,"errors":0}
[HB] up=7s lease_ok=true handshake=true disarmed=false renew_age_ms=34 stat={"ioctl_calls":3,"target_hits":1,"clears_ok":0,"clears_fail":0,"restores_ok":0,"kernel_changed":0,"edges_sent":2,"write_fail":0,"discarded":0,"lease_expired":0,"errors":0}
[EDGE] buttons=volume_up raw=t=1790147440557 usages=0x0080 buttons=volume_up n=1
[EDGE] buttons=(释放) reason= raw=t=1790147440736 usages= buttons= n=0
[HB] up=8s lease_ok=true handshake=true disarmed=false renew_age_ms=47 stat={"ioctl_calls":5,"target_hits":2,"clears_ok":0,"clears_fail":0,"restores_ok":0,"kernel_changed":0,"edges_sent":4,"write_fail":0,"discarded":0,"lease_expired":0,"errors":0}
[EDGE] buttons=volume_down raw=t=1790147441981 usages=0x0081 buttons=volume_down n=1
[EDGE] buttons=(释放) reason= raw=t=1790147442131 usages= buttons= n=0
[HB] up=9s lease_ok=true handshake=true disarmed=false renew_age_ms=61 stat={"ioctl_calls":7,"target_hits":3,"clears_ok":0,"clears_fail":0,"restores_ok":0,"kernel_changed":0,"edges_sent":6,"write_fail":0,"discarded":0,"lease_expired":0,"errors":0}
[RENEW] tick=20 state=ok
[HB] up=10s lease_ok=true handshake=true disarmed=false renew_age_ms=70 stat={"ioctl_calls":7,"target_hits":3,"clears_ok":0,"clears_fail":0,"restores_ok":0,"kernel_changed":0,"edges_sent":6,"write_fail":0,"discarded":0,"lease_expired":0,"errors":0}
[HB] up=11s lease_ok=true handshake=true disarmed=false renew_age_ms=69 stat={"ioctl_calls":7,"target_hits":3,"clears_ok":0,"clears_fail":0,"restores_ok":0,"kernel_changed":0,"edges_sent":6,"write_fail":0,"discarded":0,"lease_expired":0,"errors":0}
[HB] up=12s lease_ok=true handshake=true disarmed=false renew_age_ms=79 stat={"ioctl_calls":7,"target_hits":3,"clears_ok":0,"clears_fail":0,"restores_ok":0,"kernel_changed":0,"edges_sent":6,"write_fail":0,"discarded":0,"lease_expired":0,"errors":0}
[HB] up=13s lease_ok=true handshake=true disarmed=false renew_age_ms=91 stat={"ioctl_calls":7,"target_hits":3,"clears_ok":0,"clears_fail":0,"restores_ok":0,"kernel_changed":0,"edges_sent":6,"write_fail":0,"discarded":0,"lease_expired":0,"errors":0}
[HB] up=14s lease_ok=true handshake=true disarmed=false renew_age_ms=102 stat={"ioctl_calls":7,"target_hits":3,"clears_ok":0,"clears_fail":0,"restores_ok":0,"kernel_changed":0,"edges_sent":6,"write_fail":0,"discarded":0,"lease_expired":0,"errors":0}
[RENEW] tick=30 state=ok
[HB] up=15s lease_ok=true handshake=true disarmed=false renew_age_ms=115 stat={"ioctl_calls":7,"target_hits":3,"clears_ok":0,"clears_fail":0,"restores_ok":0,"kernel_changed":0,"edges_sent":6,"write_fail":0,"discarded":0,"lease_expired":0,"errors":0}
[HB] up=16s lease_ok=true handshake=true disarmed=false renew_age_ms=125 stat={"ioctl_calls":7,"target_hits":3,"clears_ok":0,"clears_fail":0,"restores_ok":0,"kernel_changed":0,"edges_sent":6,"write_fail":0,"discarded":0,"lease_expired":0,"errors":0}
[HB] up=17s lease_ok=true handshake=true disarmed=false renew_age_ms=137 stat={"ioctl_calls":7,"target_hits":3,"clears_ok":0,"clears_fail":0,"restores_ok":0,"kernel_changed":0,"edges_sent":6,"write_fail":0,"discarded":0,"lease_expired":0,"errors":0}
[HB] up=18s lease_ok=true handshake=true disarmed=false renew_age_ms=144 stat={"ioctl_calls":7,"target_hits":3,"clears_ok":0,"clears_fail":0,"restores_ok":0,"kernel_changed":0,"edges_sent":6,"write_fail":0,"discarded":0,"lease_expired":0,"errors":0}
[HB] up=19s lease_ok=true handshake=true disarmed=false renew_age_ms=155 stat={"ioctl_calls":7,"target_hits":3,"clears_ok":0,"clears_fail":0,"restores_ok":0,"kernel_changed":0,"edges_sent":6,"write_fail":0,"discarded":0,"lease_expired":0,"errors":0}
[RENEW] tick=40 state=ok
[HB] up=20s lease_ok=true handshake=true disarmed=false renew_age_ms=169 stat={"ioctl_calls":7,"target_hits":3,"clears_ok":0,"clears_fail":0,"restores_ok":0,"kernel_changed":0,"edges_sent":6,"write_fail":0,"discarded":0,"lease_expired":0,"errors":0}
[HB] up=21s lease_ok=true handshake=true disarmed=false renew_age_ms=181 stat={"ioctl_calls":7,"target_hits":3,"clears_ok":0,"clears_fail":0,"restores_ok":0,"kernel_changed":0,"edges_sent":6,"write_fail":0,"discarded":0,"lease_expired":0,"errors":0}
[HB] up=22s lease_ok=true handshake=true disarmed=false renew_age_ms=192 stat={"ioctl_calls":7,"target_hits":3,"clears_ok":0,"clears_fail":0,"restores_ok":0,"kernel_changed":0,"edges_sent":6,"write_fail":0,"discarded":0,"lease_expired":0,"errors":0}
[HB] up=23s lease_ok=true handshake=true disarmed=false renew_age_ms=193 stat={"ioctl_calls":7,"target_hits":3,"clears_ok":0,"clears_fail":0,"restores_ok":0,"kernel_changed":0,"edges_sent":6,"write_fail":0,"discarded":0,"lease_expired":0,"errors":0}
[HB] up=24s lease_ok=true handshake=true disarmed=false renew_age_ms=204 stat={"ioctl_calls":7,"target_hits":3,"clears_ok":0,"clears_fail":0,"restores_ok":0,"kernel_changed":0,"edges_sent":6,"write_fail":0,"discarded":0,"lease_expired":0,"errors":0}
[RENEW] tick=50 state=ok
[HB] up=25s lease_ok=true handshake=true disarmed=false renew_age_ms=219 stat={"ioctl_calls":7,"target_hits":3,"clears_ok":0,"clears_fail":0,"restores_ok":0,"kernel_changed":0,"edges_sent":6,"write_fail":0,"discarded":0,"lease_expired":0,"errors":0}
[HB] up=26s lease_ok=true handshake=true disarmed=false renew_age_ms=231 stat={"ioctl_calls":7,"target_hits":3,"clears_ok":0,"clears_fail":0,"restores_ok":0,"kernel_changed":0,"edges_sent":6,"write_fail":0,"discarded":0,"lease_expired":0,"errors":0}
[HB] up=27s lease_ok=true handshake=true disarmed=false renew_age_ms=246 stat={"ioctl_calls":7,"target_hits":3,"clears_ok":0,"clears_fail":0,"restores_ok":0,"kernel_changed":0,"edges_sent":6,"write_fail":0,"discarded":0,"lease_expired":0,"errors":0}
[HB] up=28s lease_ok=true handshake=true disarmed=false renew_age_ms=254 stat={"ioctl_calls":7,"target_hits":3,"clears_ok":0,"clears_fail":0,"restores_ok":0,"kernel_changed":0,"edges_sent":6,"write_fail":0,"discarded":0,"lease_expired":0,"errors":0}
[HB] up=29s lease_ok=true handshake=true disarmed=false renew_age_ms=265 stat={"ioctl_calls":7,"target_hits":3,"clears_ok":0,"clears_fail":0,"restores_ok":0,"kernel_changed":0,"edges_sent":6,"write_fail":0,"discarded":0,"lease_expired":0,"errors":0}
[RENEW] tick=60 state=ok
[HB] up=30s lease_ok=true handshake=true disarmed=false renew_age_ms=276 stat={"ioctl_calls":7,"target_hits":3,"clears_ok":0,"clears_fail":0,"restores_ok":0,"kernel_changed":0,"edges_sent":6,"write_fail":0,"discarded":0,"lease_expired":0,"errors":0}
[HB] up=31s lease_ok=true handshake=true disarmed=false renew_age_ms=284 stat={"ioctl_calls":7,"target_hits":3,"clears_ok":0,"clears_fail":0,"restores_ok":0,"kernel_changed":0,"edges_sent":6,"write_fail":0,"discarded":0,"lease_expired":0,"errors":0}
[HB] up=32s lease_ok=true handshake=true disarmed=false renew_age_ms=284 stat={"ioctl_calls":7,"target_hits":3,"clears_ok":0,"clears_fail":0,"restores_ok":0,"kernel_changed":0,"edges_sent":6,"write_fail":0,"discarded":0,"lease_expired":0,"errors":0}
[HB] up=33s lease_ok=true handshake=true disarmed=false renew_age_ms=296 stat={"ioctl_calls":7,"target_hits":3,"clears_ok":0,"clears_fail":0,"restores_ok":0,"kernel_changed":0,"edges_sent":6,"write_fail":0,"discarded":0,"lease_expired":0,"errors":0}
[HB] up=34s lease_ok=true handshake=true disarmed=false renew_age_ms=304 stat={"ioctl_calls":7,"target_hits":3,"clears_ok":0,"clears_fail":0,"restores_ok":0,"kernel_changed":0,"edges_sent":6,"write_fail":0,"discarded":0,"lease_expired":0,"errors":0}
[RENEW] tick=70 state=ok
[HB] up=35s lease_ok=true handshake=true disarmed=false renew_age_ms=315 stat={"ioctl_calls":7,"target_hits":3,"clears_ok":0,"clears_fail":0,"restores_ok":0,"kernel_changed":0,"edges_sent":6,"write_fail":0,"discarded":0,"lease_expired":0,"errors":0}
[HB] up=36s lease_ok=true handshake=true disarmed=false renew_age_ms=324 stat={"ioctl_calls":7,"target_hits":3,"clears_ok":0,"clears_fail":0,"restores_ok":0,"kernel_changed":0,"edges_sent":6,"write_fail":0,"discarded":0,"lease_expired":0,"errors":0}
[HB] up=37s lease_ok=true handshake=true disarmed=false renew_age_ms=334 stat={"ioctl_calls":7,"target_hits":3,"clears_ok":0,"clears_fail":0,"restores_ok":0,"kernel_changed":0,"edges_sent":6,"write_fail":0,"discarded":0,"lease_expired":0,"errors":0}
[HB] up=38s lease_ok=true handshake=true disarmed=false renew_age_ms=346 stat={"ioctl_calls":7,"target_hits":3,"clears_ok":0,"clears_fail":0,"restores_ok":0,"kernel_changed":0,"edges_sent":6,"write_fail":0,"discarded":0,"lease_expired":0,"errors":0}
[HB] up=39s lease_ok=true handshake=true disarmed=false renew_age_ms=358 stat={"ioctl_calls":7,"target_hits":3,"clears_ok":0,"clears_fail":0,"restores_ok":0,"kernel_changed":0,"edges_sent":6,"write_fail":0,"discarded":0,"lease_expired":0,"errors":0}
[RENEW] tick=80 state=ok
[HB] up=40s lease_ok=true handshake=true disarmed=false renew_age_ms=370 stat={"ioctl_calls":7,"target_hits":3,"clears_ok":0,"clears_fail":0,"restores_ok":0,"kernel_changed":0,"edges_sent":6,"write_fail":0,"discarded":0,"lease_expired":0,"errors":0}
[HB] up=41s lease_ok=true handshake=true disarmed=false renew_age_ms=368 stat={"ioctl_calls":7,"target_hits":3,"clears_ok":0,"clears_fail":0,"restores_ok":0,"kernel_changed":0,"edges_sent":6,"write_fail":0,"discarded":0,"lease_expired":0,"errors":0}
[HB] up=42s lease_ok=true handshake=true disarmed=false renew_age_ms=380 stat={"ioctl_calls":7,"target_hits":3,"clears_ok":0,"clears_fail":0,"restores_ok":0,"kernel_changed":0,"edges_sent":6,"write_fail":0,"discarded":0,"lease_expired":0,"errors":0}
[HB] up=43s lease_ok=true handshake=true disarmed=false renew_age_ms=392 stat={"ioctl_calls":7,"target_hits":3,"clears_ok":0,"clears_fail":0,"restores_ok":0,"kernel_changed":0,"edges_sent":6,"write_fail":0,"discarded":0,"lease_expired":0,"errors":0}
[HB] up=44s lease_ok=true handshake=true disarmed=false renew_age_ms=404 stat={"ioctl_calls":7,"target_hits":3,"clears_ok":0,"clears_fail":0,"restores_ok":0,"kernel_changed":0,"edges_sent":6,"write_fail":0,"discarded":0,"lease_expired":0,"errors":0}
[RENEW] tick=90 state=ok
[HB] up=45s lease_ok=true handshake=true disarmed=false renew_age_ms=417 stat={"ioctl_calls":7,"target_hits":3,"clears_ok":0,"clears_fail":0,"restores_ok":0,"kernel_changed":0,"edges_sent":6,"write_fail":0,"discarded":0,"lease_expired":0,"errors":0}
[HB] up=46s lease_ok=true handshake=true disarmed=false renew_age_ms=425 stat={"ioctl_calls":7,"target_hits":3,"clears_ok":0,"clears_fail":0,"restores_ok":0,"kernel_changed":0,"edges_sent":6,"write_fail":0,"discarded":0,"lease_expired":0,"errors":0}
[HB] up=47s lease_ok=true handshake=true disarmed=false renew_age_ms=436 stat={"ioctl_calls":7,"target_hits":3,"clears_ok":0,"clears_fail":0,"restores_ok":0,"kernel_changed":0,"edges_sent":6,"write_fail":0,"discarded":0,"lease_expired":0,"errors":0}
[HB] up=48s lease_ok=true handshake=true disarmed=false renew_age_ms=443 stat={"ioctl_calls":7,"target_hits":3,"clears_ok":0,"clears_fail":0,"restores_ok":0,"kernel_changed":0,"edges_sent":6,"write_fail":0,"discarded":0,"lease_expired":0,"errors":0}
[HB] up=50s lease_ok=true handshake=true disarmed=false renew_age_ms=455 stat={"ioctl_calls":7,"target_hits":3,"clears_ok":0,"clears_fail":0,"restores_ok":0,"kernel_changed":0,"edges_sent":6,"write_fail":0,"discarded":0,"lease_expired":0,"errors":0}
[RENEW] tick=100 state=ok
[HB] up=51s lease_ok=true handshake=true disarmed=false renew_age_ms=467 stat={"ioctl_calls":7,"target_hits":3,"clears_ok":0,"clears_fail":0,"restores_ok":0,"kernel_changed":0,"edges_sent":6,"write_fail":0,"discarded":0,"lease_expired":0,"errors":0}
[HB] up=52s lease_ok=true handshake=true disarmed=false renew_age_ms=292 stat={"ioctl_calls":7,"target_hits":3,"clears_ok":0,"clears_fail":0,"restores_ok":0,"kernel_changed":0,"edges_sent":6,"write_fail":0,"discarded":0,"lease_expired":0,"errors":0}
[HB] up=53s lease_ok=true handshake=true disarmed=false renew_age_ms=299 stat={"ioctl_calls":7,"target_hits":3,"clears_ok":0,"clears_fail":0,"restores_ok":0,"kernel_changed":0,"edges_sent":6,"write_fail":0,"discarded":0,"lease_expired":0,"errors":0}
[HB] up=54s lease_ok=true handshake=true disarmed=false renew_age_ms=309 stat={"ioctl_calls":7,"target_hits":3,"clears_ok":0,"clears_fail":0,"restores_ok":0,"kernel_changed":0,"edges_sent":6,"write_fail":0,"discarded":0,"lease_expired":0,"errors":0}
[HB] up=55s lease_ok=true handshake=true disarmed=false renew_age_ms=322 stat={"ioctl_calls":7,"target_hits":3,"clears_ok":0,"clears_fail":0,"restores_ok":0,"kernel_changed":0,"edges_sent":6,"write_fail":0,"discarded":0,"lease_expired":0,"errors":0}
[EDGE] buttons=back raw=t=1790147488362 usages=0x00F1 buttons=back n=1
[RENEW] tick=110 state=ok
[EDGE] buttons=(释放) reason= raw=t=1790147488497 usages= buttons= n=0
[HB] up=56s lease_ok=true handshake=true disarmed=false renew_age_ms=330 stat={"ioctl_calls":9,"target_hits":4,"clears_ok":0,"clears_fail":0,"restores_ok":0,"kernel_changed":0,"edges_sent":8,"write_fail":0,"discarded":0,"lease_expired":0,"errors":0}
[HB] up=57s lease_ok=true handshake=true disarmed=false renew_age_ms=341 stat={"ioctl_calls":9,"target_hits":4,"clears_ok":0,"clears_fail":0,"restores_ok":0,"kernel_changed":0,"edges_sent":8,"write_fail":0,"discarded":0,"lease_expired":0,"errors":0}
[HB] up=58s lease_ok=true handshake=true disarmed=false renew_age_ms=349 stat={"ioctl_calls":9,"target_hits":4,"clears_ok":0,"clears_fail":0,"restores_ok":0,"kernel_changed":0,"edges_sent":8,"write_fail":0,"discarded":0,"lease_expired":0,"errors":0}
[EDGE] buttons=volume_up raw=t=1790147491633 usages=0x0080 buttons=volume_up n=1
[HB] up=59s lease_ok=true handshake=true disarmed=false renew_age_ms=357 stat={"ioctl_calls":10,"target_hits":5,"clears_ok":0,"clears_fail":0,"restores_ok":0,"kernel_changed":0,"edges_sent":9,"write_fail":0,"discarded":0,"lease_expired":0,"errors":0}
[EDGE] buttons=(释放) reason= raw=t=1790147491782 usages= buttons= n=0
[HB] up=60s lease_ok=true handshake=true disarmed=false renew_age_ms=371 stat={"ioctl_calls":11,"target_hits":5,"clears_ok":0,"clears_fail":0,"restores_ok":0,"kernel_changed":0,"edges_sent":10,"write_fail":0,"discarded":0,"lease_expired":0,"errors":0}
[RENEW] tick=120 state=ok
[EDGE] buttons=volume_down raw=t=1790147493462 usages=0x0081 buttons=volume_down n=1
[EDGE] buttons=(释放) reason= raw=t=1790147493597 usages= buttons= n=0
[HB] up=61s lease_ok=true handshake=true disarmed=false renew_age_ms=377 stat={"ioctl_calls":13,"target_hits":6,"clears_ok":0,"clears_fail":0,"restores_ok":0,"kernel_changed":0,"edges_sent":12,"write_fail":0,"discarded":0,"lease_expired":0,"errors":0}
[HB] up=62s lease_ok=true handshake=true disarmed=false renew_age_ms=390 stat={"ioctl_calls":13,"target_hits":6,"clears_ok":0,"clears_fail":0,"restores_ok":0,"kernel_changed":0,"edges_sent":12,"write_fail":0,"discarded":0,"lease_expired":0,"errors":0}
[HB] up=63s lease_ok=true handshake=true disarmed=false renew_age_ms=404 stat={"ioctl_calls":13,"target_hits":6,"clears_ok":0,"clears_fail":0,"restores_ok":0,"kernel_changed":0,"edges_sent":12,"write_fail":0,"discarded":0,"lease_expired":0,"errors":0}
[HB] up=64s lease_ok=true handshake=true disarmed=false renew_age_ms=414 stat={"ioctl_calls":13,"target_hits":6,"clears_ok":0,"clears_fail":0,"restores_ok":0,"kernel_changed":0,"edges_sent":12,"write_fail":0,"discarded":0,"lease_expired":0,"errors":0}
[HB] up=65s lease_ok=true handshake=true disarmed=false renew_age_ms=414 stat={"ioctl_calls":13,"target_hits":6,"clears_ok":0,"clears_fail":0,"restores_ok":0,"kernel_changed":0,"edges_sent":12,"write_fail":0,"discarded":0,"lease_expired":0,"errors":0}
[RENEW] tick=130 state=ok
[HB] up=66s lease_ok=true handshake=true disarmed=false renew_age_ms=427 stat={"ioctl_calls":13,"target_hits":6,"clears_ok":0,"clears_fail":0,"restores_ok":0,"kernel_changed":0,"edges_sent":12,"write_fail":0,"discarded":0,"lease_expired":0,"errors":0}
[HB] up=67s lease_ok=true handshake=true disarmed=false renew_age_ms=435 stat={"ioctl_calls":13,"target_hits":6,"clears_ok":0,"clears_fail":0,"restores_ok":0,"kernel_changed":0,"edges_sent":12,"write_fail":0,"discarded":0,"lease_expired":0,"errors":0}
[HB] up=68s lease_ok=true handshake=true disarmed=false renew_age_ms=435 stat={"ioctl_calls":13,"target_hits":6,"clears_ok":0,"clears_fail":0,"restores_ok":0,"kernel_changed":0,"edges_sent":12,"write_fail":0,"discarded":0,"lease_expired":0,"errors":0}
[HB] up=69s lease_ok=true handshake=true disarmed=false renew_age_ms=448 stat={"ioctl_calls":13,"target_hits":6,"clears_ok":0,"clears_fail":0,"restores_ok":0,"kernel_changed":0,"edges_sent":12,"write_fail":0,"discarded":0,"lease_expired":0,"errors":0}
[HB] up=70s lease_ok=true handshake=true disarmed=false renew_age_ms=448 stat={"ioctl_calls":13,"target_hits":6,"clears_ok":0,"clears_fail":0,"restores_ok":0,"kernel_changed":0,"edges_sent":12,"write_fail":0,"discarded":0,"lease_expired":0,"errors":0}
[RENEW] tick=140 state=ok
[HB] up=71s lease_ok=true handshake=true disarmed=false renew_age_ms=463 stat={"ioctl_calls":13,"target_hits":6,"clears_ok":0,"clears_fail":0,"restores_ok":0,"kernel_changed":0,"edges_sent":12,"write_fail":0,"discarded":0,"lease_expired":0,"errors":0}
[HB] up=72s lease_ok=true handshake=true disarmed=false renew_age_ms=465 stat={"ioctl_calls":13,"target_hits":6,"clears_ok":0,"clears_fail":0,"restores_ok":0,"kernel_changed":0,"edges_sent":12,"write_fail":0,"discarded":0,"lease_expired":0,"errors":0}
[HB] up=73s lease_ok=true handshake=true disarmed=false renew_age_ms=475 stat={"ioctl_calls":13,"target_hits":6,"clears_ok":0,"clears_fail":0,"restores_ok":0,"kernel_changed":0,"edges_sent":12,"write_fail":0,"discarded":0,"lease_expired":0,"errors":0}
[HB] up=74s lease_ok=true handshake=true disarmed=false renew_age_ms=477 stat={"ioctl_calls":13,"target_hits":6,"clears_ok":0,"clears_fail":0,"restores_ok":0,"kernel_changed":0,"edges_sent":12,"write_fail":0,"discarded":0,"lease_expired":0,"errors":0}
[HB] up=75s lease_ok=true handshake=true disarmed=false renew_age_ms=482 stat={"ioctl_calls":13,"target_hits":6,"clears_ok":0,"clears_fail":0,"restores_ok":0,"kernel_changed":0,"edges_sent":12,"write_fail":0,"discarded":0,"lease_expired":0,"errors":0}
[RENEW] tick=150 state=ok
[HB] up=76s lease_ok=true handshake=true disarmed=false renew_age_ms=484 stat={"ioctl_calls":13,"target_hits":6,"clears_ok":0,"clears_fail":0,"restores_ok":0,"kernel_changed":0,"edges_sent":12,"write_fail":0,"discarded":0,"lease_expired":0,"errors":0}
[HB] up=77s lease_ok=true handshake=true disarmed=false renew_age_ms=488 stat={"ioctl_calls":13,"target_hits":6,"clears_ok":0,"clears_fail":0,"restores_ok":0,"kernel_changed":0,"edges_sent":12,"write_fail":0,"discarded":0,"lease_expired":0,"errors":0}
[HB] up=78s lease_ok=true handshake=true disarmed=false renew_age_ms=491 stat={"ioctl_calls":13,"target_hits":6,"clears_ok":0,"clears_fail":0,"restores_ok":0,"kernel_changed":0,"edges_sent":12,"write_fail":0,"discarded":0,"lease_expired":0,"errors":0}
[HB] up=79s lease_ok=true handshake=true disarmed=false renew_age_ms=497 stat={"ioctl_calls":13,"target_hits":6,"clears_ok":0,"clears_fail":0,"restores_ok":0,"kernel_changed":0,"edges_sent":12,"write_fail":0,"discarded":0,"lease_expired":0,"errors":0}
[HB] up=80s lease_ok=true handshake=true disarmed=false renew_age_ms=499 stat={"ioctl_calls":13,"target_hits":6,"clears_ok":0,"clears_fail":0,"restores_ok":0,"kernel_changed":0,"edges_sent":12,"write_fail":0,"discarded":0,"lease_expired":0,"errors":0}
[RENEW] tick=160 state=ok
[HB] up=81s lease_ok=true handshake=true disarmed=false renew_age_ms=502 stat={"ioctl_calls":13,"target_hits":6,"clears_ok":0,"clears_fail":0,"restores_ok":0,"kernel_changed":0,"edges_sent":12,"write_fail":0,"discarded":0,"lease_expired":0,"errors":0}
[HB] up=82s lease_ok=true handshake=true disarmed=false renew_age_ms=500 stat={"ioctl_calls":13,"target_hits":6,"clears_ok":0,"clears_fail":0,"restores_ok":0,"kernel_changed":0,"edges_sent":12,"write_fail":0,"discarded":0,"lease_expired":0,"errors":0}
[HB] up=83s lease_ok=true handshake=true disarmed=false renew_age_ms=501 stat={"ioctl_calls":13,"target_hits":6,"clears_ok":0,"clears_fail":0,"restores_ok":0,"kernel_changed":0,"edges_sent":12,"write_fail":0,"discarded":0,"lease_expired":0,"errors":0}
[HB] up=84s lease_ok=true handshake=true disarmed=false renew_age_ms=500 stat={"ioctl_calls":13,"target_hits":6,"clears_ok":0,"clears_fail":0,"restores_ok":0,"kernel_changed":0,"edges_sent":12,"write_fail":0,"discarded":0,"lease_expired":0,"errors":0}
[HB] up=85s lease_ok=true handshake=true disarmed=false renew_age_ms=500 stat={"ioctl_calls":13,"target_hits":6,"clears_ok":0,"clears_fail":0,"restores_ok":0,"kernel_changed":0,"edges_sent":12,"write_fail":0,"discarded":0,"lease_expired":0,"errors":0}
[RENEW] tick=170 state=ok
[HB] up=86s lease_ok=true handshake=true disarmed=false renew_age_ms=501 stat={"ioctl_calls":13,"target_hits":6,"clears_ok":0,"clears_fail":0,"restores_ok":0,"kernel_changed":0,"edges_sent":12,"write_fail":0,"discarded":0,"lease_expired":0,"errors":0}
[HB] up=87s lease_ok=true handshake=true disarmed=false renew_age_ms=500 stat={"ioctl_calls":13,"target_hits":6,"clears_ok":0,"clears_fail":0,"restores_ok":0,"kernel_changed":0,"edges_sent":12,"write_fail":0,"discarded":0,"lease_expired":0,"errors":0}
[HB] up=88s lease_ok=true handshake=true disarmed=false renew_age_ms=501 stat={"ioctl_calls":13,"target_hits":6,"clears_ok":0,"clears_fail":0,"restores_ok":0,"kernel_changed":0,"edges_sent":12,"write_fail":0,"discarded":0,"lease_expired":0,"errors":0}
[HB] up=89s lease_ok=true handshake=true disarmed=false renew_age_ms=501 stat={"ioctl_calls":13,"target_hits":6,"clears_ok":0,"clears_fail":0,"restores_ok":0,"kernel_changed":0,"edges_sent":12,"write_fail":0,"discarded":0,"lease_expired":0,"errors":0}
[HB] up=90s lease_ok=true handshake=true disarmed=false renew_age_ms=501 stat={"ioctl_calls":13,"target_hits":6,"clears_ok":0,"clears_fail":0,"restores_ok":0,"kernel_changed":0,"edges_sent":12,"write_fail":0,"discarded":0,"lease_expired":0,"errors":0}
[RENEW] tick=180 state=ok
[HB] up=91s lease_ok=true handshake=true disarmed=false renew_age_ms=502 stat={"ioctl_calls":13,"target_hits":6,"clears_ok":0,"clears_fail":0,"restores_ok":0,"kernel_changed":0,"edges_sent":12,"write_fail":0,"discarded":0,"lease_expired":0,"errors":0}
[HB] up=92s lease_ok=true handshake=true disarmed=false renew_age_ms=501 stat={"ioctl_calls":13,"target_hits":6,"clears_ok":0,"clears_fail":0,"restores_ok":0,"kernel_changed":0,"edges_sent":12,"write_fail":0,"discarded":0,"lease_expired":0,"errors":0}
[HB] up=93s lease_ok=true handshake=true disarmed=false renew_age_ms=501 stat={"ioctl_calls":13,"target_hits":6,"clears_ok":0,"clears_fail":0,"restores_ok":0,"kernel_changed":0,"edges_sent":12,"write_fail":0,"discarded":0,"lease_expired":0,"errors":0}
[HB] up=94s lease_ok=true handshake=true disarmed=false renew_age_ms=501 stat={"ioctl_calls":13,"target_hits":6,"clears_ok":0,"clears_fail":0,"restores_ok":0,"kernel_changed":0,"edges_sent":12,"write_fail":0,"discarded":0,"lease_expired":0,"errors":0}
[HB] up=95s lease_ok=true handshake=true disarmed=false renew_age_ms=500 stat={"ioctl_calls":13,"target_hits":6,"clears_ok":0,"clears_fail":0,"restores_ok":0,"kernel_changed":0,"edges_sent":12,"write_fail":0,"discarded":0,"lease_expired":0,"errors":0}
[RENEW] tick=190 state=ok
[EDGE] buttons=back raw=t=1790147528622 usages=0x00F1 buttons=back n=1
[EDGE] buttons=(释放) reason= raw=t=1790147528713 usages= buttons= n=0
[HB] up=96s lease_ok=true handshake=true disarmed=false renew_age_ms=501 stat={"ioctl_calls":15,"target_hits":7,"clears_ok":0,"clears_fail":0,"restores_ok":0,"kernel_changed":0,"edges_sent":14,"write_fail":0,"discarded":0,"lease_expired":0,"errors":0}
[HB] up=97s lease_ok=true handshake=true disarmed=false renew_age_ms=501 stat={"ioctl_calls":15,"target_hits":7,"clears_ok":0,"clears_fail":0,"restores_ok":0,"kernel_changed":0,"edges_sent":14,"write_fail":0,"discarded":0,"lease_expired":0,"errors":0}
[HB] up=98s lease_ok=true handshake=true disarmed=false renew_age_ms=500 stat={"ioctl_calls":15,"target_hits":7,"clears_ok":0,"clears_fail":0,"restores_ok":0,"kernel_changed":0,"edges_sent":14,"write_fail":0,"discarded":0,"lease_expired":0,"errors":0}
[EDGE] buttons=volume_up raw=t=1790147531677 usages=0x0080 buttons=volume_up n=1
[EDGE] buttons=(释放) reason= raw=t=1790147531803 usages= buttons= n=0
[HB] up=99s lease_ok=true handshake=true disarmed=false renew_age_ms=500 stat={"ioctl_calls":17,"target_hits":8,"clears_ok":0,"clears_fail":0,"restores_ok":0,"kernel_changed":0,"edges_sent":16,"write_fail":0,"discarded":0,"lease_expired":0,"errors":0}
[HB] up=100s lease_ok=true handshake=true disarmed=false renew_age_ms=500 stat={"ioctl_calls":17,"target_hits":8,"clears_ok":0,"clears_fail":0,"restores_ok":0,"kernel_changed":0,"edges_sent":16,"write_fail":0,"discarded":0,"lease_expired":0,"errors":0}
[RENEW] tick=200 state=ok
[EDGE] buttons=volume_down raw=t=1790147533677 usages=0x0081 buttons=volume_down n=1
[EDGE] buttons=(释放) reason= raw=t=1790147533843 usages= buttons= n=0
[HB] up=101s lease_ok=true handshake=true disarmed=false renew_age_ms=502 stat={"ioctl_calls":19,"target_hits":9,"clears_ok":0,"clears_fail":0,"restores_ok":0,"kernel_changed":0,"edges_sent":18,"write_fail":0,"discarded":0,"lease_expired":0,"errors":0}
[HB] up=102s lease_ok=true handshake=true disarmed=false renew_age_ms=500 stat={"ioctl_calls":19,"target_hits":9,"clears_ok":0,"clears_fail":0,"restores_ok":0,"kernel_changed":0,"edges_sent":18,"write_fail":0,"discarded":0,"lease_expired":0,"errors":0}
[HB] up=103s lease_ok=true handshake=true disarmed=false renew_age_ms=500 stat={"ioctl_calls":19,"target_hits":9,"clears_ok":0,"clears_fail":0,"restores_ok":0,"kernel_changed":0,"edges_sent":18,"write_fail":0,"discarded":0,"lease_expired":0,"errors":0}
[EDGE] buttons=volume_up raw=t=1790147536558 usages=0x0080 buttons=volume_up n=1
[EDGE] buttons=(释放) reason= raw=t=1790147536693 usages= buttons= n=0
[HB] up=104s lease_ok=true handshake=true disarmed=false renew_age_ms=500 stat={"ioctl_calls":21,"target_hits":10,"clears_ok":0,"clears_fail":0,"restores_ok":0,"kernel_changed":0,"edges_sent":20,"write_fail":0,"discarded":0,"lease_expired":0,"errors":0}
[HB] up=105s lease_ok=true handshake=true disarmed=false renew_age_ms=500 stat={"ioctl_calls":21,"target_hits":10,"clears_ok":0,"clears_fail":0,"restores_ok":0,"kernel_changed":0,"edges_sent":20,"write_fail":0,"discarded":0,"lease_expired":0,"errors":0}
[RENEW] tick=210 state=ok
[EDGE] buttons=volume_down raw=t=1790147538583 usages=0x0081 buttons=volume_down n=1
[EDGE] buttons=(释放) reason= raw=t=1790147538733 usages= buttons= n=0
[HB] up=106s lease_ok=true handshake=true disarmed=false renew_age_ms=501 stat={"ioctl_calls":23,"target_hits":11,"clears_ok":0,"clears_fail":0,"restores_ok":0,"kernel_changed":0,"edges_sent":22,"write_fail":0,"discarded":0,"lease_expired":0,"errors":0}
[HB] up=107s lease_ok=true handshake=true disarmed=false renew_age_ms=500 stat={"ioctl_calls":23,"target_hits":11,"clears_ok":0,"clears_fail":0,"restores_ok":0,"kernel_changed":0,"edges_sent":22,"write_fail":0,"discarded":0,"lease_expired":0,"errors":0}
[EDGE] buttons=back raw=t=1790147540547 usages=0x00F1 buttons=back n=1
[EDGE] buttons=(释放) reason= raw=t=1790147540728 usages= buttons= n=0
[HB] up=108s lease_ok=true handshake=true disarmed=false renew_age_ms=501 stat={"ioctl_calls":25,"target_hits":12,"clears_ok":0,"clears_fail":0,"restores_ok":0,"kernel_changed":0,"edges_sent":24,"write_fail":0,"discarded":0,"lease_expired":0,"errors":0}
[HB] up=109s lease_ok=true handshake=true disarmed=false renew_age_ms=500 stat={"ioctl_calls":25,"target_hits":12,"clears_ok":0,"clears_fail":0,"restores_ok":0,"kernel_changed":0,"edges_sent":24,"write_fail":0,"discarded":0,"lease_expired":0,"errors":0}
[HB] up=110s lease_ok=true handshake=true disarmed=false renew_age_ms=501 stat={"ioctl_calls":25,"target_hits":12,"clears_ok":0,"clears_fail":0,"restores_ok":0,"kernel_changed":0,"edges_sent":24,"write_fail":0,"discarded":0,"lease_expired":0,"errors":0}
[RENEW] tick=220 state=ok
[HB] up=111s lease_ok=true handshake=true disarmed=false renew_age_ms=501 stat={"ioctl_calls":25,"target_hits":12,"clears_ok":0,"clears_fail":0,"restores_ok":0,"kernel_changed":0,"edges_sent":24,"write_fail":0,"discarded":0,"lease_expired":0,"errors":0}
[HB] up=112s lease_ok=true handshake=true disarmed=false renew_age_ms=500 stat={"ioctl_calls":25,"target_hits":12,"clears_ok":0,"clears_fail":0,"restores_ok":0,"kernel_changed":0,"edges_sent":24,"write_fail":0,"discarded":0,"lease_expired":0,"errors":0}
[HB] up=113s lease_ok=true handshake=true disarmed=false renew_age_ms=501 stat={"ioctl_calls":25,"target_hits":12,"clears_ok":0,"clears_fail":0,"restores_ok":0,"kernel_changed":0,"edges_sent":24,"write_fail":0,"discarded":0,"lease_expired":0,"errors":0}
[HB] up=114s lease_ok=true handshake=true disarmed=false renew_age_ms=501 stat={"ioctl_calls":25,"target_hits":12,"clears_ok":0,"clears_fail":0,"restores_ok":0,"kernel_changed":0,"edges_sent":24,"write_fail":0,"discarded":0,"lease_expired":0,"errors":0}
[HB] up=115s lease_ok=true handshake=true disarmed=false renew_age_ms=501 stat={"ioctl_calls":25,"target_hits":12,"clears_ok":0,"clears_fail":0,"restores_ok":0,"kernel_changed":0,"edges_sent":24,"write_fail":0,"discarded":0,"lease_expired":0,"errors":0}
[RENEW] tick=230 state=ok
[HB] up=116s lease_ok=true handshake=true disarmed=false renew_age_ms=501 stat={"ioctl_calls":25,"target_hits":12,"clears_ok":0,"clears_fail":0,"restores_ok":0,"kernel_changed":0,"edges_sent":24,"write_fail":0,"discarded":0,"lease_expired":0,"errors":0}
[HB] up=117s lease_ok=true handshake=true disarmed=false renew_age_ms=501 stat={"ioctl_calls":25,"target_hits":12,"clears_ok":0,"clears_fail":0,"restores_ok":0,"kernel_changed":0,"edges_sent":24,"write_fail":0,"discarded":0,"lease_expired":0,"errors":0}
[HB] up=118s lease_ok=true handshake=true disarmed=false renew_age_ms=501 stat={"ioctl_calls":25,"target_hits":12,"clears_ok":0,"clears_fail":0,"restores_ok":0,"kernel_changed":0,"edges_sent":24,"write_fail":0,"discarded":0,"lease_expired":0,"errors":0}
[HB] up=119s lease_ok=true handshake=true disarmed=false renew_age_ms=500 stat={"ioctl_calls":25,"target_hits":12,"clears_ok":0,"clears_fail":0,"restores_ok":0,"kernel_changed":0,"edges_sent":24,"write_fail":0,"discarded":0,"lease_expired":0,"errors":0}
[HB] up=120s lease_ok=true handshake=true disarmed=false renew_age_ms=500 stat={"ioctl_calls":25,"target_hits":12,"clears_ok":0,"clears_fail":0,"restores_ok":0,"kernel_changed":0,"edges_sent":24,"write_fail":0,"discarded":0,"lease_expired":0,"errors":0}
[RENEW] tick=240 state=ok
[HB] up=121s lease_ok=true handshake=true disarmed=false renew_age_ms=501 stat={"ioctl_calls":25,"target_hits":12,"clears_ok":0,"clears_fail":0,"restores_ok":0,"kernel_changed":0,"edges_sent":24,"write_fail":0,"discarded":0,"lease_expired":0,"errors":0}
[HB] up=122s lease_ok=true handshake=true disarmed=false renew_age_ms=500 stat={"ioctl_calls":25,"target_hits":12,"clears_ok":0,"clears_fail":0,"restores_ok":0,"kernel_changed":0,"edges_sent":24,"write_fail":0,"discarded":0,"lease_expired":0,"errors":0}
[HB] up=123s lease_ok=true handshake=true disarmed=false renew_age_ms=500 stat={"ioctl_calls":25,"target_hits":12,"clears_ok":0,"clears_fail":0,"restores_ok":0,"kernel_changed":0,"edges_sent":24,"write_fail":0,"discarded":0,"lease_expired":0,"errors":0}
[HB] up=124s lease_ok=true handshake=true disarmed=false renew_age_ms=500 stat={"ioctl_calls":25,"target_hits":12,"clears_ok":0,"clears_fail":0,"restores_ok":0,"kernel_changed":0,"edges_sent":24,"write_fail":0,"discarded":0,"lease_expired":0,"errors":0}
[HB] up=125s lease_ok=true handshake=true disarmed=false renew_age_ms=501 stat={"ioctl_calls":25,"target_hits":12,"clears_ok":0,"clears_fail":0,"restores_ok":0,"kernel_changed":0,"edges_sent":24,"write_fail":0,"discarded":0,"lease_expired":0,"errors":0}
[RENEW] tick=250 state=ok
[HB] up=126s lease_ok=true handshake=true disarmed=false renew_age_ms=501 stat={"ioctl_calls":25,"target_hits":12,"clears_ok":0,"clears_fail":0,"restores_ok":0,"kernel_changed":0,"edges_sent":24,"write_fail":0,"discarded":0,"lease_expired":0,"errors":0}
[HB] up=127s lease_ok=true handshake=true disarmed=false renew_age_ms=500 stat={"ioctl_calls":25,"target_hits":12,"clears_ok":0,"clears_fail":0,"restores_ok":0,"kernel_changed":0,"edges_sent":24,"write_fail":0,"discarded":0,"lease_expired":0,"errors":0}
[HB] up=128s lease_ok=true handshake=true disarmed=false renew_age_ms=501 stat={"ioctl_calls":25,"target_hits":12,"clears_ok":0,"clears_fail":0,"restores_ok":0,"kernel_changed":0,"edges_sent":24,"write_fail":0,"discarded":0,"lease_expired":0,"errors":0}
[HB] up=129s lease_ok=true handshake=true disarmed=false renew_age_ms=501 stat={"ioctl_calls":25,"target_hits":12,"clears_ok":0,"clears_fail":0,"restores_ok":0,"kernel_changed":0,"edges_sent":24,"write_fail":0,"discarded":0,"lease_expired":0,"errors":0}
[HB] up=130s lease_ok=true handshake=true disarmed=false renew_age_ms=501 stat={"ioctl_calls":25,"target_hits":12,"clears_ok":0,"clears_fail":0,"restores_ok":0,"kernel_changed":0,"edges_sent":24,"write_fail":0,"discarded":0,"lease_expired":0,"errors":0}
[RENEW] tick=260 state=ok
[HB] up=131s lease_ok=true handshake=true disarmed=false renew_age_ms=501 stat={"ioctl_calls":25,"target_hits":12,"clears_ok":0,"clears_fail":0,"restores_ok":0,"kernel_changed":0,"edges_sent":24,"write_fail":0,"discarded":0,"lease_expired":0,"errors":0}
[HB] up=132s lease_ok=true handshake=true disarmed=false renew_age_ms=500 stat={"ioctl_calls":25,"target_hits":12,"clears_ok":0,"clears_fail":0,"restores_ok":0,"kernel_changed":0,"edges_sent":24,"write_fail":0,"discarded":0,"lease_expired":0,"errors":0}
[HB] up=133s lease_ok=true handshake=true disarmed=false renew_age_ms=501 stat={"ioctl_calls":25,"target_hits":12,"clears_ok":0,"clears_fail":0,"restores_ok":0,"kernel_changed":0,"edges_sent":24,"write_fail":0,"discarded":0,"lease_expired":0,"errors":0}
[HB] up=134s lease_ok=true handshake=true disarmed=false renew_age_ms=501 stat={"ioctl_calls":25,"target_hits":12,"clears_ok":0,"clears_fail":0,"restores_ok":0,"kernel_changed":0,"edges_sent":24,"write_fail":0,"discarded":0,"lease_expired":0,"errors":0}
[HB] up=135s lease_ok=true handshake=true disarmed=false renew_age_ms=500 stat={"ioctl_calls":25,"target_hits":12,"clears_ok":0,"clears_fail":0,"restores_ok":0,"kernel_changed":0,"edges_sent":24,"write_fail":0,"discarded":0,"lease_expired":0,"errors":0}
[RENEW] tick=270 state=ok
[HB] up=136s lease_ok=true handshake=true disarmed=false renew_age_ms=501 stat={"ioctl_calls":25,"target_hits":12,"clears_ok":0,"clears_fail":0,"restores_ok":0,"kernel_changed":0,"edges_sent":24,"write_fail":0,"discarded":0,"lease_expired":0,"errors":0}
[HB] up=137s lease_ok=true handshake=true disarmed=false renew_age_ms=501 stat={"ioctl_calls":25,"target_hits":12,"clears_ok":0,"clears_fail":0,"restores_ok":0,"kernel_changed":0,"edges_sent":24,"write_fail":0,"discarded":0,"lease_expired":0,"errors":0}
[HB] up=138s lease_ok=true handshake=true disarmed=false renew_age_ms=501 stat={"ioctl_calls":25,"target_hits":12,"clears_ok":0,"clears_fail":0,"restores_ok":0,"kernel_changed":0,"edges_sent":24,"write_fail":0,"discarded":0,"lease_expired":0,"errors":0}
[HB] up=139s lease_ok=true handshake=true disarmed=false renew_age_ms=501 stat={"ioctl_calls":25,"target_hits":12,"clears_ok":0,"clears_fail":0,"restores_ok":0,"kernel_changed":0,"edges_sent":24,"write_fail":0,"discarded":0,"lease_expired":0,"errors":0}
[HB] up=140s lease_ok=true handshake=true disarmed=false renew_age_ms=501 stat={"ioctl_calls":25,"target_hits":12,"clears_ok":0,"clears_fail":0,"restores_ok":0,"kernel_changed":0,"edges_sent":24,"write_fail":0,"discarded":0,"lease_expired":0,"errors":0}
[RENEW] tick=280 state=ok
[HB] up=141s lease_ok=true handshake=true disarmed=false renew_age_ms=501 stat={"ioctl_calls":25,"target_hits":12,"clears_ok":0,"clears_fail":0,"restores_ok":0,"kernel_changed":0,"edges_sent":24,"write_fail":0,"discarded":0,"lease_expired":0,"errors":0}
[HB] up=142s lease_ok=true handshake=true disarmed=false renew_age_ms=501 stat={"ioctl_calls":25,"target_hits":12,"clears_ok":0,"clears_fail":0,"restores_ok":0,"kernel_changed":0,"edges_sent":24,"write_fail":0,"discarded":0,"lease_expired":0,"errors":0}
[HB] up=143s lease_ok=true handshake=true disarmed=false renew_age_ms=499 stat={"ioctl_calls":25,"target_hits":12,"clears_ok":0,"clears_fail":0,"restores_ok":0,"kernel_changed":0,"edges_sent":24,"write_fail":0,"discarded":0,"lease_expired":0,"errors":0}
[HB] up=144s lease_ok=true handshake=true disarmed=false renew_age_ms=500 stat={"ioctl_calls":25,"target_hits":12,"clears_ok":0,"clears_fail":0,"restores_ok":0,"kernel_changed":0,"edges_sent":24,"write_fail":0,"discarded":0,"lease_expired":0,"errors":0}
[HB] up=145s lease_ok=true handshake=true disarmed=false renew_age_ms=500 stat={"ioctl_calls":25,"target_hits":12,"clears_ok":0,"clears_fail":0,"restores_ok":0,"kernel_changed":0,"edges_sent":24,"write_fail":0,"discarded":0,"lease_expired":0,"errors":0}
[RENEW] tick=290 state=ok
[HB] up=146s lease_ok=true handshake=true disarmed=false renew_age_ms=502 stat={"ioctl_calls":25,"target_hits":12,"clears_ok":0,"clears_fail":0,"restores_ok":0,"kernel_changed":0,"edges_sent":24,"write_fail":0,"discarded":0,"lease_expired":0,"errors":0}
[HB] up=147s lease_ok=true handshake=true disarmed=false renew_age_ms=501 stat={"ioctl_calls":25,"target_hits":12,"clears_ok":0,"clears_fail":0,"restores_ok":0,"kernel_changed":0,"edges_sent":24,"write_fail":0,"discarded":0,"lease_expired":0,"errors":0}
[HB] up=148s lease_ok=true handshake=true disarmed=false renew_age_ms=501 stat={"ioctl_calls":25,"target_hits":12,"clears_ok":0,"clears_fail":0,"restores_ok":0,"kernel_changed":0,"edges_sent":24,"write_fail":0,"discarded":0,"lease_expired":0,"errors":0}
[HB] up=149s lease_ok=true handshake=true disarmed=false renew_age_ms=501 stat={"ioctl_calls":25,"target_hits":12,"clears_ok":0,"clears_fail":0,"restores_ok":0,"kernel_changed":0,"edges_sent":24,"write_fail":0,"discarded":0,"lease_expired":0,"errors":0}
[HB] up=150s lease_ok=true handshake=true disarmed=false renew_age_ms=501 stat={"ioctl_calls":25,"target_hits":12,"clears_ok":0,"clears_fail":0,"restores_ok":0,"kernel_changed":0,"edges_sent":24,"write_fail":0,"discarded":0,"lease_expired":0,"errors":0}
[RENEW] tick=300 state=ok
[HB] up=151s lease_ok=true handshake=true disarmed=false renew_age_ms=501 stat={"ioctl_calls":25,"target_hits":12,"clears_ok":0,"clears_fail":0,"restores_ok":0,"kernel_changed":0,"edges_sent":24,"write_fail":0,"discarded":0,"lease_expired":0,"errors":0}
[HB] up=152s lease_ok=true handshake=true disarmed=false renew_age_ms=500 stat={"ioctl_calls":25,"target_hits":12,"clears_ok":0,"clears_fail":0,"restores_ok":0,"kernel_changed":0,"edges_sent":24,"write_fail":0,"discarded":0,"lease_expired":0,"errors":0}
[HB] up=153s lease_ok=true handshake=true disarmed=false renew_age_ms=500 stat={"ioctl_calls":25,"target_hits":12,"clears_ok":0,"clears_fail":0,"restores_ok":0,"kernel_changed":0,"edges_sent":24,"write_fail":0,"discarded":0,"lease_expired":0,"errors":0}
[HB] up=154s lease_ok=true handshake=true disarmed=false renew_age_ms=501 stat={"ioctl_calls":25,"target_hits":12,"clears_ok":0,"clears_fail":0,"restores_ok":0,"kernel_changed":0,"edges_sent":24,"write_fail":0,"discarded":0,"lease_expired":0,"errors":0}
[HB] up=155s lease_ok=true handshake=true disarmed=false renew_age_ms=500 stat={"ioctl_calls":25,"target_hits":12,"clears_ok":0,"clears_fail":0,"restores_ok":0,"kernel_changed":0,"edges_sent":24,"write_fail":0,"discarded":0,"lease_expired":0,"errors":0}
[RENEW] tick=310 state=ok
[HB] up=156s lease_ok=true handshake=true disarmed=false renew_age_ms=501 stat={"ioctl_calls":25,"target_hits":12,"clears_ok":0,"clears_fail":0,"restores_ok":0,"kernel_changed":0,"edges_sent":24,"write_fail":0,"discarded":0,"lease_expired":0,"errors":0}
[HB] up=157s lease_ok=true handshake=true disarmed=false renew_age_ms=500 stat={"ioctl_calls":27,"target_hits":12,"clears_ok":0,"clears_fail":0,"restores_ok":0,"kernel_changed":0,"edges_sent":24,"write_fail":0,"discarded":0,"lease_expired":0,"errors":0}
[HB] up=158s lease_ok=true handshake=true disarmed=false renew_age_ms=500 stat={"ioctl_calls":27,"target_hits":12,"clears_ok":0,"clears_fail":0,"restores_ok":0,"kernel_changed":0,"edges_sent":24,"write_fail":0,"discarded":0,"lease_expired":0,"errors":0}
[HB] up=159s lease_ok=true handshake=true disarmed=false renew_age_ms=500 stat={"ioctl_calls":28,"target_hits":12,"clears_ok":0,"clears_fail":0,"restores_ok":0,"kernel_changed":0,"edges_sent":24,"write_fail":0,"discarded":0,"lease_expired":0,"errors":0}
[HB] up=160s lease_ok=true handshake=true disarmed=false renew_age_ms=501 stat={"ioctl_calls":30,"target_hits":12,"clears_ok":0,"clears_fail":0,"restores_ok":0,"kernel_changed":0,"edges_sent":24,"write_fail":0,"discarded":0,"lease_expired":0,"errors":0}
[RENEW] tick=320 state=ok
[HB] up=161s lease_ok=true handshake=true disarmed=false renew_age_ms=501 stat={"ioctl_calls":31,"target_hits":12,"clears_ok":0,"clears_fail":0,"restores_ok":0,"kernel_changed":0,"edges_sent":24,"write_fail":0,"discarded":0,"lease_expired":0,"errors":0}
[HB] up=162s lease_ok=true handshake=true disarmed=false renew_age_ms=501 stat={"ioctl_calls":31,"target_hits":12,"clears_ok":0,"clears_fail":0,"restores_ok":0,"kernel_changed":0,"edges_sent":24,"write_fail":0,"discarded":0,"lease_expired":0,"errors":0}
[HB] up=163s lease_ok=true handshake=true disarmed=false renew_age_ms=501 stat={"ioctl_calls":32,"target_hits":12,"clears_ok":0,"clears_fail":0,"restores_ok":0,"kernel_changed":0,"edges_sent":24,"write_fail":0,"discarded":0,"lease_expired":0,"errors":0}
[HB] up=164s lease_ok=true handshake=true disarmed=false renew_age_ms=500 stat={"ioctl_calls":32,"target_hits":12,"clears_ok":0,"clears_fail":0,"restores_ok":0,"kernel_changed":0,"edges_sent":24,"write_fail":0,"discarded":0,"lease_expired":0,"errors":0}
[HB] up=165s lease_ok=true handshake=true disarmed=false renew_age_ms=501 stat={"ioctl_calls":32,"target_hits":12,"clears_ok":0,"clears_fail":0,"restores_ok":0,"kernel_changed":0,"edges_sent":24,"write_fail":0,"discarded":0,"lease_expired":0,"errors":0}
[RENEW] tick=330 state=ok
[HB] up=166s lease_ok=true handshake=true disarmed=false renew_age_ms=499 stat={"ioctl_calls":32,"target_hits":12,"clears_ok":0,"clears_fail":0,"restores_ok":0,"kernel_changed":0,"edges_sent":24,"write_fail":0,"discarded":0,"lease_expired":0,"errors":0}
[HB] up=167s lease_ok=true handshake=true disarmed=false renew_age_ms=500 stat={"ioctl_calls":32,"target_hits":12,"clears_ok":0,"clears_fail":0,"restores_ok":0,"kernel_changed":0,"edges_sent":24,"write_fail":0,"discarded":0,"lease_expired":0,"errors":0}
[HB] up=168s lease_ok=true handshake=true disarmed=false renew_age_ms=501 stat={"ioctl_calls":32,"target_hits":12,"clears_ok":0,"clears_fail":0,"restores_ok":0,"kernel_changed":0,"edges_sent":24,"write_fail":0,"discarded":0,"lease_expired":0,"errors":0}
[HB] up=169s lease_ok=true handshake=true disarmed=false renew_age_ms=500 stat={"ioctl_calls":32,"target_hits":12,"clears_ok":0,"clears_fail":0,"restores_ok":0,"kernel_changed":0,"edges_sent":24,"write_fail":0,"discarded":0,"lease_expired":0,"errors":0}
[HB] up=170s lease_ok=true handshake=true disarmed=false renew_age_ms=500 stat={"ioctl_calls":32,"target_hits":12,"clears_ok":0,"clears_fail":0,"restores_ok":0,"kernel_changed":0,"edges_sent":24,"write_fail":0,"discarded":0,"lease_expired":0,"errors":0}
[RENEW] tick=340 state=ok
[HB] up=171s lease_ok=true handshake=true disarmed=false renew_age_ms=500 stat={"ioctl_calls":32,"target_hits":12,"clears_ok":0,"clears_fail":0,"restores_ok":0,"kernel_changed":0,"edges_sent":24,"write_fail":0,"discarded":0,"lease_expired":0,"errors":0}
[HB] up=172s lease_ok=true handshake=true disarmed=false renew_age_ms=501 stat={"ioctl_calls":32,"target_hits":12,"clears_ok":0,"clears_fail":0,"restores_ok":0,"kernel_changed":0,"edges_sent":24,"write_fail":0,"discarded":0,"lease_expired":0,"errors":0}
[HB] up=173s lease_ok=true handshake=true disarmed=false renew_age_ms=500 stat={"ioctl_calls":32,"target_hits":12,"clears_ok":0,"clears_fail":0,"restores_ok":0,"kernel_changed":0,"edges_sent":24,"write_fail":0,"discarded":0,"lease_expired":0,"errors":0}
[HB] up=174s lease_ok=true handshake=true disarmed=false renew_age_ms=500 stat={"ioctl_calls":32,"target_hits":12,"clears_ok":0,"clears_fail":0,"restores_ok":0,"kernel_changed":0,"edges_sent":24,"write_fail":0,"discarded":0,"lease_expired":0,"errors":0}
[HB] up=175s lease_ok=true handshake=true disarmed=false renew_age_ms=500 stat={"ioctl_calls":32,"target_hits":12,"clears_ok":0,"clears_fail":0,"restores_ok":0,"kernel_changed":0,"edges_sent":24,"write_fail":0,"discarded":0,"lease_expired":0,"errors":0}
[RENEW] tick=350 state=ok
[HB] up=176s lease_ok=true handshake=true disarmed=false renew_age_ms=502 stat={"ioctl_calls":32,"target_hits":12,"clears_ok":0,"clears_fail":0,"restores_ok":0,"kernel_changed":0,"edges_sent":24,"write_fail":0,"discarded":0,"lease_expired":0,"errors":0}
[HB] up=177s lease_ok=true handshake=true disarmed=false renew_age_ms=501 stat={"ioctl_calls":32,"target_hits":12,"clears_ok":0,"clears_fail":0,"restores_ok":0,"kernel_changed":0,"edges_sent":24,"write_fail":0,"discarded":0,"lease_expired":0,"errors":0}
[HB] up=178s lease_ok=true handshake=true disarmed=false renew_age_ms=500 stat={"ioctl_calls":32,"target_hits":12,"clears_ok":0,"clears_fail":0,"restores_ok":0,"kernel_changed":0,"edges_sent":24,"write_fail":0,"discarded":0,"lease_expired":0,"errors":0}
[HB] up=179s lease_ok=true handshake=true disarmed=false renew_age_ms=500 stat={"ioctl_calls":32,"target_hits":12,"clears_ok":0,"clears_fail":0,"restores_ok":0,"kernel_changed":0,"edges_sent":24,"write_fail":0,"discarded":0,"lease_expired":0,"errors":0}
[HB] up=180s lease_ok=true handshake=true disarmed=false renew_age_ms=500 stat={"ioctl_calls":32,"target_hits":12,"clears_ok":0,"clears_fail":0,"restores_ok":0,"kernel_changed":0,"edges_sent":24,"write_fail":0,"discarded":0,"lease_expired":0,"errors":0}
[RENEW] tick=360 state=ok
[HB] up=181s lease_ok=true handshake=true disarmed=false renew_age_ms=501 stat={"ioctl_calls":32,"target_hits":12,"clears_ok":0,"clears_fail":0,"restores_ok":0,"kernel_changed":0,"edges_sent":24,"write_fail":0,"discarded":0,"lease_expired":0,"errors":0}
[HB] up=182s lease_ok=true handshake=true disarmed=false renew_age_ms=501 stat={"ioctl_calls":32,"target_hits":12,"clears_ok":0,"clears_fail":0,"restores_ok":0,"kernel_changed":0,"edges_sent":24,"write_fail":0,"discarded":0,"lease_expired":0,"errors":0}
[HB] up=183s lease_ok=true handshake=true disarmed=false renew_age_ms=501 stat={"ioctl_calls":32,"target_hits":12,"clears_ok":0,"clears_fail":0,"restores_ok":0,"kernel_changed":0,"edges_sent":24,"write_fail":0,"discarded":0,"lease_expired":0,"errors":0}
[HB] up=184s lease_ok=true handshake=true disarmed=false renew_age_ms=501 stat={"ioctl_calls":32,"target_hits":12,"clears_ok":0,"clears_fail":0,"restores_ok":0,"kernel_changed":0,"edges_sent":24,"write_fail":0,"discarded":0,"lease_expired":0,"errors":0}
[HB] up=185s lease_ok=true handshake=true disarmed=false renew_age_ms=501 stat={"ioctl_calls":32,"target_hits":12,"clears_ok":0,"clears_fail":0,"restores_ok":0,"kernel_changed":0,"edges_sent":24,"write_fail":0,"discarded":0,"lease_expired":0,"errors":0}
[RENEW] tick=370 state=ok
[HB] up=186s lease_ok=true handshake=true disarmed=false renew_age_ms=501 stat={"ioctl_calls":32,"target_hits":12,"clears_ok":0,"clears_fail":0,"restores_ok":0,"kernel_changed":0,"edges_sent":24,"write_fail":0,"discarded":0,"lease_expired":0,"errors":0}
[HB] up=187s lease_ok=true handshake=true disarmed=false renew_age_ms=500 stat={"ioctl_calls":32,"target_hits":12,"clears_ok":0,"clears_fail":0,"restores_ok":0,"kernel_changed":0,"edges_sent":24,"write_fail":0,"discarded":0,"lease_expired":0,"errors":0}
[HB] up=188s lease_ok=true handshake=true disarmed=false renew_age_ms=500 stat={"ioctl_calls":32,"target_hits":12,"clears_ok":0,"clears_fail":0,"restores_ok":0,"kernel_changed":0,"edges_sent":24,"write_fail":0,"discarded":0,"lease_expired":0,"errors":0}
[HB] up=189s lease_ok=true handshake=true disarmed=false renew_age_ms=500 stat={"ioctl_calls":32,"target_hits":12,"clears_ok":0,"clears_fail":0,"restores_ok":0,"kernel_changed":0,"edges_sent":24,"write_fail":0,"discarded":0,"lease_expired":0,"errors":0}
[HB] up=190s lease_ok=true handshake=true disarmed=false renew_age_ms=501 stat={"ioctl_calls":32,"target_hits":12,"clears_ok":0,"clears_fail":0,"restores_ok":0,"kernel_changed":0,"edges_sent":24,"write_fail":0,"discarded":0,"lease_expired":0,"errors":0}
[RENEW] tick=380 state=ok
[HB] up=191s lease_ok=true handshake=true disarmed=false renew_age_ms=500 stat={"ioctl_calls":32,"target_hits":12,"clears_ok":0,"clears_fail":0,"restores_ok":0,"kernel_changed":0,"edges_sent":24,"write_fail":0,"discarded":0,"lease_expired":0,"errors":0}
[HB] up=192s lease_ok=true handshake=true disarmed=false renew_age_ms=500 stat={"ioctl_calls":32,"target_hits":12,"clears_ok":0,"clears_fail":0,"restores_ok":0,"kernel_changed":0,"edges_sent":24,"write_fail":0,"discarded":0,"lease_expired":0,"errors":0}
[HB] up=193s lease_ok=true handshake=true disarmed=false renew_age_ms=500 stat={"ioctl_calls":32,"target_hits":12,"clears_ok":0,"clears_fail":0,"restores_ok":0,"kernel_changed":0,"edges_sent":24,"write_fail":0,"discarded":0,"lease_expired":0,"errors":0}
[HB] up=194s lease_ok=true handshake=true disarmed=false renew_age_ms=500 stat={"ioctl_calls":32,"target_hits":12,"clears_ok":0,"clears_fail":0,"restores_ok":0,"kernel_changed":0,"edges_sent":24,"write_fail":0,"discarded":0,"lease_expired":0,"errors":0}
[HB] up=195s lease_ok=true handshake=true disarmed=false renew_age_ms=500 stat={"ioctl_calls":32,"target_hits":12,"clears_ok":0,"clears_fail":0,"restores_ok":0,"kernel_changed":0,"edges_sent":24,"write_fail":0,"discarded":0,"lease_expired":0,"errors":0}
[RENEW] tick=390 state=ok
[HB] up=196s lease_ok=true handshake=true disarmed=false renew_age_ms=501 stat={"ioctl_calls":32,"target_hits":12,"clears_ok":0,"clears_fail":0,"restores_ok":0,"kernel_changed":0,"edges_sent":24,"write_fail":0,"discarded":0,"lease_expired":0,"errors":0}
[HB] up=197s lease_ok=true handshake=true disarmed=false renew_age_ms=501 stat={"ioctl_calls":32,"target_hits":12,"clears_ok":0,"clears_fail":0,"restores_ok":0,"kernel_changed":0,"edges_sent":24,"write_fail":0,"discarded":0,"lease_expired":0,"errors":0}
[HB] up=198s lease_ok=true handshake=true disarmed=false renew_age_ms=501 stat={"ioctl_calls":32,"target_hits":12,"clears_ok":0,"clears_fail":0,"restores_ok":0,"kernel_changed":0,"edges_sent":24,"write_fail":0,"discarded":0,"lease_expired":0,"errors":0}
[HB] up=199s lease_ok=true handshake=true disarmed=false renew_age_ms=500 stat={"ioctl_calls":32,"target_hits":12,"clears_ok":0,"clears_fail":0,"restores_ok":0,"kernel_changed":0,"edges_sent":24,"write_fail":0,"discarded":0,"lease_expired":0,"errors":0}
[HB] up=200s lease_ok=true handshake=true disarmed=false renew_age_ms=500 stat={"ioctl_calls":32,"target_hits":12,"clears_ok":0,"clears_fail":0,"restores_ok":0,"kernel_changed":0,"edges_sent":24,"write_fail":0,"discarded":0,"lease_expired":0,"errors":0}
[RENEW] tick=400 state=ok
[HB] up=201s lease_ok=true handshake=true disarmed=false renew_age_ms=500 stat={"ioctl_calls":32,"target_hits":12,"clears_ok":0,"clears_fail":0,"restores_ok":0,"kernel_changed":0,"edges_sent":24,"write_fail":0,"discarded":0,"lease_expired":0,"errors":0}
[HB] up=202s lease_ok=true handshake=true disarmed=false renew_age_ms=500 stat={"ioctl_calls":32,"target_hits":12,"clears_ok":0,"clears_fail":0,"restores_ok":0,"kernel_changed":0,"edges_sent":24,"write_fail":0,"discarded":0,"lease_expired":0,"errors":0}
[HB] up=203s lease_ok=true handshake=true disarmed=false renew_age_ms=501 stat={"ioctl_calls":32,"target_hits":12,"clears_ok":0,"clears_fail":0,"restores_ok":0,"kernel_changed":0,"edges_sent":24,"write_fail":0,"discarded":0,"lease_expired":0,"errors":0}
[HB] up=204s lease_ok=true handshake=true disarmed=false renew_age_ms=501 stat={"ioctl_calls":32,"target_hits":12,"clears_ok":0,"clears_fail":0,"restores_ok":0,"kernel_changed":0,"edges_sent":24,"write_fail":0,"discarded":0,"lease_expired":0,"errors":0}
[HB] up=205s lease_ok=true handshake=true disarmed=false renew_age_ms=501 stat={"ioctl_calls":32,"target_hits":12,"clears_ok":0,"clears_fail":0,"restores_ok":0,"kernel_changed":0,"edges_sent":24,"write_fail":0,"discarded":0,"lease_expired":0,"errors":0}
[RENEW] tick=410 state=ok
[HB] up=206s lease_ok=true handshake=true disarmed=false renew_age_ms=502 stat={"ioctl_calls":32,"target_hits":12,"clears_ok":0,"clears_fail":0,"restores_ok":0,"kernel_changed":0,"edges_sent":24,"write_fail":0,"discarded":0,"lease_expired":0,"errors":0}
[HB] up=207s lease_ok=true handshake=true disarmed=false renew_age_ms=501 stat={"ioctl_calls":32,"target_hits":12,"clears_ok":0,"clears_fail":0,"restores_ok":0,"kernel_changed":0,"edges_sent":24,"write_fail":0,"discarded":0,"lease_expired":0,"errors":0}
[HB] up=208s lease_ok=true handshake=true disarmed=false renew_age_ms=500 stat={"ioctl_calls":32,"target_hits":12,"clears_ok":0,"clears_fail":0,"restores_ok":0,"kernel_changed":0,"edges_sent":24,"write_fail":0,"discarded":0,"lease_expired":0,"errors":0}
[HB] up=209s lease_ok=true handshake=true disarmed=false renew_age_ms=501 stat={"ioctl_calls":32,"target_hits":12,"clears_ok":0,"clears_fail":0,"restores_ok":0,"kernel_changed":0,"edges_sent":24,"write_fail":0,"discarded":0,"lease_expired":0,"errors":0}
[HB] up=210s lease_ok=true handshake=true disarmed=false renew_age_ms=501 stat={"ioctl_calls":32,"target_hits":12,"clears_ok":0,"clears_fail":0,"restores_ok":0,"kernel_changed":0,"edges_sent":24,"write_fail":0,"discarded":0,"lease_expired":0,"errors":0}
[RENEW] tick=420 state=ok
[HB] up=211s lease_ok=true handshake=true disarmed=false renew_age_ms=501 stat={"ioctl_calls":32,"target_hits":12,"clears_ok":0,"clears_fail":0,"restores_ok":0,"kernel_changed":0,"edges_sent":24,"write_fail":0,"discarded":0,"lease_expired":0,"errors":0}
[HB] up=212s lease_ok=true handshake=true disarmed=false renew_age_ms=501 stat={"ioctl_calls":32,"target_hits":12,"clears_ok":0,"clears_fail":0,"restores_ok":0,"kernel_changed":0,"edges_sent":24,"write_fail":0,"discarded":0,"lease_expired":0,"errors":0}
[HB] up=213s lease_ok=true handshake=true disarmed=false renew_age_ms=501 stat={"ioctl_calls":32,"target_hits":12,"clears_ok":0,"clears_fail":0,"restores_ok":0,"kernel_changed":0,"edges_sent":24,"write_fail":0,"discarded":0,"lease_expired":0,"errors":0}
[HB] up=214s lease_ok=true handshake=true disarmed=false renew_age_ms=500 stat={"ioctl_calls":32,"target_hits":12,"clears_ok":0,"clears_fail":0,"restores_ok":0,"kernel_changed":0,"edges_sent":24,"write_fail":0,"discarded":0,"lease_expired":0,"errors":0}
[HB] up=215s lease_ok=true handshake=true disarmed=false renew_age_ms=500 stat={"ioctl_calls":32,"target_hits":12,"clears_ok":0,"clears_fail":0,"restores_ok":0,"kernel_changed":0,"edges_sent":24,"write_fail":0,"discarded":0,"lease_expired":0,"errors":0}
[RENEW] tick=430 state=ok
[HB] up=216s lease_ok=true handshake=true disarmed=false renew_age_ms=501 stat={"ioctl_calls":32,"target_hits":12,"clears_ok":0,"clears_fail":0,"restores_ok":0,"kernel_changed":0,"edges_sent":24,"write_fail":0,"discarded":0,"lease_expired":0,"errors":0}
[HB] up=217s lease_ok=true handshake=true disarmed=false renew_age_ms=500 stat={"ioctl_calls":32,"target_hits":12,"clears_ok":0,"clears_fail":0,"restores_ok":0,"kernel_changed":0,"edges_sent":24,"write_fail":0,"discarded":0,"lease_expired":0,"errors":0}
[HB] up=218s lease_ok=true handshake=true disarmed=false renew_age_ms=501 stat={"ioctl_calls":32,"target_hits":12,"clears_ok":0,"clears_fail":0,"restores_ok":0,"kernel_changed":0,"edges_sent":24,"write_fail":0,"discarded":0,"lease_expired":0,"errors":0}
[HB] up=219s lease_ok=true handshake=true disarmed=false renew_age_ms=501 stat={"ioctl_calls":32,"target_hits":12,"clears_ok":0,"clears_fail":0,"restores_ok":0,"kernel_changed":0,"edges_sent":24,"write_fail":0,"discarded":0,"lease_expired":0,"errors":0}
[HB] up=220s lease_ok=true handshake=true disarmed=false renew_age_ms=501 stat={"ioctl_calls":32,"target_hits":12,"clears_ok":0,"clears_fail":0,"restores_ok":0,"kernel_changed":0,"edges_sent":24,"write_fail":0,"discarded":0,"lease_expired":0,"errors":0}
[RENEW] tick=440 state=ok
[HB] up=221s lease_ok=true handshake=true disarmed=false renew_age_ms=502 stat={"ioctl_calls":32,"target_hits":12,"clears_ok":0,"clears_fail":0,"restores_ok":0,"kernel_changed":0,"edges_sent":24,"write_fail":0,"discarded":0,"lease_expired":0,"errors":0}
[HB] up=222s lease_ok=true handshake=true disarmed=false renew_age_ms=500 stat={"ioctl_calls":32,"target_hits":12,"clears_ok":0,"clears_fail":0,"restores_ok":0,"kernel_changed":0,"edges_sent":24,"write_fail":0,"discarded":0,"lease_expired":0,"errors":0}
[HB] up=223s lease_ok=true handshake=true disarmed=false renew_age_ms=500 stat={"ioctl_calls":32,"target_hits":12,"clears_ok":0,"clears_fail":0,"restores_ok":0,"kernel_changed":0,"edges_sent":24,"write_fail":0,"discarded":0,"lease_expired":0,"errors":0}
[HB] up=224s lease_ok=true handshake=true disarmed=false renew_age_ms=500 stat={"ioctl_calls":32,"target_hits":12,"clears_ok":0,"clears_fail":0,"restores_ok":0,"kernel_changed":0,"edges_sent":24,"write_fail":0,"discarded":0,"lease_expired":0,"errors":0}
[HB] up=225s lease_ok=true handshake=true disarmed=false renew_age_ms=500 stat={"ioctl_calls":32,"target_hits":12,"clears_ok":0,"clears_fail":0,"restores_ok":0,"kernel_changed":0,"edges_sent":24,"write_fail":0,"discarded":0,"lease_expired":0,"errors":0}
[RENEW] tick=450 state=ok
[HB] up=226s lease_ok=true handshake=true disarmed=false renew_age_ms=501 stat={"ioctl_calls":32,"target_hits":12,"clears_ok":0,"clears_fail":0,"restores_ok":0,"kernel_changed":0,"edges_sent":24,"write_fail":0,"discarded":0,"lease_expired":0,"errors":0}
[HB] up=227s lease_ok=true handshake=true disarmed=false renew_age_ms=500 stat={"ioctl_calls":32,"target_hits":12,"clears_ok":0,"clears_fail":0,"restores_ok":0,"kernel_changed":0,"edges_sent":24,"write_fail":0,"discarded":0,"lease_expired":0,"errors":0}
[HB] up=228s lease_ok=true handshake=true disarmed=false renew_age_ms=500 stat={"ioctl_calls":32,"target_hits":12,"clears_ok":0,"clears_fail":0,"restores_ok":0,"kernel_changed":0,"edges_sent":24,"write_fail":0,"discarded":0,"lease_expired":0,"errors":0}
[HB] up=229s lease_ok=true handshake=true disarmed=false renew_age_ms=501 stat={"ioctl_calls":32,"target_hits":12,"clears_ok":0,"clears_fail":0,"restores_ok":0,"kernel_changed":0,"edges_sent":24,"write_fail":0,"discarded":0,"lease_expired":0,"errors":0}
[HB] up=230s lease_ok=true handshake=true disarmed=false renew_age_ms=501 stat={"ioctl_calls":32,"target_hits":12,"clears_ok":0,"clears_fail":0,"restores_ok":0,"kernel_changed":0,"edges_sent":24,"write_fail":0,"discarded":0,"lease_expired":0,"errors":0}
[RENEW] tick=460 state=ok
[HB] up=231s lease_ok=true handshake=true disarmed=false renew_age_ms=502 stat={"ioctl_calls":32,"target_hits":12,"clears_ok":0,"clears_fail":0,"restores_ok":0,"kernel_changed":0,"edges_sent":24,"write_fail":0,"discarded":0,"lease_expired":0,"errors":0}
[HB] up=232s lease_ok=true handshake=true disarmed=false renew_age_ms=501 stat={"ioctl_calls":32,"target_hits":12,"clears_ok":0,"clears_fail":0,"restores_ok":0,"kernel_changed":0,"edges_sent":24,"write_fail":0,"discarded":0,"lease_expired":0,"errors":0}
[HB] up=233s lease_ok=true handshake=true disarmed=false renew_age_ms=500 stat={"ioctl_calls":32,"target_hits":12,"clears_ok":0,"clears_fail":0,"restores_ok":0,"kernel_changed":0,"edges_sent":24,"write_fail":0,"discarded":0,"lease_expired":0,"errors":0}
[HB] up=234s lease_ok=true handshake=true disarmed=false renew_age_ms=501 stat={"ioctl_calls":32,"target_hits":12,"clears_ok":0,"clears_fail":0,"restores_ok":0,"kernel_changed":0,"edges_sent":24,"write_fail":0,"discarded":0,"lease_expired":0,"errors":0}
[HB] up=235s lease_ok=true handshake=true disarmed=false renew_age_ms=501 stat={"ioctl_calls":32,"target_hits":12,"clears_ok":0,"clears_fail":0,"restores_ok":0,"kernel_changed":0,"edges_sent":24,"write_fail":0,"discarded":0,"lease_expired":0,"errors":0}
[RENEW] tick=470 state=ok
[HB] up=236s lease_ok=true handshake=true disarmed=false renew_age_ms=501 stat={"ioctl_calls":32,"target_hits":12,"clears_ok":0,"clears_fail":0,"restores_ok":0,"kernel_changed":0,"edges_sent":24,"write_fail":0,"discarded":0,"lease_expired":0,"errors":0}
[HB] up=237s lease_ok=true handshake=true disarmed=false renew_age_ms=500 stat={"ioctl_calls":32,"target_hits":12,"clears_ok":0,"clears_fail":0,"restores_ok":0,"kernel_changed":0,"edges_sent":24,"write_fail":0,"discarded":0,"lease_expired":0,"errors":0}
[HB] up=238s lease_ok=true handshake=true disarmed=false renew_age_ms=501 stat={"ioctl_calls":32,"target_hits":12,"clears_ok":0,"clears_fail":0,"restores_ok":0,"kernel_changed":0,"edges_sent":24,"write_fail":0,"discarded":0,"lease_expired":0,"errors":0}
[HB] up=239s lease_ok=true handshake=true disarmed=false renew_age_ms=500 stat={"ioctl_calls":32,"target_hits":12,"clears_ok":0,"clears_fail":0,"restores_ok":0,"kernel_changed":0,"edges_sent":24,"write_fail":0,"discarded":0,"lease_expired":0,"errors":0}
[HB] up=240s lease_ok=true handshake=true disarmed=false renew_age_ms=500 stat={"ioctl_calls":32,"target_hits":12,"clears_ok":0,"clears_fail":0,"restores_ok":0,"kernel_changed":0,"edges_sent":24,"write_fail":0,"discarded":0,"lease_expired":0,"errors":0}
[RENEW] tick=480 state=ok
[HB] up=241s lease_ok=true handshake=true disarmed=false renew_age_ms=501 stat={"ioctl_calls":32,"target_hits":12,"clears_ok":0,"clears_fail":0,"restores_ok":0,"kernel_changed":0,"edges_sent":24,"write_fail":0,"discarded":0,"lease_expired":0,"errors":0}
[HB] up=242s lease_ok=true handshake=true disarmed=false renew_age_ms=500 stat={"ioctl_calls":32,"target_hits":12,"clears_ok":0,"clears_fail":0,"restores_ok":0,"kernel_changed":0,"edges_sent":24,"write_fail":0,"discarded":0,"lease_expired":0,"errors":0}
[HB] up=243s lease_ok=true handshake=true disarmed=false renew_age_ms=501 stat={"ioctl_calls":32,"target_hits":12,"clears_ok":0,"clears_fail":0,"restores_ok":0,"kernel_changed":0,"edges_sent":24,"write_fail":0,"discarded":0,"lease_expired":0,"errors":0}
[HB] up=244s lease_ok=true handshake=true disarmed=false renew_age_ms=501 stat={"ioctl_calls":32,"target_hits":12,"clears_ok":0,"clears_fail":0,"restores_ok":0,"kernel_changed":0,"edges_sent":24,"write_fail":0,"discarded":0,"lease_expired":0,"errors":0}
[HB] up=245s lease_ok=true handshake=true disarmed=false renew_age_ms=501 stat={"ioctl_calls":32,"target_hits":12,"clears_ok":0,"clears_fail":0,"restores_ok":0,"kernel_changed":0,"edges_sent":24,"write_fail":0,"discarded":0,"lease_expired":0,"errors":0}
[RENEW] tick=490 state=ok
[HB] up=246s lease_ok=true handshake=true disarmed=false renew_age_ms=501 stat={"ioctl_calls":32,"target_hits":12,"clears_ok":0,"clears_fail":0,"restores_ok":0,"kernel_changed":0,"edges_sent":24,"write_fail":0,"discarded":0,"lease_expired":0,"errors":0}
[HB] up=247s lease_ok=true handshake=true disarmed=false renew_age_ms=501 stat={"ioctl_calls":32,"target_hits":12,"clears_ok":0,"clears_fail":0,"restores_ok":0,"kernel_changed":0,"edges_sent":24,"write_fail":0,"discarded":0,"lease_expired":0,"errors":0}
[HB] up=248s lease_ok=true handshake=true disarmed=false renew_age_ms=501 stat={"ioctl_calls":32,"target_hits":12,"clears_ok":0,"clears_fail":0,"restores_ok":0,"kernel_changed":0,"edges_sent":24,"write_fail":0,"discarded":0,"lease_expired":0,"errors":0}
[HB] up=249s lease_ok=true handshake=true disarmed=false renew_age_ms=501 stat={"ioctl_calls":32,"target_hits":12,"clears_ok":0,"clears_fail":0,"restores_ok":0,"kernel_changed":0,"edges_sent":24,"write_fail":0,"discarded":0,"lease_expired":0,"errors":0}
[HB] up=250s lease_ok=true handshake=true disarmed=false renew_age_ms=501 stat={"ioctl_calls":32,"target_hits":12,"clears_ok":0,"clears_fail":0,"restores_ok":0,"kernel_changed":0,"edges_sent":24,"write_fail":0,"discarded":0,"lease_expired":0,"errors":0}
[RENEW] tick=500 state=ok
[HB] up=251s lease_ok=true handshake=true disarmed=false renew_age_ms=502 stat={"ioctl_calls":32,"target_hits":12,"clears_ok":0,"clears_fail":0,"restores_ok":0,"kernel_changed":0,"edges_sent":24,"write_fail":0,"discarded":0,"lease_expired":0,"errors":0}
[HB] up=252s lease_ok=true handshake=true disarmed=false renew_age_ms=500 stat={"ioctl_calls":32,"target_hits":12,"clears_ok":0,"clears_fail":0,"restores_ok":0,"kernel_changed":0,"edges_sent":24,"write_fail":0,"discarded":0,"lease_expired":0,"errors":0}
[HB] up=253s lease_ok=true handshake=true disarmed=false renew_age_ms=500 stat={"ioctl_calls":32,"target_hits":12,"clears_ok":0,"clears_fail":0,"restores_ok":0,"kernel_changed":0,"edges_sent":24,"write_fail":0,"discarded":0,"lease_expired":0,"errors":0}
[HB] up=254s lease_ok=true handshake=true disarmed=false renew_age_ms=500 stat={"ioctl_calls":32,"target_hits":12,"clears_ok":0,"clears_fail":0,"restores_ok":0,"kernel_changed":0,"edges_sent":24,"write_fail":0,"discarded":0,"lease_expired":0,"errors":0}
[HB] up=255s lease_ok=true handshake=true disarmed=false renew_age_ms=500 stat={"ioctl_calls":32,"target_hits":12,"clears_ok":0,"clears_fail":0,"restores_ok":0,"kernel_changed":0,"edges_sent":24,"write_fail":0,"discarded":0,"lease_expired":0,"errors":0}
[RENEW] tick=510 state=ok
[HB] up=256s lease_ok=true handshake=true disarmed=false renew_age_ms=501 stat={"ioctl_calls":32,"target_hits":12,"clears_ok":0,"clears_fail":0,"restores_ok":0,"kernel_changed":0,"edges_sent":24,"write_fail":0,"discarded":0,"lease_expired":0,"errors":0}
[HB] up=257s lease_ok=true handshake=true disarmed=false renew_age_ms=500 stat={"ioctl_calls":32,"target_hits":12,"clears_ok":0,"clears_fail":0,"restores_ok":0,"kernel_changed":0,"edges_sent":24,"write_fail":0,"discarded":0,"lease_expired":0,"errors":0}
[HB] up=258s lease_ok=true handshake=true disarmed=false renew_age_ms=500 stat={"ioctl_calls":32,"target_hits":12,"clears_ok":0,"clears_fail":0,"restores_ok":0,"kernel_changed":0,"edges_sent":24,"write_fail":0,"discarded":0,"lease_expired":0,"errors":0}
[HB] up=259s lease_ok=true handshake=true disarmed=false renew_age_ms=501 stat={"ioctl_calls":32,"target_hits":12,"clears_ok":0,"clears_fail":0,"restores_ok":0,"kernel_changed":0,"edges_sent":24,"write_fail":0,"discarded":0,"lease_expired":0,"errors":0}
[HB] up=260s lease_ok=true handshake=true disarmed=false renew_age_ms=501 stat={"ioctl_calls":32,"target_hits":12,"clears_ok":0,"clears_fail":0,"restores_ok":0,"kernel_changed":0,"edges_sent":24,"write_fail":0,"discarded":0,"lease_expired":0,"errors":0}
[RENEW] tick=520 state=ok
[HB] up=261s lease_ok=true handshake=true disarmed=false renew_age_ms=501 stat={"ioctl_calls":32,"target_hits":12,"clears_ok":0,"clears_fail":0,"restores_ok":0,"kernel_changed":0,"edges_sent":24,"write_fail":0,"discarded":0,"lease_expired":0,"errors":0}
[HB] up=262s lease_ok=true handshake=true disarmed=false renew_age_ms=500 stat={"ioctl_calls":32,"target_hits":12,"clears_ok":0,"clears_fail":0,"restores_ok":0,"kernel_changed":0,"edges_sent":24,"write_fail":0,"discarded":0,"lease_expired":0,"errors":0}
[HB] up=263s lease_ok=true handshake=true disarmed=false renew_age_ms=500 stat={"ioctl_calls":32,"target_hits":12,"clears_ok":0,"clears_fail":0,"restores_ok":0,"kernel_changed":0,"edges_sent":24,"write_fail":0,"discarded":0,"lease_expired":0,"errors":0}
[HB] up=264s lease_ok=true handshake=true disarmed=false renew_age_ms=501 stat={"ioctl_calls":32,"target_hits":12,"clears_ok":0,"clears_fail":0,"restores_ok":0,"kernel_changed":0,"edges_sent":24,"write_fail":0,"discarded":0,"lease_expired":0,"errors":0}
[HB] up=265s lease_ok=true handshake=true disarmed=false renew_age_ms=501 stat={"ioctl_calls":32,"target_hits":12,"clears_ok":0,"clears_fail":0,"restores_ok":0,"kernel_changed":0,"edges_sent":24,"write_fail":0,"discarded":0,"lease_expired":0,"errors":0}
[RENEW] tick=530 state=ok
[HB] up=266s lease_ok=true handshake=true disarmed=false renew_age_ms=501 stat={"ioctl_calls":32,"target_hits":12,"clears_ok":0,"clears_fail":0,"restores_ok":0,"kernel_changed":0,"edges_sent":24,"write_fail":0,"discarded":0,"lease_expired":0,"errors":0}
[HB] up=267s lease_ok=true handshake=true disarmed=false renew_age_ms=501 stat={"ioctl_calls":32,"target_hits":12,"clears_ok":0,"clears_fail":0,"restores_ok":0,"kernel_changed":0,"edges_sent":24,"write_fail":0,"discarded":0,"lease_expired":0,"errors":0}
[HB] up=268s lease_ok=true handshake=true disarmed=false renew_age_ms=500 stat={"ioctl_calls":32,"target_hits":12,"clears_ok":0,"clears_fail":0,"restores_ok":0,"kernel_changed":0,"edges_sent":24,"write_fail":0,"discarded":0,"lease_expired":0,"errors":0}
[HB] up=269s lease_ok=true handshake=true disarmed=false renew_age_ms=500 stat={"ioctl_calls":32,"target_hits":12,"clears_ok":0,"clears_fail":0,"restores_ok":0,"kernel_changed":0,"edges_sent":24,"write_fail":0,"discarded":0,"lease_expired":0,"errors":0}
[HB] up=270s lease_ok=true handshake=true disarmed=false renew_age_ms=500 stat={"ioctl_calls":32,"target_hits":12,"clears_ok":0,"clears_fail":0,"restores_ok":0,"kernel_changed":0,"edges_sent":24,"write_fail":0,"discarded":0,"lease_expired":0,"errors":0}
[RENEW] tick=540 state=ok
[HB] up=271s lease_ok=true handshake=true disarmed=false renew_age_ms=500 stat={"ioctl_calls":32,"target_hits":12,"clears_ok":0,"clears_fail":0,"restores_ok":0,"kernel_changed":0,"edges_sent":24,"write_fail":0,"discarded":0,"lease_expired":0,"errors":0}
[HB] up=272s lease_ok=true handshake=true disarmed=false renew_age_ms=500 stat={"ioctl_calls":32,"target_hits":12,"clears_ok":0,"clears_fail":0,"restores_ok":0,"kernel_changed":0,"edges_sent":24,"write_fail":0,"discarded":0,"lease_expired":0,"errors":0}
[HB] up=273s lease_ok=true handshake=true disarmed=false renew_age_ms=500 stat={"ioctl_calls":32,"target_hits":12,"clears_ok":0,"clears_fail":0,"restores_ok":0,"kernel_changed":0,"edges_sent":24,"write_fail":0,"discarded":0,"lease_expired":0,"errors":0}
[HB] up=274s lease_ok=true handshake=true disarmed=false renew_age_ms=501 stat={"ioctl_calls":32,"target_hits":12,"clears_ok":0,"clears_fail":0,"restores_ok":0,"kernel_changed":0,"edges_sent":24,"write_fail":0,"discarded":0,"lease_expired":0,"errors":0}
[HB] up=275s lease_ok=true handshake=true disarmed=false renew_age_ms=501 stat={"ioctl_calls":32,"target_hits":12,"clears_ok":0,"clears_fail":0,"restores_ok":0,"kernel_changed":0,"edges_sent":24,"write_fail":0,"discarded":0,"lease_expired":0,"errors":0}
[RENEW] tick=550 state=ok
[HB] up=276s lease_ok=true handshake=true disarmed=false renew_age_ms=501 stat={"ioctl_calls":32,"target_hits":12,"clears_ok":0,"clears_fail":0,"restores_ok":0,"kernel_changed":0,"edges_sent":24,"write_fail":0,"discarded":0,"lease_expired":0,"errors":0}
[HB] up=277s lease_ok=true handshake=true disarmed=false renew_age_ms=500 stat={"ioctl_calls":32,"target_hits":12,"clears_ok":0,"clears_fail":0,"restores_ok":0,"kernel_changed":0,"edges_sent":24,"write_fail":0,"discarded":0,"lease_expired":0,"errors":0}
[HB] up=278s lease_ok=true handshake=true disarmed=false renew_age_ms=501 stat={"ioctl_calls":32,"target_hits":12,"clears_ok":0,"clears_fail":0,"restores_ok":0,"kernel_changed":0,"edges_sent":24,"write_fail":0,"discarded":0,"lease_expired":0,"errors":0}
[HB] up=279s lease_ok=true handshake=true disarmed=false renew_age_ms=500 stat={"ioctl_calls":32,"target_hits":12,"clears_ok":0,"clears_fail":0,"restores_ok":0,"kernel_changed":0,"edges_sent":24,"write_fail":0,"discarded":0,"lease_expired":0,"errors":0}
[HB] up=280s lease_ok=true handshake=true disarmed=false renew_age_ms=500 stat={"ioctl_calls":32,"target_hits":12,"clears_ok":0,"clears_fail":0,"restores_ok":0,"kernel_changed":0,"edges_sent":24,"write_fail":0,"discarded":0,"lease_expired":0,"errors":0}
[RENEW] tick=560 state=ok
[HB] up=281s lease_ok=true handshake=true disarmed=false renew_age_ms=501 stat={"ioctl_calls":32,"target_hits":12,"clears_ok":0,"clears_fail":0,"restores_ok":0,"kernel_changed":0,"edges_sent":24,"write_fail":0,"discarded":0,"lease_expired":0,"errors":0}
[HB] up=282s lease_ok=true handshake=true disarmed=false renew_age_ms=500 stat={"ioctl_calls":32,"target_hits":12,"clears_ok":0,"clears_fail":0,"restores_ok":0,"kernel_changed":0,"edges_sent":24,"write_fail":0,"discarded":0,"lease_expired":0,"errors":0}
[HB] up=283s lease_ok=true handshake=true disarmed=false renew_age_ms=500 stat={"ioctl_calls":32,"target_hits":12,"clears_ok":0,"clears_fail":0,"restores_ok":0,"kernel_changed":0,"edges_sent":24,"write_fail":0,"discarded":0,"lease_expired":0,"errors":0}
[HB] up=284s lease_ok=true handshake=true disarmed=false renew_age_ms=500 stat={"ioctl_calls":32,"target_hits":12,"clears_ok":0,"clears_fail":0,"restores_ok":0,"kernel_changed":0,"edges_sent":24,"write_fail":0,"discarded":0,"lease_expired":0,"errors":0}
[HB] up=285s lease_ok=true handshake=true disarmed=false renew_age_ms=501 stat={"ioctl_calls":32,"target_hits":12,"clears_ok":0,"clears_fail":0,"restores_ok":0,"kernel_changed":0,"edges_sent":24,"write_fail":0,"discarded":0,"lease_expired":0,"errors":0}
[RENEW] tick=570 state=ok
[HB] up=286s lease_ok=true handshake=true disarmed=false renew_age_ms=500 stat={"ioctl_calls":32,"target_hits":12,"clears_ok":0,"clears_fail":0,"restores_ok":0,"kernel_changed":0,"edges_sent":24,"write_fail":0,"discarded":0,"lease_expired":0,"errors":0}
[HB] up=287s lease_ok=true handshake=true disarmed=false renew_age_ms=501 stat={"ioctl_calls":32,"target_hits":12,"clears_ok":0,"clears_fail":0,"restores_ok":0,"kernel_changed":0,"edges_sent":24,"write_fail":0,"discarded":0,"lease_expired":0,"errors":0}
[HB] up=288s lease_ok=true handshake=true disarmed=false renew_age_ms=500 stat={"ioctl_calls":32,"target_hits":12,"clears_ok":0,"clears_fail":0,"restores_ok":0,"kernel_changed":0,"edges_sent":24,"write_fail":0,"discarded":0,"lease_expired":0,"errors":0}
[HB] up=289s lease_ok=true handshake=true disarmed=false renew_age_ms=500 stat={"ioctl_calls":32,"target_hits":12,"clears_ok":0,"clears_fail":0,"restores_ok":0,"kernel_changed":0,"edges_sent":24,"write_fail":0,"discarded":0,"lease_expired":0,"errors":0}
[HB] up=290s lease_ok=true handshake=true disarmed=false renew_age_ms=501 stat={"ioctl_calls":32,"target_hits":12,"clears_ok":0,"clears_fail":0,"restores_ok":0,"kernel_changed":0,"edges_sent":24,"write_fail":0,"discarded":0,"lease_expired":0,"errors":0}
[RENEW] tick=580 state=ok
[HB] up=291s lease_ok=true handshake=true disarmed=false renew_age_ms=501 stat={"ioctl_calls":32,"target_hits":12,"clears_ok":0,"clears_fail":0,"restores_ok":0,"kernel_changed":0,"edges_sent":24,"write_fail":0,"discarded":0,"lease_expired":0,"errors":0}
[HB] up=292s lease_ok=true handshake=true disarmed=false renew_age_ms=501 stat={"ioctl_calls":32,"target_hits":12,"clears_ok":0,"clears_fail":0,"restores_ok":0,"kernel_changed":0,"edges_sent":24,"write_fail":0,"discarded":0,"lease_expired":0,"errors":0}
[HB] up=293s lease_ok=true handshake=true disarmed=false renew_age_ms=501 stat={"ioctl_calls":32,"target_hits":12,"clears_ok":0,"clears_fail":0,"restores_ok":0,"kernel_changed":0,"edges_sent":24,"write_fail":0,"discarded":0,"lease_expired":0,"errors":0}
[HB] up=294s lease_ok=true handshake=true disarmed=false renew_age_ms=501 stat={"ioctl_calls":32,"target_hits":12,"clears_ok":0,"clears_fail":0,"restores_ok":0,"kernel_changed":0,"edges_sent":24,"write_fail":0,"discarded":0,"lease_expired":0,"errors":0}
[HB] up=295s lease_ok=true handshake=true disarmed=false renew_age_ms=500 stat={"ioctl_calls":32,"target_hits":12,"clears_ok":0,"clears_fail":0,"restores_ok":0,"kernel_changed":0,"edges_sent":24,"write_fail":0,"discarded":0,"lease_expired":0,"errors":0}
[RENEW] tick=590 state=ok
[HB] up=296s lease_ok=true handshake=true disarmed=false renew_age_ms=501 stat={"ioctl_calls":32,"target_hits":12,"clears_ok":0,"clears_fail":0,"restores_ok":0,"kernel_changed":0,"edges_sent":24,"write_fail":0,"discarded":0,"lease_expired":0,"errors":0}
[HB] up=297s lease_ok=true handshake=true disarmed=false renew_age_ms=500 stat={"ioctl_calls":32,"target_hits":12,"clears_ok":0,"clears_fail":0,"restores_ok":0,"kernel_changed":0,"edges_sent":24,"write_fail":0,"discarded":0,"lease_expired":0,"errors":0}
[HB] up=298s lease_ok=true handshake=true disarmed=false renew_age_ms=501 stat={"ioctl_calls":32,"target_hits":12,"clears_ok":0,"clears_fail":0,"restores_ok":0,"kernel_changed":0,"edges_sent":24,"write_fail":0,"discarded":0,"lease_expired":0,"errors":0}
[HB] up=299s lease_ok=true handshake=true disarmed=false renew_age_ms=500 stat={"ioctl_calls":32,"target_hits":12,"clears_ok":0,"clears_fail":0,"restores_ok":0,"kernel_changed":0,"edges_sent":24,"write_fail":0,"discarded":0,"lease_expired":0,"errors":0}
[HB] up=300s lease_ok=true handshake=true disarmed=false renew_age_ms=501 stat={"ioctl_calls":32,"target_hits":12,"clears_ok":0,"clears_fail":0,"restores_ok":0,"kernel_changed":0,"edges_sent":24,"write_fail":0,"discarded":0,"lease_expired":0,"errors":0}
[RENEW] tick=600 state=ok
[HB] up=301s lease_ok=true handshake=true disarmed=false renew_age_ms=502 stat={"ioctl_calls":32,"target_hits":12,"clears_ok":0,"clears_fail":0,"restores_ok":0,"kernel_changed":0,"edges_sent":24,"write_fail":0,"discarded":0,"lease_expired":0,"errors":0}
[HB] up=302s lease_ok=true handshake=true disarmed=false renew_age_ms=501 stat={"ioctl_calls":32,"target_hits":12,"clears_ok":0,"clears_fail":0,"restores_ok":0,"kernel_changed":0,"edges_sent":24,"write_fail":0,"discarded":0,"lease_expired":0,"errors":0}
[HB] up=303s lease_ok=true handshake=true disarmed=false renew_age_ms=500 stat={"ioctl_calls":32,"target_hits":12,"clears_ok":0,"clears_fail":0,"restores_ok":0,"kernel_changed":0,"edges_sent":24,"write_fail":0,"discarded":0,"lease_expired":0,"errors":0}
[HB] up=304s lease_ok=true handshake=true disarmed=false renew_age_ms=501 stat={"ioctl_calls":32,"target_hits":12,"clears_ok":0,"clears_fail":0,"restores_ok":0,"kernel_changed":0,"edges_sent":24,"write_fail":0,"discarded":0,"lease_expired":0,"errors":0}
[HB] up=305s lease_ok=true handshake=true disarmed=false renew_age_ms=500 stat={"ioctl_calls":32,"target_hits":12,"clears_ok":0,"clears_fail":0,"restores_ok":0,"kernel_changed":0,"edges_sent":24,"write_fail":0,"discarded":0,"lease_expired":0,"errors":0}
[RENEW] tick=610 state=ok
[HB] up=306s lease_ok=true handshake=true disarmed=false renew_age_ms=502 stat={"ioctl_calls":32,"target_hits":12,"clears_ok":0,"clears_fail":0,"restores_ok":0,"kernel_changed":0,"edges_sent":24,"write_fail":0,"discarded":0,"lease_expired":0,"errors":0}
[HB] up=307s lease_ok=true handshake=true disarmed=false renew_age_ms=500 stat={"ioctl_calls":32,"target_hits":12,"clears_ok":0,"clears_fail":0,"restores_ok":0,"kernel_changed":0,"edges_sent":24,"write_fail":0,"discarded":0,"lease_expired":0,"errors":0}
[HB] up=308s lease_ok=true handshake=true disarmed=false renew_age_ms=501 stat={"ioctl_calls":32,"target_hits":12,"clears_ok":0,"clears_fail":0,"restores_ok":0,"kernel_changed":0,"edges_sent":24,"write_fail":0,"discarded":0,"lease_expired":0,"errors":0}
[HB] up=309s lease_ok=true handshake=true disarmed=false renew_age_ms=501 stat={"ioctl_calls":32,"target_hits":12,"clears_ok":0,"clears_fail":0,"restores_ok":0,"kernel_changed":0,"edges_sent":24,"write_fail":0,"discarded":0,"lease_expired":0,"errors":0}
[HB] up=310s lease_ok=true handshake=true disarmed=false renew_age_ms=501 stat={"ioctl_calls":32,"target_hits":12,"clears_ok":0,"clears_fail":0,"restores_ok":0,"kernel_changed":0,"edges_sent":24,"write_fail":0,"discarded":0,"lease_expired":0,"errors":0}
[RENEW] tick=620 state=ok
[HB] up=311s lease_ok=true handshake=true disarmed=false renew_age_ms=500 stat={"ioctl_calls":32,"target_hits":12,"clears_ok":0,"clears_fail":0,"restores_ok":0,"kernel_changed":0,"edges_sent":24,"write_fail":0,"discarded":0,"lease_expired":0,"errors":0}
[HB] up=312s lease_ok=true handshake=true disarmed=false renew_age_ms=501 stat={"ioctl_calls":32,"target_hits":12,"clears_ok":0,"clears_fail":0,"restores_ok":0,"kernel_changed":0,"edges_sent":24,"write_fail":0,"discarded":0,"lease_expired":0,"errors":0}
[HB] up=313s lease_ok=true handshake=true disarmed=false renew_age_ms=501 stat={"ioctl_calls":32,"target_hits":12,"clears_ok":0,"clears_fail":0,"restores_ok":0,"kernel_changed":0,"edges_sent":24,"write_fail":0,"discarded":0,"lease_expired":0,"errors":0}
[HB] up=314s lease_ok=true handshake=true disarmed=false renew_age_ms=501 stat={"ioctl_calls":32,"target_hits":12,"clears_ok":0,"clears_fail":0,"restores_ok":0,"kernel_changed":0,"edges_sent":24,"write_fail":0,"discarded":0,"lease_expired":0,"errors":0}
[HB] up=315s lease_ok=true handshake=true disarmed=false renew_age_ms=501 stat={"ioctl_calls":32,"target_hits":12,"clears_ok":0,"clears_fail":0,"restores_ok":0,"kernel_changed":0,"edges_sent":24,"write_fail":0,"discarded":0,"lease_expired":0,"errors":0}
[RENEW] tick=630 state=ok
[HB] up=316s lease_ok=true handshake=true disarmed=false renew_age_ms=502 stat={"ioctl_calls":32,"target_hits":12,"clears_ok":0,"clears_fail":0,"restores_ok":0,"kernel_changed":0,"edges_sent":24,"write_fail":0,"discarded":0,"lease_expired":0,"errors":0}
[HB] up=317s lease_ok=true handshake=true disarmed=false renew_age_ms=501 stat={"ioctl_calls":32,"target_hits":12,"clears_ok":0,"clears_fail":0,"restores_ok":0,"kernel_changed":0,"edges_sent":24,"write_fail":0,"discarded":0,"lease_expired":0,"errors":0}
[HB] up=318s lease_ok=true handshake=true disarmed=false renew_age_ms=501 stat={"ioctl_calls":32,"target_hits":12,"clears_ok":0,"clears_fail":0,"restores_ok":0,"kernel_changed":0,"edges_sent":24,"write_fail":0,"discarded":0,"lease_expired":0,"errors":0}
[HB] up=319s lease_ok=true handshake=true disarmed=false renew_age_ms=501 stat={"ioctl_calls":32,"target_hits":12,"clears_ok":0,"clears_fail":0,"restores_ok":0,"kernel_changed":0,"edges_sent":24,"write_fail":0,"discarded":0,"lease_expired":0,"errors":0}
[HB] up=320s lease_ok=true handshake=true disarmed=false renew_age_ms=501 stat={"ioctl_calls":32,"target_hits":12,"clears_ok":0,"clears_fail":0,"restores_ok":0,"kernel_changed":0,"edges_sent":24,"write_fail":0,"discarded":0,"lease_expired":0,"errors":0}
[RENEW] tick=640 state=ok
[HB] up=321s lease_ok=true handshake=true disarmed=false renew_age_ms=501 stat={"ioctl_calls":32,"target_hits":12,"clears_ok":0,"clears_fail":0,"restores_ok":0,"kernel_changed":0,"edges_sent":24,"write_fail":0,"discarded":0,"lease_expired":0,"errors":0}
[HB] up=322s lease_ok=true handshake=true disarmed=false renew_age_ms=500 stat={"ioctl_calls":32,"target_hits":12,"clears_ok":0,"clears_fail":0,"restores_ok":0,"kernel_changed":0,"edges_sent":24,"write_fail":0,"discarded":0,"lease_expired":0,"errors":0}
[HB] up=323s lease_ok=true handshake=true disarmed=false renew_age_ms=501 stat={"ioctl_calls":32,"target_hits":12,"clears_ok":0,"clears_fail":0,"restores_ok":0,"kernel_changed":0,"edges_sent":24,"write_fail":0,"discarded":0,"lease_expired":0,"errors":0}
[HB] up=324s lease_ok=true handshake=true disarmed=false renew_age_ms=501 stat={"ioctl_calls":32,"target_hits":12,"clears_ok":0,"clears_fail":0,"restores_ok":0,"kernel_changed":0,"edges_sent":24,"write_fail":0,"discarded":0,"lease_expired":0,"errors":0}
[HB] up=325s lease_ok=true handshake=true disarmed=false renew_age_ms=500 stat={"ioctl_calls":32,"target_hits":12,"clears_ok":0,"clears_fail":0,"restores_ok":0,"kernel_changed":0,"edges_sent":24,"write_fail":0,"discarded":0,"lease_expired":0,"errors":0}
[RENEW] tick=650 state=ok
[HB] up=326s lease_ok=true handshake=true disarmed=false renew_age_ms=501 stat={"ioctl_calls":32,"target_hits":12,"clears_ok":0,"clears_fail":0,"restores_ok":0,"kernel_changed":0,"edges_sent":24,"write_fail":0,"discarded":0,"lease_expired":0,"errors":0}
[HB] up=327s lease_ok=true handshake=true disarmed=false renew_age_ms=500 stat={"ioctl_calls":32,"target_hits":12,"clears_ok":0,"clears_fail":0,"restores_ok":0,"kernel_changed":0,"edges_sent":24,"write_fail":0,"discarded":0,"lease_expired":0,"errors":0}
[HB] up=328s lease_ok=true handshake=true disarmed=false renew_age_ms=500 stat={"ioctl_calls":32,"target_hits":12,"clears_ok":0,"clears_fail":0,"restores_ok":0,"kernel_changed":0,"edges_sent":24,"write_fail":0,"discarded":0,"lease_expired":0,"errors":0}
[HB] up=329s lease_ok=true handshake=true disarmed=false renew_age_ms=501 stat={"ioctl_calls":32,"target_hits":12,"clears_ok":0,"clears_fail":0,"restores_ok":0,"kernel_changed":0,"edges_sent":24,"write_fail":0,"discarded":0,"lease_expired":0,"errors":0}
[HB] up=330s lease_ok=true handshake=true disarmed=false renew_age_ms=488 stat={"ioctl_calls":32,"target_hits":12,"clears_ok":0,"clears_fail":0,"restores_ok":0,"kernel_changed":0,"edges_sent":24,"write_fail":0,"discarded":0,"lease_expired":0,"errors":0}
[RENEW] tick=660 state=ok
[HB] up=331s lease_ok=true handshake=true disarmed=false renew_age_ms=501 stat={"ioctl_calls":32,"target_hits":12,"clears_ok":0,"clears_fail":0,"restores_ok":0,"kernel_changed":0,"edges_sent":24,"write_fail":0,"discarded":0,"lease_expired":0,"errors":0}
[HB] up=332s lease_ok=true handshake=true disarmed=false renew_age_ms=501 stat={"ioctl_calls":32,"target_hits":12,"clears_ok":0,"clears_fail":0,"restores_ok":0,"kernel_changed":0,"edges_sent":24,"write_fail":0,"discarded":0,"lease_expired":0,"errors":0}
[HB] up=333s lease_ok=true handshake=true disarmed=false renew_age_ms=501 stat={"ioctl_calls":32,"target_hits":12,"clears_ok":0,"clears_fail":0,"restores_ok":0,"kernel_changed":0,"edges_sent":24,"write_fail":0,"discarded":0,"lease_expired":0,"errors":0}
[HB] up=334s lease_ok=true handshake=true disarmed=false renew_age_ms=500 stat={"ioctl_calls":32,"target_hits":12,"clears_ok":0,"clears_fail":0,"restores_ok":0,"kernel_changed":0,"edges_sent":24,"write_fail":0,"discarded":0,"lease_expired":0,"errors":0}
[HB] up=335s lease_ok=true handshake=true disarmed=false renew_age_ms=500 stat={"ioctl_calls":32,"target_hits":12,"clears_ok":0,"clears_fail":0,"restores_ok":0,"kernel_changed":0,"edges_sent":24,"write_fail":0,"discarded":0,"lease_expired":0,"errors":0}
[RENEW] tick=670 state=ok
[HB] up=336s lease_ok=true handshake=true disarmed=false renew_age_ms=501 stat={"ioctl_calls":32,"target_hits":12,"clears_ok":0,"clears_fail":0,"restores_ok":0,"kernel_changed":0,"edges_sent":24,"write_fail":0,"discarded":0,"lease_expired":0,"errors":0}
[EDGE] buttons=back raw=t=1790147769317 usages=0x00F1 buttons=back n=1
[EDGE] buttons=(释放) reason= raw=t=1790147769421 usages= buttons= n=0
[HB] up=337s lease_ok=true handshake=true disarmed=false renew_age_ms=500 stat={"ioctl_calls":34,"target_hits":13,"clears_ok":0,"clears_fail":0,"restores_ok":0,"kernel_changed":0,"edges_sent":26,"write_fail":0,"discarded":0,"lease_expired":0,"errors":0}
[HB] up=338s lease_ok=true handshake=true disarmed=false renew_age_ms=500 stat={"ioctl_calls":34,"target_hits":13,"clears_ok":0,"clears_fail":0,"restores_ok":0,"kernel_changed":0,"edges_sent":26,"write_fail":0,"discarded":0,"lease_expired":0,"errors":0}
[HB] up=339s lease_ok=true handshake=true disarmed=false renew_age_ms=500 stat={"ioctl_calls":34,"target_hits":13,"clears_ok":0,"clears_fail":0,"restores_ok":0,"kernel_changed":0,"edges_sent":26,"write_fail":0,"discarded":0,"lease_expired":0,"errors":0}
[EDGE] buttons=volume_up raw=t=1790147772346 usages=0x0080 buttons=volume_up n=1
[EDGE] buttons=(释放) reason= raw=t=1790147772481 usages= buttons= n=0
[EDGE] buttons=volume_down raw=t=1790147773156 usages=0x0081 buttons=volume_down n=1
[HB] up=340s lease_ok=true handshake=true disarmed=false renew_age_ms=501 stat={"ioctl_calls":37,"target_hits":15,"clears_ok":0,"clears_fail":0,"restores_ok":0,"kernel_changed":0,"edges_sent":29,"write_fail":0,"discarded":0,"lease_expired":0,"errors":0}
[EDGE] buttons=(释放) reason= raw=t=1790147773306 usages= buttons= n=0
[RENEW] tick=680 state=ok
[HB] up=341s lease_ok=true handshake=true disarmed=false renew_age_ms=500 stat={"ioctl_calls":38,"target_hits":15,"clears_ok":0,"clears_fail":0,"restores_ok":0,"kernel_changed":0,"edges_sent":30,"write_fail":0,"discarded":0,"lease_expired":0,"errors":0}
[HB] up=342s lease_ok=true handshake=true disarmed=false renew_age_ms=501 stat={"ioctl_calls":38,"target_hits":15,"clears_ok":0,"clears_fail":0,"restores_ok":0,"kernel_changed":0,"edges_sent":30,"write_fail":0,"discarded":0,"lease_expired":0,"errors":0}
[HB] up=343s lease_ok=true handshake=true disarmed=false renew_age_ms=501 stat={"ioctl_calls":38,"target_hits":15,"clears_ok":0,"clears_fail":0,"restores_ok":0,"kernel_changed":0,"edges_sent":30,"write_fail":0,"discarded":0,"lease_expired":0,"errors":0}
[HB] up=344s lease_ok=true handshake=true disarmed=false renew_age_ms=500 stat={"ioctl_calls":38,"target_hits":15,"clears_ok":0,"clears_fail":0,"restores_ok":0,"kernel_changed":0,"edges_sent":30,"write_fail":0,"discarded":0,"lease_expired":0,"errors":0}
[HB] up=345s lease_ok=true handshake=true disarmed=false renew_age_ms=500 stat={"ioctl_calls":38,"target_hits":15,"clears_ok":0,"clears_fail":0,"restores_ok":0,"kernel_changed":0,"edges_sent":30,"write_fail":0,"discarded":0,"lease_expired":0,"errors":0}
[RENEW] tick=690 state=ok
[HB] up=346s lease_ok=true handshake=true disarmed=false renew_age_ms=501 stat={"ioctl_calls":38,"target_hits":15,"clears_ok":0,"clears_fail":0,"restores_ok":0,"kernel_changed":0,"edges_sent":30,"write_fail":0,"discarded":0,"lease_expired":0,"errors":0}
[HB] up=347s lease_ok=true handshake=true disarmed=false renew_age_ms=501 stat={"ioctl_calls":38,"target_hits":15,"clears_ok":0,"clears_fail":0,"restores_ok":0,"kernel_changed":0,"edges_sent":30,"write_fail":0,"discarded":0,"lease_expired":0,"errors":0}
[HB] up=348s lease_ok=true handshake=true disarmed=false renew_age_ms=500 stat={"ioctl_calls":38,"target_hits":15,"clears_ok":0,"clears_fail":0,"restores_ok":0,"kernel_changed":0,"edges_sent":30,"write_fail":0,"discarded":0,"lease_expired":0,"errors":0}
[HB] up=349s lease_ok=true handshake=true disarmed=false renew_age_ms=500 stat={"ioctl_calls":38,"target_hits":15,"clears_ok":0,"clears_fail":0,"restores_ok":0,"kernel_changed":0,"edges_sent":30,"write_fail":0,"discarded":0,"lease_expired":0,"errors":0}
[HB] up=350s lease_ok=true handshake=true disarmed=false renew_age_ms=500 stat={"ioctl_calls":38,"target_hits":15,"clears_ok":0,"clears_fail":0,"restores_ok":0,"kernel_changed":0,"edges_sent":30,"write_fail":0,"discarded":0,"lease_expired":0,"errors":0}
[RENEW] tick=700 state=ok
[HB] up=351s lease_ok=true handshake=true disarmed=false renew_age_ms=501 stat={"ioctl_calls":38,"target_hits":15,"clears_ok":0,"clears_fail":0,"restores_ok":0,"kernel_changed":0,"edges_sent":30,"write_fail":0,"discarded":0,"lease_expired":0,"errors":0}
[HB] up=352s lease_ok=true handshake=true disarmed=false renew_age_ms=501 stat={"ioctl_calls":38,"target_hits":15,"clears_ok":0,"clears_fail":0,"restores_ok":0,"kernel_changed":0,"edges_sent":30,"write_fail":0,"discarded":0,"lease_expired":0,"errors":0}
[HB] up=353s lease_ok=true handshake=true disarmed=false renew_age_ms=500 stat={"ioctl_calls":38,"target_hits":15,"clears_ok":0,"clears_fail":0,"restores_ok":0,"kernel_changed":0,"edges_sent":30,"write_fail":0,"discarded":0,"lease_expired":0,"errors":0}
[HB] up=354s lease_ok=true handshake=true disarmed=false renew_age_ms=501 stat={"ioctl_calls":38,"target_hits":15,"clears_ok":0,"clears_fail":0,"restores_ok":0,"kernel_changed":0,"edges_sent":30,"write_fail":0,"discarded":0,"lease_expired":0,"errors":0}
[HB] up=355s lease_ok=true handshake=true disarmed=false renew_age_ms=501 stat={"ioctl_calls":38,"target_hits":15,"clears_ok":0,"clears_fail":0,"restores_ok":0,"kernel_changed":0,"edges_sent":30,"write_fail":0,"discarded":0,"lease_expired":0,"errors":0}
[RENEW] tick=710 state=ok
[HB] up=356s lease_ok=true handshake=true disarmed=false renew_age_ms=501 stat={"ioctl_calls":38,"target_hits":15,"clears_ok":0,"clears_fail":0,"restores_ok":0,"kernel_changed":0,"edges_sent":30,"write_fail":0,"discarded":0,"lease_expired":0,"errors":0}
[HB] up=357s lease_ok=true handshake=true disarmed=false renew_age_ms=500 stat={"ioctl_calls":38,"target_hits":15,"clears_ok":0,"clears_fail":0,"restores_ok":0,"kernel_changed":0,"edges_sent":30,"write_fail":0,"discarded":0,"lease_expired":0,"errors":0}
[HB] up=358s lease_ok=true handshake=true disarmed=false renew_age_ms=501 stat={"ioctl_calls":38,"target_hits":15,"clears_ok":0,"clears_fail":0,"restores_ok":0,"kernel_changed":0,"edges_sent":30,"write_fail":0,"discarded":0,"lease_expired":0,"errors":0}
[HB] up=359s lease_ok=true handshake=true disarmed=false renew_age_ms=500 stat={"ioctl_calls":38,"target_hits":15,"clears_ok":0,"clears_fail":0,"restores_ok":0,"kernel_changed":0,"edges_sent":30,"write_fail":0,"discarded":0,"lease_expired":0,"errors":0}
[HB] up=360s lease_ok=true handshake=true disarmed=false renew_age_ms=501 stat={"ioctl_calls":38,"target_hits":15,"clears_ok":0,"clears_fail":0,"restores_ok":0,"kernel_changed":0,"edges_sent":30,"write_fail":0,"discarded":0,"lease_expired":0,"errors":0}
[RENEW] tick=720 state=ok
[HB] up=361s lease_ok=true handshake=true disarmed=false renew_age_ms=502 stat={"ioctl_calls":38,"target_hits":15,"clears_ok":0,"clears_fail":0,"restores_ok":0,"kernel_changed":0,"edges_sent":30,"write_fail":0,"discarded":0,"lease_expired":0,"errors":0}
[HB] up=362s lease_ok=true handshake=true disarmed=false renew_age_ms=500 stat={"ioctl_calls":38,"target_hits":15,"clears_ok":0,"clears_fail":0,"restores_ok":0,"kernel_changed":0,"edges_sent":30,"write_fail":0,"discarded":0,"lease_expired":0,"errors":0}
[HB] up=363s lease_ok=true handshake=true disarmed=false renew_age_ms=500 stat={"ioctl_calls":38,"target_hits":15,"clears_ok":0,"clears_fail":0,"restores_ok":0,"kernel_changed":0,"edges_sent":30,"write_fail":0,"discarded":0,"lease_expired":0,"errors":0}
[HB] up=364s lease_ok=true handshake=true disarmed=false renew_age_ms=500 stat={"ioctl_calls":38,"target_hits":15,"clears_ok":0,"clears_fail":0,"restores_ok":0,"kernel_changed":0,"edges_sent":30,"write_fail":0,"discarded":0,"lease_expired":0,"errors":0}
[HB] up=365s lease_ok=true handshake=true disarmed=false renew_age_ms=500 stat={"ioctl_calls":38,"target_hits":15,"clears_ok":0,"clears_fail":0,"restores_ok":0,"kernel_changed":0,"edges_sent":30,"write_fail":0,"discarded":0,"lease_expired":0,"errors":0}
[RENEW] tick=730 state=ok
[HB] up=366s lease_ok=true handshake=true disarmed=false renew_age_ms=501 stat={"ioctl_calls":38,"target_hits":15,"clears_ok":0,"clears_fail":0,"restores_ok":0,"kernel_changed":0,"edges_sent":30,"write_fail":0,"discarded":0,"lease_expired":0,"errors":0}
[HB] up=367s lease_ok=true handshake=true disarmed=false renew_age_ms=501 stat={"ioctl_calls":38,"target_hits":15,"clears_ok":0,"clears_fail":0,"restores_ok":0,"kernel_changed":0,"edges_sent":30,"write_fail":0,"discarded":0,"lease_expired":0,"errors":0}
[HB] up=368s lease_ok=true handshake=true disarmed=false renew_age_ms=501 stat={"ioctl_calls":38,"target_hits":15,"clears_ok":0,"clears_fail":0,"restores_ok":0,"kernel_changed":0,"edges_sent":30,"write_fail":0,"discarded":0,"lease_expired":0,"errors":0}
[HB] up=369s lease_ok=true handshake=true disarmed=false renew_age_ms=500 stat={"ioctl_calls":38,"target_hits":15,"clears_ok":0,"clears_fail":0,"restores_ok":0,"kernel_changed":0,"edges_sent":30,"write_fail":0,"discarded":0,"lease_expired":0,"errors":0}
[HB] up=370s lease_ok=true handshake=true disarmed=false renew_age_ms=500 stat={"ioctl_calls":38,"target_hits":15,"clears_ok":0,"clears_fail":0,"restores_ok":0,"kernel_changed":0,"edges_sent":30,"write_fail":0,"discarded":0,"lease_expired":0,"errors":0}
[RENEW] tick=740 state=ok
[HB] up=371s lease_ok=true handshake=true disarmed=false renew_age_ms=501 stat={"ioctl_calls":38,"target_hits":15,"clears_ok":0,"clears_fail":0,"restores_ok":0,"kernel_changed":0,"edges_sent":30,"write_fail":0,"discarded":0,"lease_expired":0,"errors":0}
[HB] up=372s lease_ok=true handshake=true disarmed=false renew_age_ms=500 stat={"ioctl_calls":38,"target_hits":15,"clears_ok":0,"clears_fail":0,"restores_ok":0,"kernel_changed":0,"edges_sent":30,"write_fail":0,"discarded":0,"lease_expired":0,"errors":0}
[HB] up=373s lease_ok=true handshake=true disarmed=false renew_age_ms=501 stat={"ioctl_calls":38,"target_hits":15,"clears_ok":0,"clears_fail":0,"restores_ok":0,"kernel_changed":0,"edges_sent":30,"write_fail":0,"discarded":0,"lease_expired":0,"errors":0}
[HB] up=374s lease_ok=true handshake=true disarmed=false renew_age_ms=500 stat={"ioctl_calls":38,"target_hits":15,"clears_ok":0,"clears_fail":0,"restores_ok":0,"kernel_changed":0,"edges_sent":30,"write_fail":0,"discarded":0,"lease_expired":0,"errors":0}
[HB] up=375s lease_ok=true handshake=true disarmed=false renew_age_ms=500 stat={"ioctl_calls":38,"target_hits":15,"clears_ok":0,"clears_fail":0,"restores_ok":0,"kernel_changed":0,"edges_sent":30,"write_fail":0,"discarded":0,"lease_expired":0,"errors":0}
[RENEW] tick=750 state=ok
[HB] up=376s lease_ok=true handshake=true disarmed=false renew_age_ms=501 stat={"ioctl_calls":38,"target_hits":15,"clears_ok":0,"clears_fail":0,"restores_ok":0,"kernel_changed":0,"edges_sent":30,"write_fail":0,"discarded":0,"lease_expired":0,"errors":0}
[HB] up=377s lease_ok=true handshake=true disarmed=false renew_age_ms=501 stat={"ioctl_calls":38,"target_hits":15,"clears_ok":0,"clears_fail":0,"restores_ok":0,"kernel_changed":0,"edges_sent":30,"write_fail":0,"discarded":0,"lease_expired":0,"errors":0}
[HB] up=378s lease_ok=true handshake=true disarmed=false renew_age_ms=501 stat={"ioctl_calls":38,"target_hits":15,"clears_ok":0,"clears_fail":0,"restores_ok":0,"kernel_changed":0,"edges_sent":30,"write_fail":0,"discarded":0,"lease_expired":0,"errors":0}
[HB] up=379s lease_ok=true handshake=true disarmed=false renew_age_ms=500 stat={"ioctl_calls":38,"target_hits":15,"clears_ok":0,"clears_fail":0,"restores_ok":0,"kernel_changed":0,"edges_sent":30,"write_fail":0,"discarded":0,"lease_expired":0,"errors":0}
[HB] up=380s lease_ok=true handshake=true disarmed=false renew_age_ms=500 stat={"ioctl_calls":38,"target_hits":15,"clears_ok":0,"clears_fail":0,"restores_ok":0,"kernel_changed":0,"edges_sent":30,"write_fail":0,"discarded":0,"lease_expired":0,"errors":0}
[RENEW] tick=760 state=ok
[HB] up=381s lease_ok=true handshake=true disarmed=false renew_age_ms=501 stat={"ioctl_calls":38,"target_hits":15,"clears_ok":0,"clears_fail":0,"restores_ok":0,"kernel_changed":0,"edges_sent":30,"write_fail":0,"discarded":0,"lease_expired":0,"errors":0}
[HB] up=382s lease_ok=true handshake=true disarmed=false renew_age_ms=500 stat={"ioctl_calls":38,"target_hits":15,"clears_ok":0,"clears_fail":0,"restores_ok":0,"kernel_changed":0,"edges_sent":30,"write_fail":0,"discarded":0,"lease_expired":0,"errors":0}
[HB] up=383s lease_ok=true handshake=true disarmed=false renew_age_ms=500 stat={"ioctl_calls":38,"target_hits":15,"clears_ok":0,"clears_fail":0,"restores_ok":0,"kernel_changed":0,"edges_sent":30,"write_fail":0,"discarded":0,"lease_expired":0,"errors":0}
[HB] up=384s lease_ok=true handshake=true disarmed=false renew_age_ms=501 stat={"ioctl_calls":38,"target_hits":15,"clears_ok":0,"clears_fail":0,"restores_ok":0,"kernel_changed":0,"edges_sent":30,"write_fail":0,"discarded":0,"lease_expired":0,"errors":0}
[HB] up=385s lease_ok=true handshake=true disarmed=false renew_age_ms=501 stat={"ioctl_calls":38,"target_hits":15,"clears_ok":0,"clears_fail":0,"restores_ok":0,"kernel_changed":0,"edges_sent":30,"write_fail":0,"discarded":0,"lease_expired":0,"errors":0}
[RENEW] tick=770 state=ok
[HB] up=386s lease_ok=true handshake=true disarmed=false renew_age_ms=501 stat={"ioctl_calls":38,"target_hits":15,"clears_ok":0,"clears_fail":0,"restores_ok":0,"kernel_changed":0,"edges_sent":30,"write_fail":0,"discarded":0,"lease_expired":0,"errors":0}
[HB] up=387s lease_ok=true handshake=true disarmed=false renew_age_ms=500 stat={"ioctl_calls":38,"target_hits":15,"clears_ok":0,"clears_fail":0,"restores_ok":0,"kernel_changed":0,"edges_sent":30,"write_fail":0,"discarded":0,"lease_expired":0,"errors":0}
[HB] up=388s lease_ok=true handshake=true disarmed=false renew_age_ms=500 stat={"ioctl_calls":38,"target_hits":15,"clears_ok":0,"clears_fail":0,"restores_ok":0,"kernel_changed":0,"edges_sent":30,"write_fail":0,"discarded":0,"lease_expired":0,"errors":0}
[HB] up=389s lease_ok=true handshake=true disarmed=false renew_age_ms=500 stat={"ioctl_calls":38,"target_hits":15,"clears_ok":0,"clears_fail":0,"restores_ok":0,"kernel_changed":0,"edges_sent":30,"write_fail":0,"discarded":0,"lease_expired":0,"errors":0}
[HB] up=390s lease_ok=true handshake=true disarmed=false renew_age_ms=500 stat={"ioctl_calls":38,"target_hits":15,"clears_ok":0,"clears_fail":0,"restores_ok":0,"kernel_changed":0,"edges_sent":30,"write_fail":0,"discarded":0,"lease_expired":0,"errors":0}
[RENEW] tick=780 state=ok
[HB] up=391s lease_ok=true handshake=true disarmed=false renew_age_ms=501 stat={"ioctl_calls":38,"target_hits":15,"clears_ok":0,"clears_fail":0,"restores_ok":0,"kernel_changed":0,"edges_sent":30,"write_fail":0,"discarded":0,"lease_expired":0,"errors":0}
[HB] up=392s lease_ok=true handshake=true disarmed=false renew_age_ms=500 stat={"ioctl_calls":38,"target_hits":15,"clears_ok":0,"clears_fail":0,"restores_ok":0,"kernel_changed":0,"edges_sent":30,"write_fail":0,"discarded":0,"lease_expired":0,"errors":0}
[HB] up=393s lease_ok=true handshake=true disarmed=false renew_age_ms=501 stat={"ioctl_calls":38,"target_hits":15,"clears_ok":0,"clears_fail":0,"restores_ok":0,"kernel_changed":0,"edges_sent":30,"write_fail":0,"discarded":0,"lease_expired":0,"errors":0}
[HB] up=394s lease_ok=true handshake=true disarmed=false renew_age_ms=500 stat={"ioctl_calls":38,"target_hits":15,"clears_ok":0,"clears_fail":0,"restores_ok":0,"kernel_changed":0,"edges_sent":30,"write_fail":0,"discarded":0,"lease_expired":0,"errors":0}
[HB] up=395s lease_ok=true handshake=true disarmed=false renew_age_ms=501 stat={"ioctl_calls":38,"target_hits":15,"clears_ok":0,"clears_fail":0,"restores_ok":0,"kernel_changed":0,"edges_sent":30,"write_fail":0,"discarded":0,"lease_expired":0,"errors":0}
[RENEW] tick=790 state=ok
[HB] up=396s lease_ok=true handshake=true disarmed=false renew_age_ms=501 stat={"ioctl_calls":38,"target_hits":15,"clears_ok":0,"clears_fail":0,"restores_ok":0,"kernel_changed":0,"edges_sent":30,"write_fail":0,"discarded":0,"lease_expired":0,"errors":0}
[HB] up=397s lease_ok=true handshake=true disarmed=false renew_age_ms=500 stat={"ioctl_calls":38,"target_hits":15,"clears_ok":0,"clears_fail":0,"restores_ok":0,"kernel_changed":0,"edges_sent":30,"write_fail":0,"discarded":0,"lease_expired":0,"errors":0}
[HB] up=398s lease_ok=true handshake=true disarmed=false renew_age_ms=501 stat={"ioctl_calls":38,"target_hits":15,"clears_ok":0,"clears_fail":0,"restores_ok":0,"kernel_changed":0,"edges_sent":30,"write_fail":0,"discarded":0,"lease_expired":0,"errors":0}
[HB] up=399s lease_ok=true handshake=true disarmed=false renew_age_ms=501 stat={"ioctl_calls":38,"target_hits":15,"clears_ok":0,"clears_fail":0,"restores_ok":0,"kernel_changed":0,"edges_sent":30,"write_fail":0,"discarded":0,"lease_expired":0,"errors":0}
[HB] up=400s lease_ok=true handshake=true disarmed=false renew_age_ms=501 stat={"ioctl_calls":38,"target_hits":15,"clears_ok":0,"clears_fail":0,"restores_ok":0,"kernel_changed":0,"edges_sent":30,"write_fail":0,"discarded":0,"lease_expired":0,"errors":0}
[RENEW] tick=800 state=ok
[HB] up=401s lease_ok=true handshake=true disarmed=false renew_age_ms=501 stat={"ioctl_calls":39,"target_hits":15,"clears_ok":0,"clears_fail":0,"restores_ok":0,"kernel_changed":0,"edges_sent":30,"write_fail":0,"discarded":0,"lease_expired":0,"errors":0}
[HB] up=402s lease_ok=true handshake=true disarmed=false renew_age_ms=500 stat={"ioctl_calls":39,"target_hits":15,"clears_ok":0,"clears_fail":0,"restores_ok":0,"kernel_changed":0,"edges_sent":30,"write_fail":0,"discarded":0,"lease_expired":0,"errors":0}
[HB] up=403s lease_ok=true handshake=true disarmed=false renew_age_ms=500 stat={"ioctl_calls":39,"target_hits":15,"clears_ok":0,"clears_fail":0,"restores_ok":0,"kernel_changed":0,"edges_sent":30,"write_fail":0,"discarded":0,"lease_expired":0,"errors":0}
[HB] up=404s lease_ok=true handshake=true disarmed=false renew_age_ms=501 stat={"ioctl_calls":40,"target_hits":15,"clears_ok":0,"clears_fail":0,"restores_ok":0,"kernel_changed":0,"edges_sent":30,"write_fail":0,"discarded":0,"lease_expired":0,"errors":0}
[HB] up=405s lease_ok=true handshake=true disarmed=false renew_age_ms=501 stat={"ioctl_calls":41,"target_hits":15,"clears_ok":0,"clears_fail":0,"restores_ok":0,"kernel_changed":0,"edges_sent":30,"write_fail":0,"discarded":0,"lease_expired":0,"errors":0}
[RENEW] tick=810 state=ok
[HB] up=406s lease_ok=true handshake=true disarmed=false renew_age_ms=501 stat={"ioctl_calls":41,"target_hits":15,"clears_ok":0,"clears_fail":0,"restores_ok":0,"kernel_changed":0,"edges_sent":30,"write_fail":0,"discarded":0,"lease_expired":0,"errors":0}
[HB] up=407s lease_ok=true handshake=true disarmed=false renew_age_ms=500 stat={"ioctl_calls":42,"target_hits":15,"clears_ok":0,"clears_fail":0,"restores_ok":0,"kernel_changed":0,"edges_sent":30,"write_fail":0,"discarded":0,"lease_expired":0,"errors":0}
[HB] up=408s lease_ok=true handshake=true disarmed=false renew_age_ms=501 stat={"ioctl_calls":42,"target_hits":15,"clears_ok":0,"clears_fail":0,"restores_ok":0,"kernel_changed":0,"edges_sent":30,"write_fail":0,"discarded":0,"lease_expired":0,"errors":0}
[HB] up=409s lease_ok=true handshake=true disarmed=false renew_age_ms=500 stat={"ioctl_calls":42,"target_hits":15,"clears_ok":0,"clears_fail":0,"restores_ok":0,"kernel_changed":0,"edges_sent":30,"write_fail":0,"discarded":0,"lease_expired":0,"errors":0}
[HB] up=410s lease_ok=true handshake=true disarmed=false renew_age_ms=501 stat={"ioctl_calls":43,"target_hits":15,"clears_ok":0,"clears_fail":0,"restores_ok":0,"kernel_changed":0,"edges_sent":30,"write_fail":0,"discarded":0,"lease_expired":0,"errors":0}
[RENEW] tick=820 state=ok
[HB] up=411s lease_ok=true handshake=true disarmed=false renew_age_ms=502 stat={"ioctl_calls":43,"target_hits":15,"clears_ok":0,"clears_fail":0,"restores_ok":0,"kernel_changed":0,"edges_sent":30,"write_fail":0,"discarded":0,"lease_expired":0,"errors":0}
[HB] up=412s lease_ok=true handshake=true disarmed=false renew_age_ms=501 stat={"ioctl_calls":44,"target_hits":15,"clears_ok":0,"clears_fail":0,"restores_ok":0,"kernel_changed":0,"edges_sent":30,"write_fail":0,"discarded":0,"lease_expired":0,"errors":0}
[HB] up=413s lease_ok=true handshake=true disarmed=false renew_age_ms=501 stat={"ioctl_calls":44,"target_hits":15,"clears_ok":0,"clears_fail":0,"restores_ok":0,"kernel_changed":0,"edges_sent":30,"write_fail":0,"discarded":0,"lease_expired":0,"errors":0}
[HB] up=414s lease_ok=true handshake=true disarmed=false renew_age_ms=500 stat={"ioctl_calls":44,"target_hits":15,"clears_ok":0,"clears_fail":0,"restores_ok":0,"kernel_changed":0,"edges_sent":30,"write_fail":0,"discarded":0,"lease_expired":0,"errors":0}
[HB] up=415s lease_ok=true handshake=true disarmed=false renew_age_ms=500 stat={"ioctl_calls":44,"target_hits":15,"clears_ok":0,"clears_fail":0,"restores_ok":0,"kernel_changed":0,"edges_sent":30,"write_fail":0,"discarded":0,"lease_expired":0,"errors":0}
[RENEW] tick=830 state=ok
[HB] up=416s lease_ok=true handshake=true disarmed=false renew_age_ms=501 stat={"ioctl_calls":44,"target_hits":15,"clears_ok":0,"clears_fail":0,"restores_ok":0,"kernel_changed":0,"edges_sent":30,"write_fail":0,"discarded":0,"lease_expired":0,"errors":0}
[HB] up=417s lease_ok=true handshake=true disarmed=false renew_age_ms=500 stat={"ioctl_calls":44,"target_hits":15,"clears_ok":0,"clears_fail":0,"restores_ok":0,"kernel_changed":0,"edges_sent":30,"write_fail":0,"discarded":0,"lease_expired":0,"errors":0}
[HB] up=418s lease_ok=true handshake=true disarmed=false renew_age_ms=501 stat={"ioctl_calls":44,"target_hits":15,"clears_ok":0,"clears_fail":0,"restores_ok":0,"kernel_changed":0,"edges_sent":30,"write_fail":0,"discarded":0,"lease_expired":0,"errors":0}
[HB] up=419s lease_ok=true handshake=true disarmed=false renew_age_ms=501 stat={"ioctl_calls":44,"target_hits":15,"clears_ok":0,"clears_fail":0,"restores_ok":0,"kernel_changed":0,"edges_sent":30,"write_fail":0,"discarded":0,"lease_expired":0,"errors":0}
[HB] up=420s lease_ok=true handshake=true disarmed=false renew_age_ms=501 stat={"ioctl_calls":44,"target_hits":15,"clears_ok":0,"clears_fail":0,"restores_ok":0,"kernel_changed":0,"edges_sent":30,"write_fail":0,"discarded":0,"lease_expired":0,"errors":0}
[RENEW] tick=840 state=ok
[HB] up=421s lease_ok=true handshake=true disarmed=false renew_age_ms=501 stat={"ioctl_calls":44,"target_hits":15,"clears_ok":0,"clears_fail":0,"restores_ok":0,"kernel_changed":0,"edges_sent":30,"write_fail":0,"discarded":0,"lease_expired":0,"errors":0}
[HB] up=422s lease_ok=true handshake=true disarmed=false renew_age_ms=500 stat={"ioctl_calls":44,"target_hits":15,"clears_ok":0,"clears_fail":0,"restores_ok":0,"kernel_changed":0,"edges_sent":30,"write_fail":0,"discarded":0,"lease_expired":0,"errors":0}
[HB] up=423s lease_ok=true handshake=true disarmed=false renew_age_ms=500 stat={"ioctl_calls":44,"target_hits":15,"clears_ok":0,"clears_fail":0,"restores_ok":0,"kernel_changed":0,"edges_sent":30,"write_fail":0,"discarded":0,"lease_expired":0,"errors":0}
[HB] up=424s lease_ok=true handshake=true disarmed=false renew_age_ms=501 stat={"ioctl_calls":44,"target_hits":15,"clears_ok":0,"clears_fail":0,"restores_ok":0,"kernel_changed":0,"edges_sent":30,"write_fail":0,"discarded":0,"lease_expired":0,"errors":0}
[HB] up=425s lease_ok=true handshake=true disarmed=false renew_age_ms=500 stat={"ioctl_calls":44,"target_hits":15,"clears_ok":0,"clears_fail":0,"restores_ok":0,"kernel_changed":0,"edges_sent":30,"write_fail":0,"discarded":0,"lease_expired":0,"errors":0}
[RENEW] tick=850 state=ok
[HB] up=426s lease_ok=true handshake=true disarmed=false renew_age_ms=501 stat={"ioctl_calls":44,"target_hits":15,"clears_ok":0,"clears_fail":0,"restores_ok":0,"kernel_changed":0,"edges_sent":30,"write_fail":0,"discarded":0,"lease_expired":0,"errors":0}
[HB] up=427s lease_ok=true handshake=true disarmed=false renew_age_ms=500 stat={"ioctl_calls":44,"target_hits":15,"clears_ok":0,"clears_fail":0,"restores_ok":0,"kernel_changed":0,"edges_sent":30,"write_fail":0,"discarded":0,"lease_expired":0,"errors":0}
[HB] up=428s lease_ok=true handshake=true disarmed=false renew_age_ms=500 stat={"ioctl_calls":44,"target_hits":15,"clears_ok":0,"clears_fail":0,"restores_ok":0,"kernel_changed":0,"edges_sent":30,"write_fail":0,"discarded":0,"lease_expired":0,"errors":0}
[HB] up=429s lease_ok=true handshake=true disarmed=false renew_age_ms=500 stat={"ioctl_calls":44,"target_hits":15,"clears_ok":0,"clears_fail":0,"restores_ok":0,"kernel_changed":0,"edges_sent":30,"write_fail":0,"discarded":0,"lease_expired":0,"errors":0}
[HB] up=430s lease_ok=true handshake=true disarmed=false renew_age_ms=501 stat={"ioctl_calls":45,"target_hits":15,"clears_ok":0,"clears_fail":0,"restores_ok":0,"kernel_changed":0,"edges_sent":30,"write_fail":0,"discarded":0,"lease_expired":0,"errors":0}
[RENEW] tick=860 state=ok
[HB] up=431s lease_ok=true handshake=true disarmed=false renew_age_ms=501 stat={"ioctl_calls":45,"target_hits":15,"clears_ok":0,"clears_fail":0,"restores_ok":0,"kernel_changed":0,"edges_sent":30,"write_fail":0,"discarded":0,"lease_expired":0,"errors":0}
[HB] up=432s lease_ok=true handshake=true disarmed=false renew_age_ms=500 stat={"ioctl_calls":46,"target_hits":15,"clears_ok":0,"clears_fail":0,"restores_ok":0,"kernel_changed":0,"edges_sent":30,"write_fail":0,"discarded":0,"lease_expired":0,"errors":0}
[HB] up=433s lease_ok=true handshake=true disarmed=false renew_age_ms=500 stat={"ioctl_calls":47,"target_hits":15,"clears_ok":0,"clears_fail":0,"restores_ok":0,"kernel_changed":0,"edges_sent":30,"write_fail":0,"discarded":0,"lease_expired":0,"errors":0}
[HB] up=434s lease_ok=true handshake=true disarmed=false renew_age_ms=500 stat={"ioctl_calls":47,"target_hits":15,"clears_ok":0,"clears_fail":0,"restores_ok":0,"kernel_changed":0,"edges_sent":30,"write_fail":0,"discarded":0,"lease_expired":0,"errors":0}
[HB] up=435s lease_ok=true handshake=true disarmed=false renew_age_ms=500 stat={"ioctl_calls":48,"target_hits":15,"clears_ok":0,"clears_fail":0,"restores_ok":0,"kernel_changed":0,"edges_sent":30,"write_fail":0,"discarded":0,"lease_expired":0,"errors":0}
[RENEW] tick=870 state=ok
[HB] up=436s lease_ok=true handshake=true disarmed=false renew_age_ms=500 stat={"ioctl_calls":49,"target_hits":15,"clears_ok":0,"clears_fail":0,"restores_ok":0,"kernel_changed":0,"edges_sent":30,"write_fail":0,"discarded":0,"lease_expired":0,"errors":0}
[HB] up=437s lease_ok=true handshake=true disarmed=false renew_age_ms=501 stat={"ioctl_calls":50,"target_hits":15,"clears_ok":0,"clears_fail":0,"restores_ok":0,"kernel_changed":0,"edges_sent":30,"write_fail":0,"discarded":0,"lease_expired":0,"errors":0}
[HB] up=438s lease_ok=true handshake=true disarmed=false renew_age_ms=500 stat={"ioctl_calls":50,"target_hits":15,"clears_ok":0,"clears_fail":0,"restores_ok":0,"kernel_changed":0,"edges_sent":30,"write_fail":0,"discarded":0,"lease_expired":0,"errors":0}
[HB] up=439s lease_ok=true handshake=true disarmed=false renew_age_ms=500 stat={"ioctl_calls":50,"target_hits":15,"clears_ok":0,"clears_fail":0,"restores_ok":0,"kernel_changed":0,"edges_sent":30,"write_fail":0,"discarded":0,"lease_expired":0,"errors":0}
[HB] up=440s lease_ok=true handshake=true disarmed=false renew_age_ms=501 stat={"ioctl_calls":50,"target_hits":15,"clears_ok":0,"clears_fail":0,"restores_ok":0,"kernel_changed":0,"edges_sent":30,"write_fail":0,"discarded":0,"lease_expired":0,"errors":0}
[RENEW] tick=880 state=ok
[HB] up=441s lease_ok=true handshake=true disarmed=false renew_age_ms=501 stat={"ioctl_calls":50,"target_hits":15,"clears_ok":0,"clears_fail":0,"restores_ok":0,"kernel_changed":0,"edges_sent":30,"write_fail":0,"discarded":0,"lease_expired":0,"errors":0}
[HB] up=442s lease_ok=true handshake=true disarmed=false renew_age_ms=500 stat={"ioctl_calls":50,"target_hits":15,"clears_ok":0,"clears_fail":0,"restores_ok":0,"kernel_changed":0,"edges_sent":30,"write_fail":0,"discarded":0,"lease_expired":0,"errors":0}
[HB] up=443s lease_ok=true handshake=true disarmed=false renew_age_ms=500 stat={"ioctl_calls":50,"target_hits":15,"clears_ok":0,"clears_fail":0,"restores_ok":0,"kernel_changed":0,"edges_sent":30,"write_fail":0,"discarded":0,"lease_expired":0,"errors":0}
[HB] up=444s lease_ok=true handshake=true disarmed=false renew_age_ms=500 stat={"ioctl_calls":50,"target_hits":15,"clears_ok":0,"clears_fail":0,"restores_ok":0,"kernel_changed":0,"edges_sent":30,"write_fail":0,"discarded":0,"lease_expired":0,"errors":0}
[HB] up=445s lease_ok=true handshake=true disarmed=false renew_age_ms=500 stat={"ioctl_calls":50,"target_hits":15,"clears_ok":0,"clears_fail":0,"restores_ok":0,"kernel_changed":0,"edges_sent":30,"write_fail":0,"discarded":0,"lease_expired":0,"errors":0}
[RENEW] tick=890 state=ok
[HB] up=446s lease_ok=true handshake=true disarmed=false renew_age_ms=502 stat={"ioctl_calls":50,"target_hits":15,"clears_ok":0,"clears_fail":0,"restores_ok":0,"kernel_changed":0,"edges_sent":30,"write_fail":0,"discarded":0,"lease_expired":0,"errors":0}
[HB] up=447s lease_ok=true handshake=true disarmed=false renew_age_ms=501 stat={"ioctl_calls":50,"target_hits":15,"clears_ok":0,"clears_fail":0,"restores_ok":0,"kernel_changed":0,"edges_sent":30,"write_fail":0,"discarded":0,"lease_expired":0,"errors":0}
[HB] up=448s lease_ok=true handshake=true disarmed=false renew_age_ms=501 stat={"ioctl_calls":50,"target_hits":15,"clears_ok":0,"clears_fail":0,"restores_ok":0,"kernel_changed":0,"edges_sent":30,"write_fail":0,"discarded":0,"lease_expired":0,"errors":0}
[HB] up=449s lease_ok=true handshake=true disarmed=false renew_age_ms=500 stat={"ioctl_calls":50,"target_hits":15,"clears_ok":0,"clears_fail":0,"restores_ok":0,"kernel_changed":0,"edges_sent":30,"write_fail":0,"discarded":0,"lease_expired":0,"errors":0}
[HB] up=450s lease_ok=true handshake=true disarmed=false renew_age_ms=500 stat={"ioctl_calls":50,"target_hits":15,"clears_ok":0,"clears_fail":0,"restores_ok":0,"kernel_changed":0,"edges_sent":30,"write_fail":0,"discarded":0,"lease_expired":0,"errors":0}
[RENEW] tick=900 state=ok
[HB] up=451s lease_ok=true handshake=true disarmed=false renew_age_ms=501 stat={"ioctl_calls":50,"target_hits":15,"clears_ok":0,"clears_fail":0,"restores_ok":0,"kernel_changed":0,"edges_sent":30,"write_fail":0,"discarded":0,"lease_expired":0,"errors":0}
[HB] up=452s lease_ok=true handshake=true disarmed=false renew_age_ms=500 stat={"ioctl_calls":50,"target_hits":15,"clears_ok":0,"clears_fail":0,"restores_ok":0,"kernel_changed":0,"edges_sent":30,"write_fail":0,"discarded":0,"lease_expired":0,"errors":0}
[HB] up=453s lease_ok=true handshake=true disarmed=false renew_age_ms=500 stat={"ioctl_calls":50,"target_hits":15,"clears_ok":0,"clears_fail":0,"restores_ok":0,"kernel_changed":0,"edges_sent":30,"write_fail":0,"discarded":0,"lease_expired":0,"errors":0}
[HB] up=454s lease_ok=true handshake=true disarmed=false renew_age_ms=500 stat={"ioctl_calls":50,"target_hits":15,"clears_ok":0,"clears_fail":0,"restores_ok":0,"kernel_changed":0,"edges_sent":30,"write_fail":0,"discarded":0,"lease_expired":0,"errors":0}
[HB] up=455s lease_ok=true handshake=true disarmed=false renew_age_ms=501 stat={"ioctl_calls":50,"target_hits":15,"clears_ok":0,"clears_fail":0,"restores_ok":0,"kernel_changed":0,"edges_sent":30,"write_fail":0,"discarded":0,"lease_expired":0,"errors":0}
[RENEW] tick=910 state=ok
[HB] up=456s lease_ok=true handshake=true disarmed=false renew_age_ms=502 stat={"ioctl_calls":50,"target_hits":15,"clears_ok":0,"clears_fail":0,"restores_ok":0,"kernel_changed":0,"edges_sent":30,"write_fail":0,"discarded":0,"lease_expired":0,"errors":0}
[HB] up=457s lease_ok=true handshake=true disarmed=false renew_age_ms=500 stat={"ioctl_calls":50,"target_hits":15,"clears_ok":0,"clears_fail":0,"restores_ok":0,"kernel_changed":0,"edges_sent":30,"write_fail":0,"discarded":0,"lease_expired":0,"errors":0}
[HB] up=458s lease_ok=true handshake=true disarmed=false renew_age_ms=500 stat={"ioctl_calls":50,"target_hits":15,"clears_ok":0,"clears_fail":0,"restores_ok":0,"kernel_changed":0,"edges_sent":30,"write_fail":0,"discarded":0,"lease_expired":0,"errors":0}
[HB] up=459s lease_ok=true handshake=true disarmed=false renew_age_ms=501 stat={"ioctl_calls":50,"target_hits":15,"clears_ok":0,"clears_fail":0,"restores_ok":0,"kernel_changed":0,"edges_sent":30,"write_fail":0,"discarded":0,"lease_expired":0,"errors":0}
[HB] up=460s lease_ok=true handshake=true disarmed=false renew_age_ms=500 stat={"ioctl_calls":50,"target_hits":15,"clears_ok":0,"clears_fail":0,"restores_ok":0,"kernel_changed":0,"edges_sent":30,"write_fail":0,"discarded":0,"lease_expired":0,"errors":0}
[RENEW] tick=920 state=ok
[HB] up=461s lease_ok=true handshake=true disarmed=false renew_age_ms=501 stat={"ioctl_calls":50,"target_hits":15,"clears_ok":0,"clears_fail":0,"restores_ok":0,"kernel_changed":0,"edges_sent":30,"write_fail":0,"discarded":0,"lease_expired":0,"errors":0}
[HB] up=462s lease_ok=true handshake=true disarmed=false renew_age_ms=501 stat={"ioctl_calls":50,"target_hits":15,"clears_ok":0,"clears_fail":0,"restores_ok":0,"kernel_changed":0,"edges_sent":30,"write_fail":0,"discarded":0,"lease_expired":0,"errors":0}
[HB] up=463s lease_ok=true handshake=true disarmed=false renew_age_ms=500 stat={"ioctl_calls":50,"target_hits":15,"clears_ok":0,"clears_fail":0,"restores_ok":0,"kernel_changed":0,"edges_sent":30,"write_fail":0,"discarded":0,"lease_expired":0,"errors":0}
[HB] up=464s lease_ok=true handshake=true disarmed=false renew_age_ms=500 stat={"ioctl_calls":50,"target_hits":15,"clears_ok":0,"clears_fail":0,"restores_ok":0,"kernel_changed":0,"edges_sent":30,"write_fail":0,"discarded":0,"lease_expired":0,"errors":0}
[HB] up=465s lease_ok=true handshake=true disarmed=false renew_age_ms=501 stat={"ioctl_calls":50,"target_hits":15,"clears_ok":0,"clears_fail":0,"restores_ok":0,"kernel_changed":0,"edges_sent":30,"write_fail":0,"discarded":0,"lease_expired":0,"errors":0}
[RENEW] tick=930 state=ok
[HB] up=466s lease_ok=true handshake=true disarmed=false renew_age_ms=502 stat={"ioctl_calls":50,"target_hits":15,"clears_ok":0,"clears_fail":0,"restores_ok":0,"kernel_changed":0,"edges_sent":30,"write_fail":0,"discarded":0,"lease_expired":0,"errors":0}
[HB] up=467s lease_ok=true handshake=true disarmed=false renew_age_ms=501 stat={"ioctl_calls":50,"target_hits":15,"clears_ok":0,"clears_fail":0,"restores_ok":0,"kernel_changed":0,"edges_sent":30,"write_fail":0,"discarded":0,"lease_expired":0,"errors":0}
[HB] up=468s lease_ok=true handshake=true disarmed=false renew_age_ms=500 stat={"ioctl_calls":50,"target_hits":15,"clears_ok":0,"clears_fail":0,"restores_ok":0,"kernel_changed":0,"edges_sent":30,"write_fail":0,"discarded":0,"lease_expired":0,"errors":0}
[HB] up=469s lease_ok=true handshake=true disarmed=false renew_age_ms=500 stat={"ioctl_calls":50,"target_hits":15,"clears_ok":0,"clears_fail":0,"restores_ok":0,"kernel_changed":0,"edges_sent":30,"write_fail":0,"discarded":0,"lease_expired":0,"errors":0}
[HB] up=470s lease_ok=true handshake=true disarmed=false renew_age_ms=500 stat={"ioctl_calls":50,"target_hits":15,"clears_ok":0,"clears_fail":0,"restores_ok":0,"kernel_changed":0,"edges_sent":30,"write_fail":0,"discarded":0,"lease_expired":0,"errors":0}
[RENEW] tick=940 state=ok
[HB] up=471s lease_ok=true handshake=true disarmed=false renew_age_ms=500 stat={"ioctl_calls":50,"target_hits":15,"clears_ok":0,"clears_fail":0,"restores_ok":0,"kernel_changed":0,"edges_sent":30,"write_fail":0,"discarded":0,"lease_expired":0,"errors":0}
[HB] up=472s lease_ok=true handshake=true disarmed=false renew_age_ms=501 stat={"ioctl_calls":50,"target_hits":15,"clears_ok":0,"clears_fail":0,"restores_ok":0,"kernel_changed":0,"edges_sent":30,"write_fail":0,"discarded":0,"lease_expired":0,"errors":0}
[HB] up=473s lease_ok=true handshake=true disarmed=false renew_age_ms=501 stat={"ioctl_calls":50,"target_hits":15,"clears_ok":0,"clears_fail":0,"restores_ok":0,"kernel_changed":0,"edges_sent":30,"write_fail":0,"discarded":0,"lease_expired":0,"errors":0}
[HB] up=474s lease_ok=true handshake=true disarmed=false renew_age_ms=501 stat={"ioctl_calls":50,"target_hits":15,"clears_ok":0,"clears_fail":0,"restores_ok":0,"kernel_changed":0,"edges_sent":30,"write_fail":0,"discarded":0,"lease_expired":0,"errors":0}
[HB] up=475s lease_ok=true handshake=true disarmed=false renew_age_ms=500 stat={"ioctl_calls":50,"target_hits":15,"clears_ok":0,"clears_fail":0,"restores_ok":0,"kernel_changed":0,"edges_sent":30,"write_fail":0,"discarded":0,"lease_expired":0,"errors":0}
[RENEW] tick=950 state=ok
[HB] up=476s lease_ok=true handshake=true disarmed=false renew_age_ms=501 stat={"ioctl_calls":50,"target_hits":15,"clears_ok":0,"clears_fail":0,"restores_ok":0,"kernel_changed":0,"edges_sent":30,"write_fail":0,"discarded":0,"lease_expired":0,"errors":0}
[HB] up=477s lease_ok=true handshake=true disarmed=false renew_age_ms=501 stat={"ioctl_calls":50,"target_hits":15,"clears_ok":0,"clears_fail":0,"restores_ok":0,"kernel_changed":0,"edges_sent":30,"write_fail":0,"discarded":0,"lease_expired":0,"errors":0}
[HB] up=478s lease_ok=true handshake=true disarmed=false renew_age_ms=500 stat={"ioctl_calls":50,"target_hits":15,"clears_ok":0,"clears_fail":0,"restores_ok":0,"kernel_changed":0,"edges_sent":30,"write_fail":0,"discarded":0,"lease_expired":0,"errors":0}
[HB] up=479s lease_ok=true handshake=true disarmed=false renew_age_ms=500 stat={"ioctl_calls":50,"target_hits":15,"clears_ok":0,"clears_fail":0,"restores_ok":0,"kernel_changed":0,"edges_sent":30,"write_fail":0,"discarded":0,"lease_expired":0,"errors":0}
[HB] up=480s lease_ok=true handshake=true disarmed=false renew_age_ms=500 stat={"ioctl_calls":50,"target_hits":15,"clears_ok":0,"clears_fail":0,"restores_ok":0,"kernel_changed":0,"edges_sent":30,"write_fail":0,"discarded":0,"lease_expired":0,"errors":0}
[RENEW] tick=960 state=ok
[HB] up=481s lease_ok=true handshake=true disarmed=false renew_age_ms=501 stat={"ioctl_calls":50,"target_hits":15,"clears_ok":0,"clears_fail":0,"restores_ok":0,"kernel_changed":0,"edges_sent":30,"write_fail":0,"discarded":0,"lease_expired":0,"errors":0}
[HB] up=482s lease_ok=true handshake=true disarmed=false renew_age_ms=500 stat={"ioctl_calls":50,"target_hits":15,"clears_ok":0,"clears_fail":0,"restores_ok":0,"kernel_changed":0,"edges_sent":30,"write_fail":0,"discarded":0,"lease_expired":0,"errors":0}
[HB] up=483s lease_ok=true handshake=true disarmed=false renew_age_ms=500 stat={"ioctl_calls":50,"target_hits":15,"clears_ok":0,"clears_fail":0,"restores_ok":0,"kernel_changed":0,"edges_sent":30,"write_fail":0,"discarded":0,"lease_expired":0,"errors":0}
[HB] up=484s lease_ok=true handshake=true disarmed=false renew_age_ms=501 stat={"ioctl_calls":50,"target_hits":15,"clears_ok":0,"clears_fail":0,"restores_ok":0,"kernel_changed":0,"edges_sent":30,"write_fail":0,"discarded":0,"lease_expired":0,"errors":0}
[HB] up=485s lease_ok=true handshake=true disarmed=false renew_age_ms=501 stat={"ioctl_calls":50,"target_hits":15,"clears_ok":0,"clears_fail":0,"restores_ok":0,"kernel_changed":0,"edges_sent":30,"write_fail":0,"discarded":0,"lease_expired":0,"errors":0}
[RENEW] tick=970 state=ok
[HB] up=486s lease_ok=true handshake=true disarmed=false renew_age_ms=502 stat={"ioctl_calls":50,"target_hits":15,"clears_ok":0,"clears_fail":0,"restores_ok":0,"kernel_changed":0,"edges_sent":30,"write_fail":0,"discarded":0,"lease_expired":0,"errors":0}
[HB] up=487s lease_ok=true handshake=true disarmed=false renew_age_ms=500 stat={"ioctl_calls":50,"target_hits":15,"clears_ok":0,"clears_fail":0,"restores_ok":0,"kernel_changed":0,"edges_sent":30,"write_fail":0,"discarded":0,"lease_expired":0,"errors":0}
[HB] up=488s lease_ok=true handshake=true disarmed=false renew_age_ms=500 stat={"ioctl_calls":50,"target_hits":15,"clears_ok":0,"clears_fail":0,"restores_ok":0,"kernel_changed":0,"edges_sent":30,"write_fail":0,"discarded":0,"lease_expired":0,"errors":0}
[HB] up=489s lease_ok=true handshake=true disarmed=false renew_age_ms=500 stat={"ioctl_calls":50,"target_hits":15,"clears_ok":0,"clears_fail":0,"restores_ok":0,"kernel_changed":0,"edges_sent":30,"write_fail":0,"discarded":0,"lease_expired":0,"errors":0}
[HB] up=490s lease_ok=true handshake=true disarmed=false renew_age_ms=500 stat={"ioctl_calls":50,"target_hits":15,"clears_ok":0,"clears_fail":0,"restores_ok":0,"kernel_changed":0,"edges_sent":30,"write_fail":0,"discarded":0,"lease_expired":0,"errors":0}
[RENEW] tick=980 state=ok
[HB] up=491s lease_ok=true handshake=true disarmed=false renew_age_ms=501 stat={"ioctl_calls":50,"target_hits":15,"clears_ok":0,"clears_fail":0,"restores_ok":0,"kernel_changed":0,"edges_sent":30,"write_fail":0,"discarded":0,"lease_expired":0,"errors":0}
[HB] up=492s lease_ok=true handshake=true disarmed=false renew_age_ms=500 stat={"ioctl_calls":50,"target_hits":15,"clears_ok":0,"clears_fail":0,"restores_ok":0,"kernel_changed":0,"edges_sent":30,"write_fail":0,"discarded":0,"lease_expired":0,"errors":0}
[HB] up=493s lease_ok=true handshake=true disarmed=false renew_age_ms=500 stat={"ioctl_calls":50,"target_hits":15,"clears_ok":0,"clears_fail":0,"restores_ok":0,"kernel_changed":0,"edges_sent":30,"write_fail":0,"discarded":0,"lease_expired":0,"errors":0}
[HB] up=494s lease_ok=true handshake=true disarmed=false renew_age_ms=500 stat={"ioctl_calls":50,"target_hits":15,"clears_ok":0,"clears_fail":0,"restores_ok":0,"kernel_changed":0,"edges_sent":30,"write_fail":0,"discarded":0,"lease_expired":0,"errors":0}
[HB] up=495s lease_ok=true handshake=true disarmed=false renew_age_ms=500 stat={"ioctl_calls":50,"target_hits":15,"clears_ok":0,"clears_fail":0,"restores_ok":0,"kernel_changed":0,"edges_sent":30,"write_fail":0,"discarded":0,"lease_expired":0,"errors":0}
[RENEW] tick=990 state=ok
[HB] up=496s lease_ok=true handshake=true disarmed=false renew_age_ms=501 stat={"ioctl_calls":50,"target_hits":15,"clears_ok":0,"clears_fail":0,"restores_ok":0,"kernel_changed":0,"edges_sent":30,"write_fail":0,"discarded":0,"lease_expired":0,"errors":0}
[HB] up=497s lease_ok=true handshake=true disarmed=false renew_age_ms=501 stat={"ioctl_calls":50,"target_hits":15,"clears_ok":0,"clears_fail":0,"restores_ok":0,"kernel_changed":0,"edges_sent":30,"write_fail":0,"discarded":0,"lease_expired":0,"errors":0}
[HB] up=498s lease_ok=true handshake=true disarmed=false renew_age_ms=501 stat={"ioctl_calls":50,"target_hits":15,"clears_ok":0,"clears_fail":0,"restores_ok":0,"kernel_changed":0,"edges_sent":30,"write_fail":0,"discarded":0,"lease_expired":0,"errors":0}
[HB] up=499s lease_ok=true handshake=true disarmed=false renew_age_ms=501 stat={"ioctl_calls":50,"target_hits":15,"clears_ok":0,"clears_fail":0,"restores_ok":0,"kernel_changed":0,"edges_sent":30,"write_fail":0,"discarded":0,"lease_expired":0,"errors":0}
[HB] up=500s lease_ok=true handshake=true disarmed=false renew_age_ms=500 stat={"ioctl_calls":50,"target_hits":15,"clears_ok":0,"clears_fail":0,"restores_ok":0,"kernel_changed":0,"edges_sent":30,"write_fail":0,"discarded":0,"lease_expired":0,"errors":0}
[RENEW] tick=1000 state=ok
[HB] up=501s lease_ok=true handshake=true disarmed=false renew_age_ms=501 stat={"ioctl_calls":50,"target_hits":15,"clears_ok":0,"clears_fail":0,"restores_ok":0,"kernel_changed":0,"edges_sent":30,"write_fail":0,"discarded":0,"lease_expired":0,"errors":0}
[HB] up=502s lease_ok=true handshake=true disarmed=false renew_age_ms=500 stat={"ioctl_calls":50,"target_hits":15,"clears_ok":0,"clears_fail":0,"restores_ok":0,"kernel_changed":0,"edges_sent":30,"write_fail":0,"discarded":0,"lease_expired":0,"errors":0}
[HB] up=503s lease_ok=true handshake=true disarmed=false renew_age_ms=500 stat={"ioctl_calls":50,"target_hits":15,"clears_ok":0,"clears_fail":0,"restores_ok":0,"kernel_changed":0,"edges_sent":30,"write_fail":0,"discarded":0,"lease_expired":0,"errors":0}
[HB] up=504s lease_ok=true handshake=true disarmed=false renew_age_ms=501 stat={"ioctl_calls":50,"target_hits":15,"clears_ok":0,"clears_fail":0,"restores_ok":0,"kernel_changed":0,"edges_sent":30,"write_fail":0,"discarded":0,"lease_expired":0,"errors":0}
[HB] up=505s lease_ok=true handshake=true disarmed=false renew_age_ms=501 stat={"ioctl_calls":50,"target_hits":15,"clears_ok":0,"clears_fail":0,"restores_ok":0,"kernel_changed":0,"edges_sent":30,"write_fail":0,"discarded":0,"lease_expired":0,"errors":0}
[RENEW] tick=1010 state=ok
[HB] up=506s lease_ok=true handshake=true disarmed=false renew_age_ms=502 stat={"ioctl_calls":50,"target_hits":15,"clears_ok":0,"clears_fail":0,"restores_ok":0,"kernel_changed":0,"edges_sent":30,"write_fail":0,"discarded":0,"lease_expired":0,"errors":0}
[HB] up=507s lease_ok=true handshake=true disarmed=false renew_age_ms=500 stat={"ioctl_calls":50,"target_hits":15,"clears_ok":0,"clears_fail":0,"restores_ok":0,"kernel_changed":0,"edges_sent":30,"write_fail":0,"discarded":0,"lease_expired":0,"errors":0}
[HB] up=508s lease_ok=true handshake=true disarmed=false renew_age_ms=500 stat={"ioctl_calls":50,"target_hits":15,"clears_ok":0,"clears_fail":0,"restores_ok":0,"kernel_changed":0,"edges_sent":30,"write_fail":0,"discarded":0,"lease_expired":0,"errors":0}
[HB] up=509s lease_ok=true handshake=true disarmed=false renew_age_ms=500 stat={"ioctl_calls":50,"target_hits":15,"clears_ok":0,"clears_fail":0,"restores_ok":0,"kernel_changed":0,"edges_sent":30,"write_fail":0,"discarded":0,"lease_expired":0,"errors":0}
[HB] up=510s lease_ok=true handshake=true disarmed=false renew_age_ms=501 stat={"ioctl_calls":50,"target_hits":15,"clears_ok":0,"clears_fail":0,"restores_ok":0,"kernel_changed":0,"edges_sent":30,"write_fail":0,"discarded":0,"lease_expired":0,"errors":0}
[RENEW] tick=1020 state=ok
[HB] up=511s lease_ok=true handshake=true disarmed=false renew_age_ms=502 stat={"ioctl_calls":50,"target_hits":15,"clears_ok":0,"clears_fail":0,"restores_ok":0,"kernel_changed":0,"edges_sent":30,"write_fail":0,"discarded":0,"lease_expired":0,"errors":0}
[HB] up=512s lease_ok=true handshake=true disarmed=false renew_age_ms=501 stat={"ioctl_calls":50,"target_hits":15,"clears_ok":0,"clears_fail":0,"restores_ok":0,"kernel_changed":0,"edges_sent":30,"write_fail":0,"discarded":0,"lease_expired":0,"errors":0}
[HB] up=513s lease_ok=true handshake=true disarmed=false renew_age_ms=500 stat={"ioctl_calls":50,"target_hits":15,"clears_ok":0,"clears_fail":0,"restores_ok":0,"kernel_changed":0,"edges_sent":30,"write_fail":0,"discarded":0,"lease_expired":0,"errors":0}
[HB] up=514s lease_ok=true handshake=true disarmed=false renew_age_ms=500 stat={"ioctl_calls":50,"target_hits":15,"clears_ok":0,"clears_fail":0,"restores_ok":0,"kernel_changed":0,"edges_sent":30,"write_fail":0,"discarded":0,"lease_expired":0,"errors":0}
[HB] up=515s lease_ok=true handshake=true disarmed=false renew_age_ms=501 stat={"ioctl_calls":50,"target_hits":15,"clears_ok":0,"clears_fail":0,"restores_ok":0,"kernel_changed":0,"edges_sent":30,"write_fail":0,"discarded":0,"lease_expired":0,"errors":0}
[RENEW] tick=1030 state=ok
[HB] up=516s lease_ok=true handshake=true disarmed=false renew_age_ms=501 stat={"ioctl_calls":50,"target_hits":15,"clears_ok":0,"clears_fail":0,"restores_ok":0,"kernel_changed":0,"edges_sent":30,"write_fail":0,"discarded":0,"lease_expired":0,"errors":0}
[HB] up=517s lease_ok=true handshake=true disarmed=false renew_age_ms=501 stat={"ioctl_calls":50,"target_hits":15,"clears_ok":0,"clears_fail":0,"restores_ok":0,"kernel_changed":0,"edges_sent":30,"write_fail":0,"discarded":0,"lease_expired":0,"errors":0}
[HB] up=518s lease_ok=true handshake=true disarmed=false renew_age_ms=501 stat={"ioctl_calls":50,"target_hits":15,"clears_ok":0,"clears_fail":0,"restores_ok":0,"kernel_changed":0,"edges_sent":30,"write_fail":0,"discarded":0,"lease_expired":0,"errors":0}
