=== sayall-helper（RC003 增强捕获轨 / 产品化 spike）  2026-09-29 01:37:19.498 ===
[ENV] elevated=true pid=8484 port=47831 runtime_dir=C:\ProgramData\SayAll\rc003-helper target_pid=- gadget_sha256=350beb0e801dc7dc39d21512960d1048b9f21dc72c0ee5ced5cf5d9dc8ea6687 agent_sha256=a1d05480d8b37beb28fbf2efe4ce49c743a9e4a43916c3bf8994e85edf0a732e
[REG] diag_keys=9 instances_with_hostpid=9 no_host=0 read_failures=0 rc003_instances=1
[HOST] pid=32728 exe=WUDFHost.exe image=C:\Windows\System32\WUDFHost.exe
[EXCLUSIVE] members=3 rc003_members=1 verdict=shared_host
    [RC003] BTHLEDevice\{00001812-0000-1000-8000-00805f9b34fb}_Dev_VID&012717_PID&32b8_REV&00a4_<BT-ADDR>\9&220df34&0&0055
    [其它] BTHLEDevice\{00001812-0000-1000-8000-00805f9b34fb}_Dev_VID&0232c2_PID&6621_REV&0001_<BT-ADDR>\9&1f94fffe&0&001b
    [其它] BTHLEDevice\{00001812-0000-1000-8000-00805f9b34fb}_Dev_VID&0232c2_PID&6621_REV&0001_<BT-ADDR>\9&24426be3&0&001b
[SHARED-HOST] decision=continue_with_usage_gate members=3 rc003_members=1
[INFO] 宿主同时承载其它 HID 设备：仅改写含目标 usage（F1/80/81）的键盘报告，其它设备的报告不动；如需恢复旧行为加 --require-exclusive-host。
[GADGET] src=D:\SayAll\src\GetSayAll\remote-mic-app-windows\.worktree\doubao-hid-synth\hardware\RC003\helper\vendor\frida-gadget.dll
[VERIFY] file=D:\SayAll\src\GetSayAll\remote-mic-app-windows\.worktree\doubao-hid-synth\hardware\RC003\helper\vendor\frida-gadget.dll size=23254016 sha256=350beb0e801dc7dc39d21512960d1048b9f21dc72c0ee5ced5cf5d9dc8ea6687 expected=350beb0e801dc7dc39d21512960d1048b9f21dc72c0ee5ced5cf5d9dc8ea6687
[TOKEN] source=regenerated path=C:\ProgramData\SayAll\rc003-helper\session.token value=0f5ba76651557ae903062cada513cee0
[TAP] scan=ok modules=47 resident=1 modules_detail=frida-gadget.dll base=0x7FF8EB070000 size=23617536
    [TAP] path=C:\ProgramData\SayAll\rc003-helper\frida-gadget.dll
[APP-BRIDGE] event=enabled descriptor=C:\Users\hd838\AppData\Local\SayAll\rc003-bridge.ini
[LISTEN] addr=127.0.0.1:47831
[PREP] dll=C:\ProgramData\SayAll\rc003-helper\gen-0f5ba766\frida-gadget.dll action=copied bytes=23254016
[PREP] generation=gen-0f5ba766 dir=C:\ProgramData\SayAll\rc003-helper\gen-0f5ba766 note=实验性：同一宿主内的第二个 Gadget 实例
[PREP] dir=C:\ProgramData\SayAll\rc003-helper config=C:\ProgramData\SayAll\rc003-helper\gen-0f5ba766\frida-gadget.config agent=C:\ProgramData\SayAll\rc003-helper\gen-0f5ba766\rc003_agent.js port=47831 mode=clear restore=true lease_ms=2000
[REAP] removed=2 kept_in_use=1
[APP-BRIDGE] event=connected descriptor=C:\Users\hd838\AppData\Local\SayAll\rc003-bridge.ini
[INJECT] pid=32728 dll=C:\ProgramData\SayAll\rc003-helper\gen-0f5ba766\frida-gadget.dll wait=0x00000000 hmodule_return=0x01570000
[VERIFY-MODULE] module_present=true base=0x7FF901570000 gadget_modules_in_host=2 all=frida-gadget.dll base=0x7FF8EB070000 size=23617536; frida-gadget.dll base=0x7FF901570000 size=23617536
[WARN] 宿主里现在有 2 个 Gadget 实例（多世代并存）。旧实例的令牌接不上，会被助手拒掉；它不会清键（租约早已到期），但会一直占用内存直到宿主重启。
[DLL] dll=C:\ProgramData\SayAll\rc003-helper\gen-0f5ba766\frida-gadget.dll action=copied sha256_verified=false copied=true generation=

已武装。主程序会动态下发已配置按键；[CONFIG] / [HB] 的 report_usages 是当前实际目标。
未列入 report_usages 的按键保持 Windows 原生行为；语音键不参与本链路。
每 2 秒会打印一次 [HB] 心跳；Ctrl+C 或直接关掉本窗口结束（会先给 agent 发 disarm；即使来不及，agent 也会在 2000 ms 租约到期后自行停止清键）。本次运行上限 1800 秒，到点自动收尾。

[ACCEPT] from=127.0.0.1:57720
[REJECT] reason=token_mismatch total=1 agent_pid=32728 note=可能是本地其它进程冒充，也可能是宿主里旧世代 agent 在重连；两者都不予续约（未鉴权的 agent 永远不会清键）
[INFO] 连接结束（令牌不符或 agent 主动 bye）。
[ACCEPT] from=127.0.0.1:57721
[HELLO] auth=true pid=32728 agent=rc003_agent/1 build=2026-09-28.voice-hotkey-synth mode=clear restore=true lease_ms=2000
[CONFIG] arm_sent=true mode_sent=true restore_sent=true targets_sent=true synth_sent=true synth=0x003e->0x00e6 flush=true mode=clear restore=true target_generation=1 report_usages= clear_usages= canary=none ack=pending
[AGENT] msg=mode:clear
[TARGETS-ACK] gen=1 usages=0
[AGENT] msg=renew:first
[HB] up=1s lease_ok=true handshake=true disarmed=false renew_age_ms=2 stat={"ioctl_calls":11,"target_hits":0,"canary_hits":0,"clears_ok":0,"clears_fail":0,"restores_ok":0,"kernel_changed":0,"edges_sent":0,"write_fail":0,"send_dropped":0,"cmd_rejected":0,"connect_raced":0,"targets_applied":1,"targets_rejected":0,"read_errors":0,"lease_expired":0,"rx_timeouts":0,"auth_rejected":0,"errors":0}
[HB] up=1s lease_ok=true handshake=true disarmed=false renew_age_ms=15 stat={"ioctl_calls":13,"target_hits":0,"canary_hits":0,"clears_ok":0,"clears_fail":0,"restores_ok":0,"kernel_changed":0,"edges_sent":0,"write_fail":0,"send_dropped":0,"cmd_rejected":0,"connect_raced":0,"targets_applied":1,"targets_rejected":0,"read_errors":0,"lease_expired":0,"rx_timeouts":0,"auth_rejected":0,"errors":0}
[HB] up=2s lease_ok=true handshake=true disarmed=false renew_age_ms=16 stat={"ioctl_calls":13,"target_hits":0,"canary_hits":0,"clears_ok":0,"clears_fail":0,"restores_ok":0,"kernel_changed":0,"edges_sent":0,"write_fail":0,"send_dropped":0,"cmd_rejected":0,"connect_raced":0,"targets_applied":1,"targets_rejected":0,"read_errors":0,"lease_expired":0,"rx_timeouts":0,"auth_rejected":0,"errors":0}
[HB] up=2s lease_ok=true handshake=true disarmed=false renew_age_ms=29 stat={"ioctl_calls":36,"target_hits":0,"canary_hits":0,"clears_ok":0,"clears_fail":0,"restores_ok":0,"kernel_changed":0,"edges_sent":0,"write_fail":0,"send_dropped":0,"cmd_rejected":0,"connect_raced":0,"targets_applied":1,"targets_rejected":0,"read_errors":0,"lease_expired":0,"rx_timeouts":0,"auth_rejected":0,"errors":0}
[HB] up=3s lease_ok=true handshake=true disarmed=false renew_age_ms=38 stat={"ioctl_calls":41,"target_hits":0,"canary_hits":0,"clears_ok":0,"clears_fail":0,"restores_ok":0,"kernel_changed":0,"edges_sent":0,"write_fail":0,"send_dropped":0,"cmd_rejected":0,"connect_raced":0,"targets_applied":1,"targets_rejected":0,"read_errors":0,"lease_expired":0,"rx_timeouts":0,"auth_rejected":0,"errors":0}
[HB] up=3s lease_ok=true handshake=true disarmed=false renew_age_ms=50 stat={"ioctl_calls":46,"target_hits":0,"canary_hits":0,"clears_ok":0,"clears_fail":0,"restores_ok":0,"kernel_changed":0,"edges_sent":0,"write_fail":0,"send_dropped":0,"cmd_rejected":0,"connect_raced":0,"targets_applied":1,"targets_rejected":0,"read_errors":0,"lease_expired":0,"rx_timeouts":0,"auth_rejected":0,"errors":0}
[HB] up=4s lease_ok=true handshake=true disarmed=false renew_age_ms=63 stat={"ioctl_calls":51,"target_hits":0,"canary_hits":0,"clears_ok":0,"clears_fail":0,"restores_ok":0,"kernel_changed":0,"edges_sent":0,"write_fail":0,"send_dropped":0,"cmd_rejected":0,"connect_raced":0,"targets_applied":1,"targets_rejected":0,"read_errors":0,"lease_expired":0,"rx_timeouts":0,"auth_rejected":0,"errors":0}
[HB] up=4s lease_ok=true handshake=true disarmed=false renew_age_ms=77 stat={"ioctl_calls":56,"target_hits":0,"canary_hits":0,"clears_ok":0,"clears_fail":0,"restores_ok":0,"kernel_changed":0,"edges_sent":0,"write_fail":0,"send_dropped":0,"cmd_rejected":0,"connect_raced":0,"targets_applied":1,"targets_rejected":0,"read_errors":0,"lease_expired":0,"rx_timeouts":0,"auth_rejected":0,"errors":0}
[HB] up=5s lease_ok=true handshake=true disarmed=false renew_age_ms=89 stat={"ioctl_calls":61,"target_hits":0,"canary_hits":0,"clears_ok":0,"clears_fail":0,"restores_ok":0,"kernel_changed":0,"edges_sent":0,"write_fail":0,"send_dropped":0,"cmd_rejected":0,"connect_raced":0,"targets_applied":1,"targets_rejected":0,"read_errors":0,"lease_expired":0,"rx_timeouts":0,"auth_rejected":0,"errors":0}
[RENEW] tick=10 state=ok
[HB] up=5s lease_ok=true handshake=true disarmed=false renew_age_ms=103 stat={"ioctl_calls":66,"target_hits":0,"canary_hits":0,"clears_ok":0,"clears_fail":0,"restores_ok":0,"kernel_changed":0,"edges_sent":0,"write_fail":0,"send_dropped":0,"cmd_rejected":0,"connect_raced":0,"targets_applied":1,"targets_rejected":0,"read_errors":0,"lease_expired":0,"rx_timeouts":0,"auth_rejected":0,"errors":0}
[HB] up=6s lease_ok=true handshake=true disarmed=false renew_age_ms=117 stat={"ioctl_calls":66,"target_hits":0,"canary_hits":0,"clears_ok":0,"clears_fail":0,"restores_ok":0,"kernel_changed":0,"edges_sent":0,"write_fail":0,"send_dropped":0,"cmd_rejected":0,"connect_raced":0,"targets_applied":1,"targets_rejected":0,"read_errors":0,"lease_expired":0,"rx_timeouts":0,"auth_rejected":0,"errors":0}
[HB] up=6s lease_ok=true handshake=true disarmed=false renew_age_ms=117 stat={"ioctl_calls":89,"target_hits":0,"canary_hits":0,"clears_ok":0,"clears_fail":0,"restores_ok":0,"kernel_changed":0,"edges_sent":0,"write_fail":0,"send_dropped":0,"cmd_rejected":0,"connect_raced":0,"targets_applied":1,"targets_rejected":0,"read_errors":0,"lease_expired":0,"rx_timeouts":0,"auth_rejected":0,"errors":0}
[HB] up=7s lease_ok=true handshake=true disarmed=false renew_age_ms=131 stat={"ioctl_calls":94,"target_hits":0,"canary_hits":0,"clears_ok":0,"clears_fail":0,"restores_ok":0,"kernel_changed":0,"edges_sent":0,"write_fail":0,"send_dropped":0,"cmd_rejected":0,"connect_raced":0,"targets_applied":1,"targets_rejected":0,"read_errors":0,"lease_expired":0,"rx_timeouts":0,"auth_rejected":0,"errors":0}
[HB] up=7s lease_ok=true handshake=true disarmed=false renew_age_ms=146 stat={"ioctl_calls":99,"target_hits":0,"canary_hits":0,"clears_ok":0,"clears_fail":0,"restores_ok":0,"kernel_changed":0,"edges_sent":0,"write_fail":0,"send_dropped":0,"cmd_rejected":0,"connect_raced":0,"targets_applied":1,"targets_rejected":0,"read_errors":0,"lease_expired":0,"rx_timeouts":0,"auth_rejected":0,"errors":0}
[HB] up=8s lease_ok=true handshake=true disarmed=false renew_age_ms=157 stat={"ioctl_calls":104,"target_hits":0,"canary_hits":0,"clears_ok":0,"clears_fail":0,"restores_ok":0,"kernel_changed":0,"edges_sent":0,"write_fail":0,"send_dropped":0,"cmd_rejected":0,"connect_raced":0,"targets_applied":1,"targets_rejected":0,"read_errors":0,"lease_expired":0,"rx_timeouts":0,"auth_rejected":0,"errors":0}
[HB] up=8s lease_ok=true handshake=true disarmed=false renew_age_ms=169 stat={"ioctl_calls":109,"target_hits":0,"canary_hits":0,"clears_ok":0,"clears_fail":0,"restores_ok":0,"kernel_changed":0,"edges_sent":0,"write_fail":0,"send_dropped":0,"cmd_rejected":0,"connect_raced":0,"targets_applied":1,"targets_rejected":0,"read_errors":0,"lease_expired":0,"rx_timeouts":0,"auth_rejected":0,"errors":0}
[HB] up=9s lease_ok=true handshake=true disarmed=false renew_age_ms=180 stat={"ioctl_calls":114,"target_hits":0,"canary_hits":0,"clears_ok":0,"clears_fail":0,"restores_ok":0,"kernel_changed":0,"edges_sent":0,"write_fail":0,"send_dropped":0,"cmd_rejected":0,"connect_raced":0,"targets_applied":1,"targets_rejected":0,"read_errors":0,"lease_expired":0,"rx_timeouts":0,"auth_rejected":0,"errors":0}
[HB] up=9s lease_ok=true handshake=true disarmed=false renew_age_ms=193 stat={"ioctl_calls":119,"target_hits":0,"canary_hits":0,"clears_ok":0,"clears_fail":0,"restores_ok":0,"kernel_changed":0,"edges_sent":0,"write_fail":0,"send_dropped":0,"cmd_rejected":0,"connect_raced":0,"targets_applied":1,"targets_rejected":0,"read_errors":0,"lease_expired":0,"rx_timeouts":0,"auth_rejected":0,"errors":0}
[HB] up=10s lease_ok=true handshake=true disarmed=false renew_age_ms=207 stat={"ioctl_calls":119,"target_hits":0,"canary_hits":0,"clears_ok":0,"clears_fail":0,"restores_ok":0,"kernel_changed":0,"edges_sent":0,"write_fail":0,"send_dropped":0,"cmd_rejected":0,"connect_raced":0,"targets_applied":1,"targets_rejected":0,"read_errors":0,"lease_expired":0,"rx_timeouts":0,"auth_rejected":0,"errors":0}
[RENEW] tick=20 state=ok
[HB] up=10s lease_ok=true handshake=true disarmed=false renew_age_ms=221 stat={"ioctl_calls":142,"target_hits":0,"canary_hits":0,"clears_ok":0,"clears_fail":0,"restores_ok":0,"kernel_changed":0,"edges_sent":0,"write_fail":0,"send_dropped":0,"cmd_rejected":0,"connect_raced":0,"targets_applied":1,"targets_rejected":0,"read_errors":0,"lease_expired":0,"rx_timeouts":0,"auth_rejected":0,"errors":0}
[HB] up=11s lease_ok=true handshake=true disarmed=false renew_age_ms=235 stat={"ioctl_calls":147,"target_hits":0,"canary_hits":0,"clears_ok":0,"clears_fail":0,"restores_ok":0,"kernel_changed":0,"edges_sent":0,"write_fail":0,"send_dropped":0,"cmd_rejected":0,"connect_raced":0,"targets_applied":1,"targets_rejected":0,"read_errors":0,"lease_expired":0,"rx_timeouts":0,"auth_rejected":0,"errors":0}
[HB] up=11s lease_ok=true handshake=true disarmed=false renew_age_ms=249 stat={"ioctl_calls":152,"target_hits":0,"canary_hits":0,"clears_ok":0,"clears_fail":0,"restores_ok":0,"kernel_changed":0,"edges_sent":0,"write_fail":0,"send_dropped":0,"cmd_rejected":0,"connect_raced":0,"targets_applied":1,"targets_rejected":0,"read_errors":0,"lease_expired":0,"rx_timeouts":0,"auth_rejected":0,"errors":0}
[HB] up=12s lease_ok=true handshake=true disarmed=false renew_age_ms=250 stat={"ioctl_calls":157,"target_hits":0,"canary_hits":0,"clears_ok":0,"clears_fail":0,"restores_ok":0,"kernel_changed":0,"edges_sent":0,"write_fail":0,"send_dropped":0,"cmd_rejected":0,"connect_raced":0,"targets_applied":1,"targets_rejected":0,"read_errors":0,"lease_expired":0,"rx_timeouts":0,"auth_rejected":0,"errors":0}
[HB] up=12s lease_ok=true handshake=true disarmed=false renew_age_ms=263 stat={"ioctl_calls":162,"target_hits":0,"canary_hits":0,"clears_ok":0,"clears_fail":0,"restores_ok":0,"kernel_changed":0,"edges_sent":0,"write_fail":0,"send_dropped":0,"cmd_rejected":0,"connect_raced":0,"targets_applied":1,"targets_rejected":0,"read_errors":0,"lease_expired":0,"rx_timeouts":0,"auth_rejected":0,"errors":0}
[HB] up=13s lease_ok=true handshake=true disarmed=false renew_age_ms=275 stat={"ioctl_calls":167,"target_hits":0,"canary_hits":0,"clears_ok":0,"clears_fail":0,"restores_ok":0,"kernel_changed":0,"edges_sent":0,"write_fail":0,"send_dropped":0,"cmd_rejected":0,"connect_raced":0,"targets_applied":1,"targets_rejected":0,"read_errors":0,"lease_expired":0,"rx_timeouts":0,"auth_rejected":0,"errors":0}
[HB] up=13s lease_ok=true handshake=true disarmed=false renew_age_ms=287 stat={"ioctl_calls":172,"target_hits":0,"canary_hits":0,"clears_ok":0,"clears_fail":0,"restores_ok":0,"kernel_changed":0,"edges_sent":0,"write_fail":0,"send_dropped":0,"cmd_rejected":0,"connect_raced":0,"targets_applied":1,"targets_rejected":0,"read_errors":0,"lease_expired":0,"rx_timeouts":0,"auth_rejected":0,"errors":0}
[HB] up=14s lease_ok=true handshake=true disarmed=false renew_age_ms=288 stat={"ioctl_calls":172,"target_hits":0,"canary_hits":0,"clears_ok":0,"clears_fail":0,"restores_ok":0,"kernel_changed":0,"edges_sent":0,"write_fail":0,"send_dropped":0,"cmd_rejected":0,"connect_raced":0,"targets_applied":1,"targets_rejected":0,"read_errors":0,"lease_expired":0,"rx_timeouts":0,"auth_rejected":0,"errors":0}
[HB] up=14s lease_ok=true handshake=true disarmed=false renew_age_ms=298 stat={"ioctl_calls":195,"target_hits":0,"canary_hits":0,"clears_ok":0,"clears_fail":0,"restores_ok":0,"kernel_changed":0,"edges_sent":0,"write_fail":0,"send_dropped":0,"cmd_rejected":0,"connect_raced":0,"targets_applied":1,"targets_rejected":0,"read_errors":0,"lease_expired":0,"rx_timeouts":0,"auth_rejected":0,"errors":0}
[HB] up=15s lease_ok=true handshake=true disarmed=false renew_age_ms=310 stat={"ioctl_calls":200,"target_hits":0,"canary_hits":0,"clears_ok":0,"clears_fail":0,"restores_ok":0,"kernel_changed":0,"edges_sent":0,"write_fail":0,"send_dropped":0,"cmd_rejected":0,"connect_raced":0,"targets_applied":1,"targets_rejected":0,"read_errors":0,"lease_expired":0,"rx_timeouts":0,"auth_rejected":0,"errors":0}
[RENEW] tick=30 state=ok
[HB] up=15s lease_ok=true handshake=true disarmed=false renew_age_ms=322 stat={"ioctl_calls":205,"target_hits":0,"canary_hits":0,"clears_ok":0,"clears_fail":0,"restores_ok":0,"kernel_changed":0,"edges_sent":0,"write_fail":0,"send_dropped":0,"cmd_rejected":0,"connect_raced":0,"targets_applied":1,"targets_rejected":0,"read_errors":0,"lease_expired":0,"rx_timeouts":0,"auth_rejected":0,"errors":0}
[HB] up=16s lease_ok=true handshake=true disarmed=false renew_age_ms=332 stat={"ioctl_calls":210,"target_hits":0,"canary_hits":0,"clears_ok":0,"clears_fail":0,"restores_ok":0,"kernel_changed":0,"edges_sent":0,"write_fail":0,"send_dropped":0,"cmd_rejected":0,"connect_raced":0,"targets_applied":1,"targets_rejected":0,"read_errors":0,"lease_expired":0,"rx_timeouts":0,"auth_rejected":0,"errors":0}
[HB] up=16s lease_ok=true handshake=true disarmed=false renew_age_ms=346 stat={"ioctl_calls":215,"target_hits":0,"canary_hits":0,"clears_ok":0,"clears_fail":0,"restores_ok":0,"kernel_changed":0,"edges_sent":0,"write_fail":0,"send_dropped":0,"cmd_rejected":0,"connect_raced":0,"targets_applied":1,"targets_rejected":0,"read_errors":0,"lease_expired":0,"rx_timeouts":0,"auth_rejected":0,"errors":0}
[HB] up=17s lease_ok=true handshake=true disarmed=false renew_age_ms=361 stat={"ioctl_calls":220,"target_hits":0,"canary_hits":0,"clears_ok":0,"clears_fail":0,"restores_ok":0,"kernel_changed":0,"edges_sent":0,"write_fail":0,"send_dropped":0,"cmd_rejected":0,"connect_raced":0,"targets_applied":1,"targets_rejected":0,"read_errors":0,"lease_expired":0,"rx_timeouts":0,"auth_rejected":0,"errors":0}
[HB] up=17s lease_ok=true handshake=true disarmed=false renew_age_ms=370 stat={"ioctl_calls":225,"target_hits":0,"canary_hits":0,"clears_ok":0,"clears_fail":0,"restores_ok":0,"kernel_changed":0,"edges_sent":0,"write_fail":0,"send_dropped":0,"cmd_rejected":0,"connect_raced":0,"targets_applied":1,"targets_rejected":0,"read_errors":0,"lease_expired":0,"rx_timeouts":0,"auth_rejected":0,"errors":0}
[HB] up=18s lease_ok=true handshake=true disarmed=false renew_age_ms=383 stat={"ioctl_calls":225,"target_hits":0,"canary_hits":0,"clears_ok":0,"clears_fail":0,"restores_ok":0,"kernel_changed":0,"edges_sent":0,"write_fail":0,"send_dropped":0,"cmd_rejected":0,"connect_raced":0,"targets_applied":1,"targets_rejected":0,"read_errors":0,"lease_expired":0,"rx_timeouts":0,"auth_rejected":0,"errors":0}
[HB] up=18s lease_ok=true handshake=true disarmed=false renew_age_ms=397 stat={"ioctl_calls":248,"target_hits":0,"canary_hits":0,"clears_ok":0,"clears_fail":0,"restores_ok":0,"kernel_changed":0,"edges_sent":0,"write_fail":0,"send_dropped":0,"cmd_rejected":0,"connect_raced":0,"targets_applied":1,"targets_rejected":0,"read_errors":0,"lease_expired":0,"rx_timeouts":0,"auth_rejected":0,"errors":0}
[HB] up=19s lease_ok=true handshake=true disarmed=false renew_age_ms=400 stat={"ioctl_calls":253,"target_hits":0,"canary_hits":0,"clears_ok":0,"clears_fail":0,"restores_ok":0,"kernel_changed":0,"edges_sent":0,"write_fail":0,"send_dropped":0,"cmd_rejected":0,"connect_raced":0,"targets_applied":1,"targets_rejected":0,"read_errors":0,"lease_expired":0,"rx_timeouts":0,"auth_rejected":0,"errors":0}
[HB] up=19s lease_ok=true handshake=true disarmed=false renew_age_ms=411 stat={"ioctl_calls":258,"target_hits":0,"canary_hits":0,"clears_ok":0,"clears_fail":0,"restores_ok":0,"kernel_changed":0,"edges_sent":0,"write_fail":0,"send_dropped":0,"cmd_rejected":0,"connect_raced":0,"targets_applied":1,"targets_rejected":0,"read_errors":0,"lease_expired":0,"rx_timeouts":0,"auth_rejected":0,"errors":0}
[HB] up=20s lease_ok=true handshake=true disarmed=false renew_age_ms=412 stat={"ioctl_calls":263,"target_hits":0,"canary_hits":0,"clears_ok":0,"clears_fail":0,"restores_ok":0,"kernel_changed":0,"edges_sent":0,"write_fail":0,"send_dropped":0,"cmd_rejected":0,"connect_raced":0,"targets_applied":1,"targets_rejected":0,"read_errors":0,"lease_expired":0,"rx_timeouts":0,"auth_rejected":0,"errors":0}
[RENEW] tick=40 state=ok
[HB] up=20s lease_ok=true handshake=true disarmed=false renew_age_ms=425 stat={"ioctl_calls":268,"target_hits":0,"canary_hits":0,"clears_ok":0,"clears_fail":0,"restores_ok":0,"kernel_changed":0,"edges_sent":0,"write_fail":0,"send_dropped":0,"cmd_rejected":0,"connect_raced":0,"targets_applied":1,"targets_rejected":0,"read_errors":0,"lease_expired":0,"rx_timeouts":0,"auth_rejected":0,"errors":0}
[HB] up=21s lease_ok=true handshake=true disarmed=false renew_age_ms=438 stat={"ioctl_calls":273,"target_hits":0,"canary_hits":0,"clears_ok":0,"clears_fail":0,"restores_ok":0,"kernel_changed":0,"edges_sent":0,"write_fail":0,"send_dropped":0,"cmd_rejected":0,"connect_raced":0,"targets_applied":1,"targets_rejected":0,"read_errors":0,"lease_expired":0,"rx_timeouts":0,"auth_rejected":0,"errors":0}
[HB] up=21s lease_ok=true handshake=true disarmed=false renew_age_ms=452 stat={"ioctl_calls":278,"target_hits":0,"canary_hits":0,"clears_ok":0,"clears_fail":0,"restores_ok":0,"kernel_changed":0,"edges_sent":0,"write_fail":0,"send_dropped":0,"cmd_rejected":0,"connect_raced":0,"targets_applied":1,"targets_rejected":0,"read_errors":0,"lease_expired":0,"rx_timeouts":0,"auth_rejected":0,"errors":0}
[HB] up=22s lease_ok=true handshake=true disarmed=false renew_age_ms=466 stat={"ioctl_calls":278,"target_hits":0,"canary_hits":0,"clears_ok":0,"clears_fail":0,"restores_ok":0,"kernel_changed":0,"edges_sent":0,"write_fail":0,"send_dropped":0,"cmd_rejected":0,"connect_raced":0,"targets_applied":1,"targets_rejected":0,"read_errors":0,"lease_expired":0,"rx_timeouts":0,"auth_rejected":0,"errors":0}
[HB] up=22s lease_ok=true handshake=true disarmed=false renew_age_ms=467 stat={"ioctl_calls":301,"target_hits":0,"canary_hits":0,"clears_ok":0,"clears_fail":0,"restores_ok":0,"kernel_changed":0,"edges_sent":0,"write_fail":0,"send_dropped":0,"cmd_rejected":0,"connect_raced":0,"targets_applied":1,"targets_rejected":0,"read_errors":0,"lease_expired":0,"rx_timeouts":0,"auth_rejected":0,"errors":0}
[HB] up=23s lease_ok=true handshake=true disarmed=false renew_age_ms=481 stat={"ioctl_calls":306,"target_hits":0,"canary_hits":0,"clears_ok":0,"clears_fail":0,"restores_ok":0,"kernel_changed":0,"edges_sent":0,"write_fail":0,"send_dropped":0,"cmd_rejected":0,"connect_raced":0,"targets_applied":1,"targets_rejected":0,"read_errors":0,"lease_expired":0,"rx_timeouts":0,"auth_rejected":0,"errors":0}
[HB] up=24s lease_ok=true handshake=true disarmed=false renew_age_ms=497 stat={"ioctl_calls":311,"target_hits":0,"canary_hits":0,"clears_ok":0,"clears_fail":0,"restores_ok":0,"kernel_changed":0,"edges_sent":0,"write_fail":0,"send_dropped":0,"cmd_rejected":0,"connect_raced":0,"targets_applied":1,"targets_rejected":0,"read_errors":0,"lease_expired":0,"rx_timeouts":0,"auth_rejected":0,"errors":0}
[HB] up=24s lease_ok=true handshake=true disarmed=false renew_age_ms=501 stat={"ioctl_calls":316,"target_hits":0,"canary_hits":0,"clears_ok":0,"clears_fail":0,"restores_ok":0,"kernel_changed":0,"edges_sent":0,"write_fail":0,"send_dropped":0,"cmd_rejected":0,"connect_raced":0,"targets_applied":1,"targets_rejected":0,"read_errors":0,"lease_expired":0,"rx_timeouts":0,"auth_rejected":0,"errors":0}
[HB] up=25s lease_ok=true handshake=true disarmed=false renew_age_ms=500 stat={"ioctl_calls":321,"target_hits":0,"canary_hits":0,"clears_ok":0,"clears_fail":0,"restores_ok":0,"kernel_changed":0,"edges_sent":0,"write_fail":0,"send_dropped":0,"cmd_rejected":0,"connect_raced":0,"targets_applied":1,"targets_rejected":0,"read_errors":0,"lease_expired":0,"rx_timeouts":0,"auth_rejected":0,"errors":0}
[RENEW] tick=50 state=ok
[HB] up=25s lease_ok=true handshake=true disarmed=false renew_age_ms=501 stat={"ioctl_calls":326,"target_hits":0,"canary_hits":0,"clears_ok":0,"clears_fail":0,"restores_ok":0,"kernel_changed":0,"edges_sent":0,"write_fail":0,"send_dropped":0,"cmd_rejected":0,"connect_raced":0,"targets_applied":1,"targets_rejected":0,"read_errors":0,"lease_expired":0,"rx_timeouts":0,"auth_rejected":0,"errors":0}
[HB] up=26s lease_ok=true handshake=true disarmed=false renew_age_ms=501 stat={"ioctl_calls":331,"target_hits":0,"canary_hits":0,"clears_ok":0,"clears_fail":0,"restores_ok":0,"kernel_changed":0,"edges_sent":0,"write_fail":0,"send_dropped":0,"cmd_rejected":0,"connect_raced":0,"targets_applied":1,"targets_rejected":0,"read_errors":0,"lease_expired":0,"rx_timeouts":0,"auth_rejected":0,"errors":0}
[HB] up=26s lease_ok=true handshake=true disarmed=false renew_age_ms=500 stat={"ioctl_calls":331,"target_hits":0,"canary_hits":0,"clears_ok":0,"clears_fail":0,"restores_ok":0,"kernel_changed":0,"edges_sent":0,"write_fail":0,"send_dropped":0,"cmd_rejected":0,"connect_raced":0,"targets_applied":1,"targets_rejected":0,"read_errors":0,"lease_expired":0,"rx_timeouts":0,"auth_rejected":0,"errors":0}
[HB] up=27s lease_ok=true handshake=true disarmed=false renew_age_ms=501 stat={"ioctl_calls":354,"target_hits":0,"canary_hits":0,"clears_ok":0,"clears_fail":0,"restores_ok":0,"kernel_changed":0,"edges_sent":0,"write_fail":0,"send_dropped":0,"cmd_rejected":0,"connect_raced":0,"targets_applied":1,"targets_rejected":0,"read_errors":0,"lease_expired":0,"rx_timeouts":0,"auth_rejected":0,"errors":0}
[HB] up=27s lease_ok=true handshake=true disarmed=false renew_age_ms=500 stat={"ioctl_calls":359,"target_hits":0,"canary_hits":0,"clears_ok":0,"clears_fail":0,"restores_ok":0,"kernel_changed":0,"edges_sent":0,"write_fail":0,"send_dropped":0,"cmd_rejected":0,"connect_raced":0,"targets_applied":1,"targets_rejected":0,"read_errors":0,"lease_expired":0,"rx_timeouts":0,"auth_rejected":0,"errors":0}
[HB] up=28s lease_ok=true handshake=true disarmed=false renew_age_ms=500 stat={"ioctl_calls":364,"target_hits":0,"canary_hits":0,"clears_ok":0,"clears_fail":0,"restores_ok":0,"kernel_changed":0,"edges_sent":0,"write_fail":0,"send_dropped":0,"cmd_rejected":0,"connect_raced":0,"targets_applied":1,"targets_rejected":0,"read_errors":0,"lease_expired":0,"rx_timeouts":0,"auth_rejected":0,"errors":0}
[HB] up=28s lease_ok=true handshake=true disarmed=false renew_age_ms=501 stat={"ioctl_calls":364,"target_hits":0,"canary_hits":0,"clears_ok":0,"clears_fail":0,"restores_ok":0,"kernel_changed":0,"edges_sent":0,"write_fail":0,"send_dropped":0,"cmd_rejected":0,"connect_raced":0,"targets_applied":1,"targets_rejected":0,"read_errors":0,"lease_expired":0,"rx_timeouts":0,"auth_rejected":0,"errors":0}
[HB] up=29s lease_ok=true handshake=true disarmed=false renew_age_ms=500 stat={"ioctl_calls":369,"target_hits":0,"canary_hits":0,"clears_ok":0,"clears_fail":0,"restores_ok":0,"kernel_changed":0,"edges_sent":0,"write_fail":0,"send_dropped":0,"cmd_rejected":0,"connect_raced":0,"targets_applied":1,"targets_rejected":0,"read_errors":0,"lease_expired":0,"rx_timeouts":0,"auth_rejected":0,"errors":0}
[HB] up=29s lease_ok=true handshake=true disarmed=false renew_age_ms=501 stat={"ioctl_calls":374,"target_hits":0,"canary_hits":0,"clears_ok":0,"clears_fail":0,"restores_ok":0,"kernel_changed":0,"edges_sent":0,"write_fail":0,"send_dropped":0,"cmd_rejected":0,"connect_raced":0,"targets_applied":1,"targets_rejected":0,"read_errors":0,"lease_expired":0,"rx_timeouts":0,"auth_rejected":0,"errors":0}
[HB] up=30s lease_ok=true handshake=true disarmed=false renew_age_ms=500 stat={"ioctl_calls":379,"target_hits":0,"canary_hits":0,"clears_ok":0,"clears_fail":0,"restores_ok":0,"kernel_changed":0,"edges_sent":0,"write_fail":0,"send_dropped":0,"cmd_rejected":0,"connect_raced":0,"targets_applied":1,"targets_rejected":0,"read_errors":0,"lease_expired":0,"rx_timeouts":0,"auth_rejected":0,"errors":0}
[RENEW] tick=60 state=ok
[HB] up=30s lease_ok=true handshake=true disarmed=false renew_age_ms=501 stat={"ioctl_calls":384,"target_hits":0,"canary_hits":0,"clears_ok":0,"clears_fail":0,"restores_ok":0,"kernel_changed":0,"edges_sent":0,"write_fail":0,"send_dropped":0,"cmd_rejected":0,"connect_raced":0,"targets_applied":1,"targets_rejected":0,"read_errors":0,"lease_expired":0,"rx_timeouts":0,"auth_rejected":0,"errors":0}
[HB] up=31s lease_ok=true handshake=true disarmed=false renew_age_ms=501 stat={"ioctl_calls":384,"target_hits":0,"canary_hits":0,"clears_ok":0,"clears_fail":0,"restores_ok":0,"kernel_changed":0,"edges_sent":0,"write_fail":0,"send_dropped":0,"cmd_rejected":0,"connect_raced":0,"targets_applied":1,"targets_rejected":0,"read_errors":0,"lease_expired":0,"rx_timeouts":0,"auth_rejected":0,"errors":0}
[HB] up=31s lease_ok=true handshake=true disarmed=false renew_age_ms=500 stat={"ioctl_calls":407,"target_hits":0,"canary_hits":0,"clears_ok":0,"clears_fail":0,"restores_ok":0,"kernel_changed":0,"edges_sent":0,"write_fail":0,"send_dropped":0,"cmd_rejected":0,"connect_raced":0,"targets_applied":1,"targets_rejected":0,"read_errors":0,"lease_expired":0,"rx_timeouts":0,"auth_rejected":0,"errors":0}
[HB] up=32s lease_ok=true handshake=true disarmed=false renew_age_ms=501 stat={"ioctl_calls":412,"target_hits":0,"canary_hits":0,"clears_ok":0,"clears_fail":0,"restores_ok":0,"kernel_changed":0,"edges_sent":0,"write_fail":0,"send_dropped":0,"cmd_rejected":0,"connect_raced":0,"targets_applied":1,"targets_rejected":0,"read_errors":0,"lease_expired":0,"rx_timeouts":0,"auth_rejected":0,"errors":0}
[HB] up=32s lease_ok=true handshake=true disarmed=false renew_age_ms=500 stat={"ioctl_calls":417,"target_hits":0,"canary_hits":0,"clears_ok":0,"clears_fail":0,"restores_ok":0,"kernel_changed":0,"edges_sent":0,"write_fail":0,"send_dropped":0,"cmd_rejected":0,"connect_raced":0,"targets_applied":1,"targets_rejected":0,"read_errors":0,"lease_expired":0,"rx_timeouts":0,"auth_rejected":0,"errors":0}
[HB] up=33s lease_ok=true handshake=true disarmed=false renew_age_ms=499 stat={"ioctl_calls":422,"target_hits":0,"canary_hits":0,"clears_ok":0,"clears_fail":0,"restores_ok":0,"kernel_changed":0,"edges_sent":0,"write_fail":0,"send_dropped":0,"cmd_rejected":0,"connect_raced":0,"targets_applied":1,"targets_rejected":0,"read_errors":0,"lease_expired":0,"rx_timeouts":0,"auth_rejected":0,"errors":0}
[HB] up=33s lease_ok=true handshake=true disarmed=false renew_age_ms=500 stat={"ioctl_calls":427,"target_hits":0,"canary_hits":0,"clears_ok":0,"clears_fail":0,"restores_ok":0,"kernel_changed":0,"edges_sent":0,"write_fail":0,"send_dropped":0,"cmd_rejected":0,"connect_raced":0,"targets_applied":1,"targets_rejected":0,"read_errors":0,"lease_expired":0,"rx_timeouts":0,"auth_rejected":0,"errors":0}
[HB] up=34s lease_ok=true handshake=true disarmed=false renew_age_ms=500 stat={"ioctl_calls":432,"target_hits":0,"canary_hits":0,"clears_ok":0,"clears_fail":0,"restores_ok":0,"kernel_changed":0,"edges_sent":0,"write_fail":0,"send_dropped":0,"cmd_rejected":0,"connect_raced":0,"targets_applied":1,"targets_rejected":0,"read_errors":0,"lease_expired":0,"rx_timeouts":0,"auth_rejected":0,"errors":0}
[HB] up=34s lease_ok=true handshake=true disarmed=false renew_age_ms=500 stat={"ioctl_calls":437,"target_hits":0,"canary_hits":0,"clears_ok":0,"clears_fail":0,"restores_ok":0,"kernel_changed":0,"edges_sent":0,"write_fail":0,"send_dropped":0,"cmd_rejected":0,"connect_raced":0,"targets_applied":1,"targets_rejected":0,"read_errors":0,"lease_expired":0,"rx_timeouts":0,"auth_rejected":0,"errors":0}
[HB] up=35s lease_ok=true handshake=true disarmed=false renew_age_ms=501 stat={"ioctl_calls":437,"target_hits":0,"canary_hits":0,"clears_ok":0,"clears_fail":0,"restores_ok":0,"kernel_changed":0,"edges_sent":0,"write_fail":0,"send_dropped":0,"cmd_rejected":0,"connect_raced":0,"targets_applied":1,"targets_rejected":0,"read_errors":0,"lease_expired":0,"rx_timeouts":0,"auth_rejected":0,"errors":0}
[RENEW] tick=70 state=ok
[HB] up=35s lease_ok=true handshake=true disarmed=false renew_age_ms=500 stat={"ioctl_calls":460,"target_hits":0,"canary_hits":0,"clears_ok":0,"clears_fail":0,"restores_ok":0,"kernel_changed":0,"edges_sent":0,"write_fail":0,"send_dropped":0,"cmd_rejected":0,"connect_raced":0,"targets_applied":1,"targets_rejected":0,"read_errors":0,"lease_expired":0,"rx_timeouts":0,"auth_rejected":0,"errors":0}
[HB] up=36s lease_ok=true handshake=true disarmed=false renew_age_ms=501 stat={"ioctl_calls":465,"target_hits":0,"canary_hits":0,"clears_ok":0,"clears_fail":0,"restores_ok":0,"kernel_changed":0,"edges_sent":0,"write_fail":0,"send_dropped":0,"cmd_rejected":0,"connect_raced":0,"targets_applied":1,"targets_rejected":0,"read_errors":0,"lease_expired":0,"rx_timeouts":0,"auth_rejected":0,"errors":0}
[HB] up=36s lease_ok=true handshake=true disarmed=false renew_age_ms=500 stat={"ioctl_calls":470,"target_hits":0,"canary_hits":0,"clears_ok":0,"clears_fail":0,"restores_ok":0,"kernel_changed":0,"edges_sent":0,"write_fail":0,"send_dropped":0,"cmd_rejected":0,"connect_raced":0,"targets_applied":1,"targets_rejected":0,"read_errors":0,"lease_expired":0,"rx_timeouts":0,"auth_rejected":0,"errors":0}
[HB] up=37s lease_ok=true handshake=true disarmed=false renew_age_ms=501 stat={"ioctl_calls":475,"target_hits":0,"canary_hits":0,"clears_ok":0,"clears_fail":0,"restores_ok":0,"kernel_changed":0,"edges_sent":0,"write_fail":0,"send_dropped":0,"cmd_rejected":0,"connect_raced":0,"targets_applied":1,"targets_rejected":0,"read_errors":0,"lease_expired":0,"rx_timeouts":0,"auth_rejected":0,"errors":0}
[HB] up=37s lease_ok=true handshake=true disarmed=false renew_age_ms=500 stat={"ioctl_calls":480,"target_hits":0,"canary_hits":0,"clears_ok":0,"clears_fail":0,"restores_ok":0,"kernel_changed":0,"edges_sent":0,"write_fail":0,"send_dropped":0,"cmd_rejected":0,"connect_raced":0,"targets_applied":1,"targets_rejected":0,"read_errors":0,"lease_expired":0,"rx_timeouts":0,"auth_rejected":0,"errors":0}
[HB] up=38s lease_ok=true handshake=true disarmed=false renew_age_ms=500 stat={"ioctl_calls":485,"target_hits":0,"canary_hits":0,"clears_ok":0,"clears_fail":0,"restores_ok":0,"kernel_changed":0,"edges_sent":0,"write_fail":0,"send_dropped":0,"cmd_rejected":0,"connect_raced":0,"targets_applied":1,"targets_rejected":0,"read_errors":0,"lease_expired":0,"rx_timeouts":0,"auth_rejected":0,"errors":0}
[HB] up=38s lease_ok=true handshake=true disarmed=false renew_age_ms=501 stat={"ioctl_calls":490,"target_hits":0,"canary_hits":0,"clears_ok":0,"clears_fail":0,"restores_ok":0,"kernel_changed":0,"edges_sent":0,"write_fail":0,"send_dropped":0,"cmd_rejected":0,"connect_raced":0,"targets_applied":1,"targets_rejected":0,"read_errors":0,"lease_expired":0,"rx_timeouts":0,"auth_rejected":0,"errors":0}
[HB] up=39s lease_ok=true handshake=true disarmed=false renew_age_ms=499 stat={"ioctl_calls":490,"target_hits":0,"canary_hits":0,"clears_ok":0,"clears_fail":0,"restores_ok":0,"kernel_changed":0,"edges_sent":0,"write_fail":0,"send_dropped":0,"cmd_rejected":0,"connect_raced":0,"targets_applied":1,"targets_rejected":0,"read_errors":0,"lease_expired":0,"rx_timeouts":0,"auth_rejected":0,"errors":0}
[HB] up=39s lease_ok=true handshake=true disarmed=false renew_age_ms=500 stat={"ioctl_calls":513,"target_hits":0,"canary_hits":0,"clears_ok":0,"clears_fail":0,"restores_ok":0,"kernel_changed":0,"edges_sent":0,"write_fail":0,"send_dropped":0,"cmd_rejected":0,"connect_raced":0,"targets_applied":1,"targets_rejected":0,"read_errors":0,"lease_expired":0,"rx_timeouts":0,"auth_rejected":0,"errors":0}
[HB] up=40s lease_ok=true handshake=true disarmed=false renew_age_ms=500 stat={"ioctl_calls":518,"target_hits":0,"canary_hits":0,"clears_ok":0,"clears_fail":0,"restores_ok":0,"kernel_changed":0,"edges_sent":0,"write_fail":0,"send_dropped":0,"cmd_rejected":0,"connect_raced":0,"targets_applied":1,"targets_rejected":0,"read_errors":0,"lease_expired":0,"rx_timeouts":0,"auth_rejected":0,"errors":0}
[RENEW] tick=80 state=ok
[HB] up=40s lease_ok=true handshake=true disarmed=false renew_age_ms=501 stat={"ioctl_calls":523,"target_hits":0,"canary_hits":0,"clears_ok":0,"clears_fail":0,"restores_ok":0,"kernel_changed":0,"edges_sent":0,"write_fail":0,"send_dropped":0,"cmd_rejected":0,"connect_raced":0,"targets_applied":1,"targets_rejected":0,"read_errors":0,"lease_expired":0,"rx_timeouts":0,"auth_rejected":0,"errors":0}
[HB] up=41s lease_ok=true handshake=true disarmed=false renew_age_ms=501 stat={"ioctl_calls":528,"target_hits":0,"canary_hits":0,"clears_ok":0,"clears_fail":0,"restores_ok":0,"kernel_changed":0,"edges_sent":0,"write_fail":0,"send_dropped":0,"cmd_rejected":0,"connect_raced":0,"targets_applied":1,"targets_rejected":0,"read_errors":0,"lease_expired":0,"rx_timeouts":0,"auth_rejected":0,"errors":0}
[HB] up=41s lease_ok=true handshake=true disarmed=false renew_age_ms=500 stat={"ioctl_calls":533,"target_hits":0,"canary_hits":0,"clears_ok":0,"clears_fail":0,"restores_ok":0,"kernel_changed":0,"edges_sent":0,"write_fail":0,"send_dropped":0,"cmd_rejected":0,"connect_raced":0,"targets_applied":1,"targets_rejected":0,"read_errors":0,"lease_expired":0,"rx_timeouts":0,"auth_rejected":0,"errors":0}
[HB] up=42s lease_ok=true handshake=true disarmed=false renew_age_ms=501 stat={"ioctl_calls":538,"target_hits":0,"canary_hits":0,"clears_ok":0,"clears_fail":0,"restores_ok":0,"kernel_changed":0,"edges_sent":0,"write_fail":0,"send_dropped":0,"cmd_rejected":0,"connect_raced":0,"targets_applied":1,"targets_rejected":0,"read_errors":0,"lease_expired":0,"rx_timeouts":0,"auth_rejected":0,"errors":0}
[HB] up=42s lease_ok=true handshake=true disarmed=false renew_age_ms=500 stat={"ioctl_calls":543,"target_hits":0,"canary_hits":0,"clears_ok":0,"clears_fail":0,"restores_ok":0,"kernel_changed":0,"edges_sent":0,"write_fail":0,"send_dropped":0,"cmd_rejected":0,"connect_raced":0,"targets_applied":1,"targets_rejected":0,"read_errors":0,"lease_expired":0,"rx_timeouts":0,"auth_rejected":0,"errors":0}
[HB] up=43s lease_ok=true handshake=true disarmed=false renew_age_ms=500 stat={"ioctl_calls":543,"target_hits":0,"canary_hits":0,"clears_ok":0,"clears_fail":0,"restores_ok":0,"kernel_changed":0,"edges_sent":0,"write_fail":0,"send_dropped":0,"cmd_rejected":0,"connect_raced":0,"targets_applied":1,"targets_rejected":0,"read_errors":0,"lease_expired":0,"rx_timeouts":0,"auth_rejected":0,"errors":0}
[HB] up=43s lease_ok=true handshake=true disarmed=false renew_age_ms=501 stat={"ioctl_calls":566,"target_hits":0,"canary_hits":0,"clears_ok":0,"clears_fail":0,"restores_ok":0,"kernel_changed":0,"edges_sent":0,"write_fail":0,"send_dropped":0,"cmd_rejected":0,"connect_raced":0,"targets_applied":1,"targets_rejected":0,"read_errors":0,"lease_expired":0,"rx_timeouts":0,"auth_rejected":0,"errors":0}
[HB] up=44s lease_ok=true handshake=true disarmed=false renew_age_ms=500 stat={"ioctl_calls":571,"target_hits":0,"canary_hits":0,"clears_ok":0,"clears_fail":0,"restores_ok":0,"kernel_changed":0,"edges_sent":0,"write_fail":0,"send_dropped":0,"cmd_rejected":0,"connect_raced":0,"targets_applied":1,"targets_rejected":0,"read_errors":0,"lease_expired":0,"rx_timeouts":0,"auth_rejected":0,"errors":0}
[HB] up=44s lease_ok=true handshake=true disarmed=false renew_age_ms=500 stat={"ioctl_calls":576,"target_hits":0,"canary_hits":0,"clears_ok":0,"clears_fail":0,"restores_ok":0,"kernel_changed":0,"edges_sent":0,"write_fail":0,"send_dropped":0,"cmd_rejected":0,"connect_raced":0,"targets_applied":1,"targets_rejected":0,"read_errors":0,"lease_expired":0,"rx_timeouts":0,"auth_rejected":0,"errors":0}
[HB] up=45s lease_ok=true handshake=true disarmed=false renew_age_ms=501 stat={"ioctl_calls":581,"target_hits":0,"canary_hits":0,"clears_ok":0,"clears_fail":0,"restores_ok":0,"kernel_changed":0,"edges_sent":0,"write_fail":0,"send_dropped":0,"cmd_rejected":0,"connect_raced":0,"targets_applied":1,"targets_rejected":0,"read_errors":0,"lease_expired":0,"rx_timeouts":0,"auth_rejected":0,"errors":0}
[RENEW] tick=90 state=ok
[HB] up=45s lease_ok=true handshake=true disarmed=false renew_age_ms=500 stat={"ioctl_calls":586,"target_hits":0,"canary_hits":0,"clears_ok":0,"clears_fail":0,"restores_ok":0,"kernel_changed":0,"edges_sent":0,"write_fail":0,"send_dropped":0,"cmd_rejected":0,"connect_raced":0,"targets_applied":1,"targets_rejected":0,"read_errors":0,"lease_expired":0,"rx_timeouts":0,"auth_rejected":0,"errors":0}
[HB] up=46s lease_ok=true handshake=true disarmed=false renew_age_ms=501 stat={"ioctl_calls":591,"target_hits":0,"canary_hits":0,"clears_ok":0,"clears_fail":0,"restores_ok":0,"kernel_changed":0,"edges_sent":0,"write_fail":0,"send_dropped":0,"cmd_rejected":0,"connect_raced":0,"targets_applied":1,"targets_rejected":0,"read_errors":0,"lease_expired":0,"rx_timeouts":0,"auth_rejected":0,"errors":0}
[HB] up=46s lease_ok=true handshake=true disarmed=false renew_age_ms=500 stat={"ioctl_calls":596,"target_hits":0,"canary_hits":0,"clears_ok":0,"clears_fail":0,"restores_ok":0,"kernel_changed":0,"edges_sent":0,"write_fail":0,"send_dropped":0,"cmd_rejected":0,"connect_raced":0,"targets_applied":1,"targets_rejected":0,"read_errors":0,"lease_expired":0,"rx_timeouts":0,"auth_rejected":0,"errors":0}
[HB] up=47s lease_ok=true handshake=true disarmed=false renew_age_ms=501 stat={"ioctl_calls":596,"target_hits":0,"canary_hits":0,"clears_ok":0,"clears_fail":0,"restores_ok":0,"kernel_changed":0,"edges_sent":0,"write_fail":0,"send_dropped":0,"cmd_rejected":0,"connect_raced":0,"targets_applied":1,"targets_rejected":0,"read_errors":0,"lease_expired":0,"rx_timeouts":0,"auth_rejected":0,"errors":0}
[HB] up=47s lease_ok=true handshake=true disarmed=false renew_age_ms=500 stat={"ioctl_calls":619,"target_hits":0,"canary_hits":0,"clears_ok":0,"clears_fail":0,"restores_ok":0,"kernel_changed":0,"edges_sent":0,"write_fail":0,"send_dropped":0,"cmd_rejected":0,"connect_raced":0,"targets_applied":1,"targets_rejected":0,"read_errors":0,"lease_expired":0,"rx_timeouts":0,"auth_rejected":0,"errors":0}
[HB] up=48s lease_ok=true handshake=true disarmed=false renew_age_ms=500 stat={"ioctl_calls":624,"target_hits":0,"canary_hits":0,"clears_ok":0,"clears_fail":0,"restores_ok":0,"kernel_changed":0,"edges_sent":0,"write_fail":0,"send_dropped":0,"cmd_rejected":0,"connect_raced":0,"targets_applied":1,"targets_rejected":0,"read_errors":0,"lease_expired":0,"rx_timeouts":0,"auth_rejected":0,"errors":0}
[HB] up=48s lease_ok=true handshake=true disarmed=false renew_age_ms=500 stat={"ioctl_calls":629,"target_hits":0,"canary_hits":0,"clears_ok":0,"clears_fail":0,"restores_ok":0,"kernel_changed":0,"edges_sent":0,"write_fail":0,"send_dropped":0,"cmd_rejected":0,"connect_raced":0,"targets_applied":1,"targets_rejected":0,"read_errors":0,"lease_expired":0,"rx_timeouts":0,"auth_rejected":0,"errors":0}
[HB] up=49s lease_ok=true handshake=true disarmed=false renew_age_ms=500 stat={"ioctl_calls":634,"target_hits":0,"canary_hits":0,"clears_ok":0,"clears_fail":0,"restores_ok":0,"kernel_changed":0,"edges_sent":0,"write_fail":0,"send_dropped":0,"cmd_rejected":0,"connect_raced":0,"targets_applied":1,"targets_rejected":0,"read_errors":0,"lease_expired":0,"rx_timeouts":0,"auth_rejected":0,"errors":0}
[HB] up=49s lease_ok=true handshake=true disarmed=false renew_age_ms=500 stat={"ioctl_calls":639,"target_hits":0,"canary_hits":0,"clears_ok":0,"clears_fail":0,"restores_ok":0,"kernel_changed":0,"edges_sent":0,"write_fail":0,"send_dropped":0,"cmd_rejected":0,"connect_raced":0,"targets_applied":1,"targets_rejected":0,"read_errors":0,"lease_expired":0,"rx_timeouts":0,"auth_rejected":0,"errors":0}
[HB] up=50s lease_ok=true handshake=true disarmed=false renew_age_ms=500 stat={"ioctl_calls":644,"target_hits":0,"canary_hits":0,"clears_ok":0,"clears_fail":0,"restores_ok":0,"kernel_changed":0,"edges_sent":0,"write_fail":0,"send_dropped":0,"cmd_rejected":0,"connect_raced":0,"targets_applied":1,"targets_rejected":0,"read_errors":0,"lease_expired":0,"rx_timeouts":0,"auth_rejected":0,"errors":0}
[RENEW] tick=100 state=ok
[HB] up=50s lease_ok=true handshake=true disarmed=false renew_age_ms=501 stat={"ioctl_calls":649,"target_hits":0,"canary_hits":0,"clears_ok":0,"clears_fail":0,"restores_ok":0,"kernel_changed":0,"edges_sent":0,"write_fail":0,"send_dropped":0,"cmd_rejected":0,"connect_raced":0,"targets_applied":1,"targets_rejected":0,"read_errors":0,"lease_expired":0,"rx_timeouts":0,"auth_rejected":0,"errors":0}
[HB] up=51s lease_ok=true handshake=true disarmed=false renew_age_ms=501 stat={"ioctl_calls":649,"target_hits":0,"canary_hits":0,"clears_ok":0,"clears_fail":0,"restores_ok":0,"kernel_changed":0,"edges_sent":0,"write_fail":0,"send_dropped":0,"cmd_rejected":0,"connect_raced":0,"targets_applied":1,"targets_rejected":0,"read_errors":0,"lease_expired":0,"rx_timeouts":0,"auth_rejected":0,"errors":0}
[HB] up=51s lease_ok=true handshake=true disarmed=false renew_age_ms=500 stat={"ioctl_calls":672,"target_hits":0,"canary_hits":0,"clears_ok":0,"clears_fail":0,"restores_ok":0,"kernel_changed":0,"edges_sent":0,"write_fail":0,"send_dropped":0,"cmd_rejected":0,"connect_raced":0,"targets_applied":1,"targets_rejected":0,"read_errors":0,"lease_expired":0,"rx_timeouts":0,"auth_rejected":0,"errors":0}
[HB] up=52s lease_ok=true handshake=true disarmed=false renew_age_ms=501 stat={"ioctl_calls":677,"target_hits":0,"canary_hits":0,"clears_ok":0,"clears_fail":0,"restores_ok":0,"kernel_changed":0,"edges_sent":0,"write_fail":0,"send_dropped":0,"cmd_rejected":0,"connect_raced":0,"targets_applied":1,"targets_rejected":0,"read_errors":0,"lease_expired":0,"rx_timeouts":0,"auth_rejected":0,"errors":0}
[HB] up=52s lease_ok=true handshake=true disarmed=false renew_age_ms=500 stat={"ioctl_calls":677,"target_hits":0,"canary_hits":0,"clears_ok":0,"clears_fail":0,"restores_ok":0,"kernel_changed":0,"edges_sent":0,"write_fail":0,"send_dropped":0,"cmd_rejected":0,"connect_raced":0,"targets_applied":1,"targets_rejected":0,"read_errors":0,"lease_expired":0,"rx_timeouts":0,"auth_rejected":0,"errors":0}
[HB] up=53s lease_ok=true handshake=true disarmed=false renew_age_ms=500 stat={"ioctl_calls":682,"target_hits":0,"canary_hits":0,"clears_ok":0,"clears_fail":0,"restores_ok":0,"kernel_changed":0,"edges_sent":0,"write_fail":0,"send_dropped":0,"cmd_rejected":0,"connect_raced":0,"targets_applied":1,"targets_rejected":0,"read_errors":0,"lease_expired":0,"rx_timeouts":0,"auth_rejected":0,"errors":0}
[HB] up=53s lease_ok=true handshake=true disarmed=false renew_age_ms=501 stat={"ioctl_calls":687,"target_hits":0,"canary_hits":0,"clears_ok":0,"clears_fail":0,"restores_ok":0,"kernel_changed":0,"edges_sent":0,"write_fail":0,"send_dropped":0,"cmd_rejected":0,"connect_raced":0,"targets_applied":1,"targets_rejected":0,"read_errors":0,"lease_expired":0,"rx_timeouts":0,"auth_rejected":0,"errors":0}
[HB] up=54s lease_ok=true handshake=true disarmed=false renew_age_ms=500 stat={"ioctl_calls":692,"target_hits":0,"canary_hits":0,"clears_ok":0,"clears_fail":0,"restores_ok":0,"kernel_changed":0,"edges_sent":0,"write_fail":0,"send_dropped":0,"cmd_rejected":0,"connect_raced":0,"targets_applied":1,"targets_rejected":0,"read_errors":0,"lease_expired":0,"rx_timeouts":0,"auth_rejected":0,"errors":0}
[HB] up=54s lease_ok=true handshake=true disarmed=false renew_age_ms=501 stat={"ioctl_calls":697,"target_hits":0,"canary_hits":0,"clears_ok":0,"clears_fail":0,"restores_ok":0,"kernel_changed":0,"edges_sent":0,"write_fail":0,"send_dropped":0,"cmd_rejected":0,"connect_raced":0,"targets_applied":1,"targets_rejected":0,"read_errors":0,"lease_expired":0,"rx_timeouts":0,"auth_rejected":0,"errors":0}
[HB] up=55s lease_ok=true handshake=true disarmed=false renew_age_ms=500 stat={"ioctl_calls":702,"target_hits":0,"canary_hits":0,"clears_ok":0,"clears_fail":0,"restores_ok":0,"kernel_changed":0,"edges_sent":0,"write_fail":0,"send_dropped":0,"cmd_rejected":0,"connect_raced":0,"targets_applied":1,"targets_rejected":0,"read_errors":0,"lease_expired":0,"rx_timeouts":0,"auth_rejected":0,"errors":0}
[RENEW] tick=110 state=ok
[HB] up=55s lease_ok=true handshake=true disarmed=false renew_age_ms=499 stat={"ioctl_calls":702,"target_hits":0,"canary_hits":0,"clears_ok":0,"clears_fail":0,"restores_ok":0,"kernel_changed":0,"edges_sent":0,"write_fail":0,"send_dropped":0,"cmd_rejected":0,"connect_raced":0,"targets_applied":1,"targets_rejected":0,"read_errors":0,"lease_expired":0,"rx_timeouts":0,"auth_rejected":0,"errors":0}
[HB] up=56s lease_ok=true handshake=true disarmed=false renew_age_ms=502 stat={"ioctl_calls":725,"target_hits":0,"canary_hits":0,"clears_ok":0,"clears_fail":0,"restores_ok":0,"kernel_changed":0,"edges_sent":0,"write_fail":0,"send_dropped":0,"cmd_rejected":0,"connect_raced":0,"targets_applied":1,"targets_rejected":0,"read_errors":0,"lease_expired":0,"rx_timeouts":0,"auth_rejected":0,"errors":0}
[HB] up=56s lease_ok=true handshake=true disarmed=false renew_age_ms=500 stat={"ioctl_calls":730,"target_hits":0,"canary_hits":0,"clears_ok":0,"clears_fail":0,"restores_ok":0,"kernel_changed":0,"edges_sent":0,"write_fail":0,"send_dropped":0,"cmd_rejected":0,"connect_raced":0,"targets_applied":1,"targets_rejected":0,"read_errors":0,"lease_expired":0,"rx_timeouts":0,"auth_rejected":0,"errors":0}
[HB] up=57s lease_ok=true handshake=true disarmed=false renew_age_ms=499 stat={"ioctl_calls":735,"target_hits":0,"canary_hits":0,"clears_ok":0,"clears_fail":0,"restores_ok":0,"kernel_changed":0,"edges_sent":0,"write_fail":0,"send_dropped":0,"cmd_rejected":0,"connect_raced":0,"targets_applied":1,"targets_rejected":0,"read_errors":0,"lease_expired":0,"rx_timeouts":0,"auth_rejected":0,"errors":0}
[HB] up=57s lease_ok=true handshake=true disarmed=false renew_age_ms=500 stat={"ioctl_calls":740,"target_hits":0,"canary_hits":0,"clears_ok":0,"clears_fail":0,"restores_ok":0,"kernel_changed":0,"edges_sent":0,"write_fail":0,"send_dropped":0,"cmd_rejected":0,"connect_raced":0,"targets_applied":1,"targets_rejected":0,"read_errors":0,"lease_expired":0,"rx_timeouts":0,"auth_rejected":0,"errors":0}
[HB] up=58s lease_ok=true handshake=true disarmed=false renew_age_ms=501 stat={"ioctl_calls":745,"target_hits":0,"canary_hits":0,"clears_ok":0,"clears_fail":0,"restores_ok":0,"kernel_changed":0,"edges_sent":0,"write_fail":0,"send_dropped":0,"cmd_rejected":0,"connect_raced":0,"targets_applied":1,"targets_rejected":0,"read_errors":0,"lease_expired":0,"rx_timeouts":0,"auth_rejected":0,"errors":0}
[HB] up=58s lease_ok=true handshake=true disarmed=false renew_age_ms=500 stat={"ioctl_calls":750,"target_hits":0,"canary_hits":0,"clears_ok":0,"clears_fail":0,"restores_ok":0,"kernel_changed":0,"edges_sent":0,"write_fail":0,"send_dropped":0,"cmd_rejected":0,"connect_raced":0,"targets_applied":1,"targets_rejected":0,"read_errors":0,"lease_expired":0,"rx_timeouts":0,"auth_rejected":0,"errors":0}
[HB] up=59s lease_ok=true handshake=true disarmed=false renew_age_ms=501 stat={"ioctl_calls":755,"target_hits":0,"canary_hits":0,"clears_ok":0,"clears_fail":0,"restores_ok":0,"kernel_changed":0,"edges_sent":0,"write_fail":0,"send_dropped":0,"cmd_rejected":0,"connect_raced":0,"targets_applied":1,"targets_rejected":0,"read_errors":0,"lease_expired":0,"rx_timeouts":0,"auth_rejected":0,"errors":0}
[HB] up=59s lease_ok=true handshake=true disarmed=false renew_age_ms=500 stat={"ioctl_calls":755,"target_hits":0,"canary_hits":0,"clears_ok":0,"clears_fail":0,"restores_ok":0,"kernel_changed":0,"edges_sent":0,"write_fail":0,"send_dropped":0,"cmd_rejected":0,"connect_raced":0,"targets_applied":1,"targets_rejected":0,"read_errors":0,"lease_expired":0,"rx_timeouts":0,"auth_rejected":0,"errors":0}
[HB] up=60s lease_ok=true handshake=true disarmed=false renew_age_ms=500 stat={"ioctl_calls":778,"target_hits":0,"canary_hits":0,"clears_ok":0,"clears_fail":0,"restores_ok":0,"kernel_changed":0,"edges_sent":0,"write_fail":0,"send_dropped":0,"cmd_rejected":0,"connect_raced":0,"targets_applied":1,"targets_rejected":0,"read_errors":0,"lease_expired":0,"rx_timeouts":0,"auth_rejected":0,"errors":0}
[RENEW] tick=120 state=ok
[HB] up=60s lease_ok=true handshake=true disarmed=false renew_age_ms=501 stat={"ioctl_calls":783,"target_hits":0,"canary_hits":0,"clears_ok":0,"clears_fail":0,"restores_ok":0,"kernel_changed":0,"edges_sent":0,"write_fail":0,"send_dropped":0,"cmd_rejected":0,"connect_raced":0,"targets_applied":1,"targets_rejected":0,"read_errors":0,"lease_expired":0,"rx_timeouts":0,"auth_rejected":0,"errors":0}
[HB] up=61s lease_ok=true handshake=true disarmed=false renew_age_ms=501 stat={"ioctl_calls":788,"target_hits":0,"canary_hits":0,"clears_ok":0,"clears_fail":0,"restores_ok":0,"kernel_changed":0,"edges_sent":0,"write_fail":0,"send_dropped":0,"cmd_rejected":0,"connect_raced":0,"targets_applied":1,"targets_rejected":0,"read_errors":0,"lease_expired":0,"rx_timeouts":0,"auth_rejected":0,"errors":0}
[HB] up=61s lease_ok=true handshake=true disarmed=false renew_age_ms=500 stat={"ioctl_calls":793,"target_hits":0,"canary_hits":0,"clears_ok":0,"clears_fail":0,"restores_ok":0,"kernel_changed":0,"edges_sent":0,"write_fail":0,"send_dropped":0,"cmd_rejected":0,"connect_raced":0,"targets_applied":1,"targets_rejected":0,"read_errors":0,"lease_expired":0,"rx_timeouts":0,"auth_rejected":0,"errors":0}
[HB] up=62s lease_ok=true handshake=true disarmed=false renew_age_ms=500 stat={"ioctl_calls":798,"target_hits":0,"canary_hits":0,"clears_ok":0,"clears_fail":0,"restores_ok":0,"kernel_changed":0,"edges_sent":0,"write_fail":0,"send_dropped":0,"cmd_rejected":0,"connect_raced":0,"targets_applied":1,"targets_rejected":0,"read_errors":0,"lease_expired":0,"rx_timeouts":0,"auth_rejected":0,"errors":0}
[HB] up=62s lease_ok=true handshake=true disarmed=false renew_age_ms=501 stat={"ioctl_calls":803,"target_hits":0,"canary_hits":0,"clears_ok":0,"clears_fail":0,"restores_ok":0,"kernel_changed":0,"edges_sent":0,"write_fail":0,"send_dropped":0,"cmd_rejected":0,"connect_raced":0,"targets_applied":1,"targets_rejected":0,"read_errors":0,"lease_expired":0,"rx_timeouts":0,"auth_rejected":0,"errors":0}
[HB] up=63s lease_ok=true handshake=true disarmed=false renew_age_ms=500 stat={"ioctl_calls":809,"target_hits":0,"canary_hits":0,"clears_ok":1,"clears_fail":0,"restores_ok":0,"kernel_changed":1,"edges_sent":0,"write_fail":0,"send_dropped":0,"cmd_rejected":0,"connect_raced":0,"targets_applied":1,"targets_rejected":0,"read_errors":0,"lease_expired":0,"rx_timeouts":0,"auth_rejected":0,"errors":0}
[HB] up=63s lease_ok=true handshake=true disarmed=false renew_age_ms=500 stat={"ioctl_calls":809,"target_hits":0,"canary_hits":0,"clears_ok":1,"clears_fail":0,"restores_ok":0,"kernel_changed":1,"edges_sent":0,"write_fail":0,"send_dropped":0,"cmd_rejected":0,"connect_raced":0,"targets_applied":1,"targets_rejected":0,"read_errors":0,"lease_expired":0,"rx_timeouts":0,"auth_rejected":0,"errors":0}
[HB] up=64s lease_ok=true handshake=true disarmed=false renew_age_ms=501 stat={"ioctl_calls":832,"target_hits":0,"canary_hits":0,"clears_ok":1,"clears_fail":0,"restores_ok":0,"kernel_changed":1,"edges_sent":0,"write_fail":0,"send_dropped":0,"cmd_rejected":0,"connect_raced":0,"targets_applied":1,"targets_rejected":0,"read_errors":0,"lease_expired":0,"rx_timeouts":0,"auth_rejected":0,"errors":0}
[HB] up=64s lease_ok=true handshake=true disarmed=false renew_age_ms=501 stat={"ioctl_calls":837,"target_hits":0,"canary_hits":0,"clears_ok":1,"clears_fail":0,"restores_ok":0,"kernel_changed":1,"edges_sent":0,"write_fail":0,"send_dropped":0,"cmd_rejected":0,"connect_raced":0,"targets_applied":1,"targets_rejected":0,"read_errors":0,"lease_expired":0,"rx_timeouts":0,"auth_rejected":0,"errors":0}
[HB] up=65s lease_ok=true handshake=true disarmed=false renew_age_ms=500 stat={"ioctl_calls":842,"target_hits":0,"canary_hits":0,"clears_ok":1,"clears_fail":0,"restores_ok":0,"kernel_changed":1,"edges_sent":0,"write_fail":0,"send_dropped":0,"cmd_rejected":0,"connect_raced":0,"targets_applied":1,"targets_rejected":0,"read_errors":0,"lease_expired":0,"rx_timeouts":0,"auth_rejected":0,"errors":0}
[RENEW] tick=130 state=ok
[HB] up=65s lease_ok=true handshake=true disarmed=false renew_age_ms=500 stat={"ioctl_calls":848,"target_hits":0,"canary_hits":0,"clears_ok":1,"clears_fail":0,"restores_ok":0,"kernel_changed":1,"edges_sent":0,"write_fail":0,"send_dropped":0,"cmd_rejected":0,"connect_raced":0,"targets_applied":1,"targets_rejected":0,"read_errors":0,"lease_expired":0,"rx_timeouts":0,"auth_rejected":0,"errors":0}
[HB] up=66s lease_ok=true handshake=true disarmed=false renew_age_ms=500 stat={"ioctl_calls":853,"target_hits":0,"canary_hits":0,"clears_ok":1,"clears_fail":0,"restores_ok":0,"kernel_changed":1,"edges_sent":0,"write_fail":0,"send_dropped":0,"cmd_rejected":0,"connect_raced":0,"targets_applied":1,"targets_rejected":0,"read_errors":0,"lease_expired":0,"rx_timeouts":0,"auth_rejected":0,"errors":0}
[HB] up=66s lease_ok=true handshake=true disarmed=false renew_age_ms=501 stat={"ioctl_calls":858,"target_hits":0,"canary_hits":0,"clears_ok":1,"clears_fail":0,"restores_ok":0,"kernel_changed":1,"edges_sent":0,"write_fail":0,"send_dropped":0,"cmd_rejected":0,"connect_raced":0,"targets_applied":1,"targets_rejected":0,"read_errors":0,"lease_expired":0,"rx_timeouts":0,"auth_rejected":0,"errors":0}
[HB] up=67s lease_ok=true handshake=true disarmed=false renew_age_ms=501 stat={"ioctl_calls":863,"target_hits":0,"canary_hits":0,"clears_ok":1,"clears_fail":0,"restores_ok":0,"kernel_changed":1,"edges_sent":0,"write_fail":0,"send_dropped":0,"cmd_rejected":0,"connect_raced":0,"targets_applied":1,"targets_rejected":0,"read_errors":0,"lease_expired":0,"rx_timeouts":0,"auth_rejected":0,"errors":0}
[HB] up=67s lease_ok=true handshake=true disarmed=false renew_age_ms=500 stat={"ioctl_calls":864,"target_hits":0,"canary_hits":0,"clears_ok":2,"clears_fail":0,"restores_ok":0,"kernel_changed":2,"edges_sent":0,"write_fail":0,"send_dropped":0,"cmd_rejected":0,"connect_raced":0,"targets_applied":1,"targets_rejected":0,"read_errors":0,"lease_expired":0,"rx_timeouts":0,"auth_rejected":0,"errors":0}
[HB] up=68s lease_ok=true handshake=true disarmed=false renew_age_ms=500 stat={"ioctl_calls":887,"target_hits":0,"canary_hits":0,"clears_ok":2,"clears_fail":0,"restores_ok":0,"kernel_changed":2,"edges_sent":0,"write_fail":0,"send_dropped":0,"cmd_rejected":0,"connect_raced":0,"targets_applied":1,"targets_rejected":0,"read_errors":0,"lease_expired":0,"rx_timeouts":0,"auth_rejected":0,"errors":0}
[HB] up=68s lease_ok=true handshake=true disarmed=false renew_age_ms=501 stat={"ioctl_calls":892,"target_hits":0,"canary_hits":0,"clears_ok":2,"clears_fail":0,"restores_ok":0,"kernel_changed":2,"edges_sent":0,"write_fail":0,"send_dropped":0,"cmd_rejected":0,"connect_raced":0,"targets_applied":1,"targets_rejected":0,"read_errors":0,"lease_expired":0,"rx_timeouts":0,"auth_rejected":0,"errors":0}
[HB] up=69s lease_ok=true handshake=true disarmed=false renew_age_ms=501 stat={"ioctl_calls":897,"target_hits":0,"canary_hits":0,"clears_ok":2,"clears_fail":0,"restores_ok":0,"kernel_changed":2,"edges_sent":0,"write_fail":0,"send_dropped":0,"cmd_rejected":0,"connect_raced":0,"targets_applied":1,"targets_rejected":0,"read_errors":0,"lease_expired":0,"rx_timeouts":0,"auth_rejected":0,"errors":0}
[HB] up=69s lease_ok=true handshake=true disarmed=false renew_age_ms=500 stat={"ioctl_calls":903,"target_hits":0,"canary_hits":0,"clears_ok":2,"clears_fail":0,"restores_ok":0,"kernel_changed":2,"edges_sent":0,"write_fail":0,"send_dropped":0,"cmd_rejected":0,"connect_raced":0,"targets_applied":1,"targets_rejected":0,"read_errors":0,"lease_expired":0,"rx_timeouts":0,"auth_rejected":0,"errors":0}
[HB] up=70s lease_ok=true handshake=true disarmed=false renew_age_ms=501 stat={"ioctl_calls":908,"target_hits":0,"canary_hits":0,"clears_ok":2,"clears_fail":0,"restores_ok":0,"kernel_changed":2,"edges_sent":0,"write_fail":0,"send_dropped":0,"cmd_rejected":0,"connect_raced":0,"targets_applied":1,"targets_rejected":0,"read_errors":0,"lease_expired":0,"rx_timeouts":0,"auth_rejected":0,"errors":0}
[RENEW] tick=140 state=ok
[HB] up=70s lease_ok=true handshake=true disarmed=false renew_age_ms=500 stat={"ioctl_calls":913,"target_hits":0,"canary_hits":0,"clears_ok":2,"clears_fail":0,"restores_ok":0,"kernel_changed":2,"edges_sent":0,"write_fail":0,"send_dropped":0,"cmd_rejected":0,"connect_raced":0,"targets_applied":1,"targets_rejected":0,"read_errors":0,"lease_expired":0,"rx_timeouts":0,"auth_rejected":0,"errors":0}
[HB] up=71s lease_ok=true handshake=true disarmed=false renew_age_ms=501 stat={"ioctl_calls":919,"target_hits":0,"canary_hits":0,"clears_ok":3,"clears_fail":0,"restores_ok":0,"kernel_changed":3,"edges_sent":0,"write_fail":0,"send_dropped":0,"cmd_rejected":0,"connect_raced":0,"targets_applied":1,"targets_rejected":0,"read_errors":0,"lease_expired":0,"rx_timeouts":0,"auth_rejected":0,"errors":0}
[HB] up=71s lease_ok=true handshake=true disarmed=false renew_age_ms=501 stat={"ioctl_calls":919,"target_hits":0,"canary_hits":0,"clears_ok":3,"clears_fail":0,"restores_ok":0,"kernel_changed":3,"edges_sent":0,"write_fail":0,"send_dropped":0,"cmd_rejected":0,"connect_raced":0,"targets_applied":1,"targets_rejected":0,"read_errors":0,"lease_expired":0,"rx_timeouts":0,"auth_rejected":0,"errors":0}
[HB] up=72s lease_ok=true handshake=true disarmed=false renew_age_ms=500 stat={"ioctl_calls":942,"target_hits":0,"canary_hits":0,"clears_ok":3,"clears_fail":0,"restores_ok":0,"kernel_changed":3,"edges_sent":0,"write_fail":0,"send_dropped":0,"cmd_rejected":0,"connect_raced":0,"targets_applied":1,"targets_rejected":0,"read_errors":0,"lease_expired":0,"rx_timeouts":0,"auth_rejected":0,"errors":0}
[HB] up=72s lease_ok=true handshake=true disarmed=false renew_age_ms=501 stat={"ioctl_calls":947,"target_hits":0,"canary_hits":0,"clears_ok":3,"clears_fail":0,"restores_ok":0,"kernel_changed":3,"edges_sent":0,"write_fail":0,"send_dropped":0,"cmd_rejected":0,"connect_raced":0,"targets_applied":1,"targets_rejected":0,"read_errors":0,"lease_expired":0,"rx_timeouts":0,"auth_rejected":0,"errors":0}
[HB] up=73s lease_ok=true handshake=true disarmed=false renew_age_ms=500 stat={"ioctl_calls":952,"target_hits":0,"canary_hits":0,"clears_ok":3,"clears_fail":0,"restores_ok":0,"kernel_changed":3,"edges_sent":0,"write_fail":0,"send_dropped":0,"cmd_rejected":0,"connect_raced":0,"targets_applied":1,"targets_rejected":0,"read_errors":0,"lease_expired":0,"rx_timeouts":0,"auth_rejected":0,"errors":0}
[HB] up=73s lease_ok=true handshake=true disarmed=false renew_age_ms=500 stat={"ioctl_calls":958,"target_hits":0,"canary_hits":0,"clears_ok":3,"clears_fail":0,"restores_ok":0,"kernel_changed":3,"edges_sent":0,"write_fail":0,"send_dropped":0,"cmd_rejected":0,"connect_raced":0,"targets_applied":1,"targets_rejected":0,"read_errors":0,"lease_expired":0,"rx_timeouts":0,"auth_rejected":0,"errors":0}
[HB] up=74s lease_ok=true handshake=true disarmed=false renew_age_ms=501 stat={"ioctl_calls":963,"target_hits":0,"canary_hits":0,"clears_ok":3,"clears_fail":0,"restores_ok":0,"kernel_changed":3,"edges_sent":0,"write_fail":0,"send_dropped":0,"cmd_rejected":0,"connect_raced":0,"targets_applied":1,"targets_rejected":0,"read_errors":0,"lease_expired":0,"rx_timeouts":0,"auth_rejected":0,"errors":0}
[HB] up=74s lease_ok=true handshake=true disarmed=false renew_age_ms=500 stat={"ioctl_calls":968,"target_hits":0,"canary_hits":0,"clears_ok":3,"clears_fail":0,"restores_ok":0,"kernel_changed":3,"edges_sent":0,"write_fail":0,"send_dropped":0,"cmd_rejected":0,"connect_raced":0,"targets_applied":1,"targets_rejected":0,"read_errors":0,"lease_expired":0,"rx_timeouts":0,"auth_rejected":0,"errors":0}
[HB] up=75s lease_ok=true handshake=true disarmed=false renew_age_ms=501 stat={"ioctl_calls":973,"target_hits":0,"canary_hits":0,"clears_ok":3,"clears_fail":0,"restores_ok":0,"kernel_changed":3,"edges_sent":0,"write_fail":0,"send_dropped":0,"cmd_rejected":0,"connect_raced":0,"targets_applied":1,"targets_rejected":0,"read_errors":0,"lease_expired":0,"rx_timeouts":0,"auth_rejected":0,"errors":0}
[RENEW] tick=150 state=ok
[HB] up=75s lease_ok=true handshake=true disarmed=false renew_age_ms=500 stat={"ioctl_calls":973,"target_hits":0,"canary_hits":0,"clears_ok":3,"clears_fail":0,"restores_ok":0,"kernel_changed":3,"edges_sent":0,"write_fail":0,"send_dropped":0,"cmd_rejected":0,"connect_raced":0,"targets_applied":1,"targets_rejected":0,"read_errors":0,"lease_expired":0,"rx_timeouts":0,"auth_rejected":0,"errors":0}
[HB] up=76s lease_ok=true handshake=true disarmed=false renew_age_ms=501 stat={"ioctl_calls":996,"target_hits":0,"canary_hits":0,"clears_ok":3,"clears_fail":0,"restores_ok":0,"kernel_changed":3,"edges_sent":0,"write_fail":0,"send_dropped":0,"cmd_rejected":0,"connect_raced":0,"targets_applied":1,"targets_rejected":0,"read_errors":0,"lease_expired":0,"rx_timeouts":0,"auth_rejected":0,"errors":0}
[HB] up=76s lease_ok=true handshake=true disarmed=false renew_age_ms=501 stat={"ioctl_calls":1001,"target_hits":0,"canary_hits":0,"clears_ok":3,"clears_fail":0,"restores_ok":0,"kernel_changed":3,"edges_sent":0,"write_fail":0,"send_dropped":0,"cmd_rejected":0,"connect_raced":0,"targets_applied":1,"targets_rejected":0,"read_errors":0,"lease_expired":0,"rx_timeouts":0,"auth_rejected":0,"errors":0}
[HB] up=77s lease_ok=true handshake=true disarmed=false renew_age_ms=500 stat={"ioctl_calls":1006,"target_hits":0,"canary_hits":0,"clears_ok":3,"clears_fail":0,"restores_ok":0,"kernel_changed":3,"edges_sent":0,"write_fail":0,"send_dropped":0,"cmd_rejected":0,"connect_raced":0,"targets_applied":1,"targets_rejected":0,"read_errors":0,"lease_expired":0,"rx_timeouts":0,"auth_rejected":0,"errors":0}
[HB] up=77s lease_ok=true handshake=true disarmed=false renew_age_ms=500 stat={"ioctl_calls":1011,"target_hits":0,"canary_hits":0,"clears_ok":3,"clears_fail":0,"restores_ok":0,"kernel_changed":3,"edges_sent":0,"write_fail":0,"send_dropped":0,"cmd_rejected":0,"connect_raced":0,"targets_applied":1,"targets_rejected":0,"read_errors":0,"lease_expired":0,"rx_timeouts":0,"auth_rejected":0,"errors":0}
[HB] up=78s lease_ok=true handshake=true disarmed=false renew_age_ms=500 stat={"ioctl_calls":1011,"target_hits":0,"canary_hits":0,"clears_ok":3,"clears_fail":0,"restores_ok":0,"kernel_changed":3,"edges_sent":0,"write_fail":0,"send_dropped":0,"cmd_rejected":0,"connect_raced":0,"targets_applied":1,"targets_rejected":0,"read_errors":0,"lease_expired":0,"rx_timeouts":0,"auth_rejected":0,"errors":0}
[HB] up=78s lease_ok=true handshake=true disarmed=false renew_age_ms=500 stat={"ioctl_calls":1016,"target_hits":0,"canary_hits":0,"clears_ok":3,"clears_fail":0,"restores_ok":0,"kernel_changed":3,"edges_sent":0,"write_fail":0,"send_dropped":0,"cmd_rejected":0,"connect_raced":0,"targets_applied":1,"targets_rejected":0,"read_errors":0,"lease_expired":0,"rx_timeouts":0,"auth_rejected":0,"errors":0}
[HB] up=79s lease_ok=true handshake=true disarmed=false renew_age_ms=500 stat={"ioctl_calls":1021,"target_hits":0,"canary_hits":0,"clears_ok":3,"clears_fail":0,"restores_ok":0,"kernel_changed":3,"edges_sent":0,"write_fail":0,"send_dropped":0,"cmd_rejected":0,"connect_raced":0,"targets_applied":1,"targets_rejected":0,"read_errors":0,"lease_expired":0,"rx_timeouts":0,"auth_rejected":0,"errors":0}
[HB] up=79s lease_ok=true handshake=true disarmed=false renew_age_ms=500 stat={"ioctl_calls":1026,"target_hits":0,"canary_hits":0,"clears_ok":3,"clears_fail":0,"restores_ok":0,"kernel_changed":3,"edges_sent":0,"write_fail":0,"send_dropped":0,"cmd_rejected":0,"connect_raced":0,"targets_applied":1,"targets_rejected":0,"read_errors":0,"lease_expired":0,"rx_timeouts":0,"auth_rejected":0,"errors":0}
[HB] up=80s lease_ok=true handshake=true disarmed=false renew_age_ms=500 stat={"ioctl_calls":1026,"target_hits":0,"canary_hits":0,"clears_ok":3,"clears_fail":0,"restores_ok":0,"kernel_changed":3,"edges_sent":0,"write_fail":0,"send_dropped":0,"cmd_rejected":0,"connect_raced":0,"targets_applied":1,"targets_rejected":0,"read_errors":0,"lease_expired":0,"rx_timeouts":0,"auth_rejected":0,"errors":0}
[RENEW] tick=160 state=ok
[HB] up=80s lease_ok=true handshake=true disarmed=false renew_age_ms=500 stat={"ioctl_calls":1049,"target_hits":0,"canary_hits":0,"clears_ok":3,"clears_fail":0,"restores_ok":0,"kernel_changed":3,"edges_sent":0,"write_fail":0,"send_dropped":0,"cmd_rejected":0,"connect_raced":0,"targets_applied":1,"targets_rejected":0,"read_errors":0,"lease_expired":0,"rx_timeouts":0,"auth_rejected":0,"errors":0}
[HB] up=81s lease_ok=true handshake=true disarmed=false renew_age_ms=501 stat={"ioctl_calls":1054,"target_hits":0,"canary_hits":0,"clears_ok":3,"clears_fail":0,"restores_ok":0,"kernel_changed":3,"edges_sent":0,"write_fail":0,"send_dropped":0,"cmd_rejected":0,"connect_raced":0,"targets_applied":1,"targets_rejected":0,"read_errors":0,"lease_expired":0,"rx_timeouts":0,"auth_rejected":0,"errors":0}
[HB] up=81s lease_ok=true handshake=true disarmed=false renew_age_ms=500 stat={"ioctl_calls":1059,"target_hits":0,"canary_hits":0,"clears_ok":3,"clears_fail":0,"restores_ok":0,"kernel_changed":3,"edges_sent":0,"write_fail":0,"send_dropped":0,"cmd_rejected":0,"connect_raced":0,"targets_applied":1,"targets_rejected":0,"read_errors":0,"lease_expired":0,"rx_timeouts":0,"auth_rejected":0,"errors":0}
[HB] up=82s lease_ok=true handshake=true disarmed=false renew_age_ms=500 stat={"ioctl_calls":1064,"target_hits":0,"canary_hits":0,"clears_ok":3,"clears_fail":0,"restores_ok":0,"kernel_changed":3,"edges_sent":0,"write_fail":0,"send_dropped":0,"cmd_rejected":0,"connect_raced":0,"targets_applied":1,"targets_rejected":0,"read_errors":0,"lease_expired":0,"rx_timeouts":0,"auth_rejected":0,"errors":0}
[HB] up=82s lease_ok=true handshake=true disarmed=false renew_age_ms=500 stat={"ioctl_calls":1069,"target_hits":0,"canary_hits":0,"clears_ok":3,"clears_fail":0,"restores_ok":0,"kernel_changed":3,"edges_sent":0,"write_fail":0,"send_dropped":0,"cmd_rejected":0,"connect_raced":0,"targets_applied":1,"targets_rejected":0,"read_errors":0,"lease_expired":0,"rx_timeouts":0,"auth_rejected":0,"errors":0}
[HB] up=83s lease_ok=true handshake=true disarmed=false renew_age_ms=501 stat={"ioctl_calls":1074,"target_hits":0,"canary_hits":0,"clears_ok":3,"clears_fail":0,"restores_ok":0,"kernel_changed":3,"edges_sent":0,"write_fail":0,"send_dropped":0,"cmd_rejected":0,"connect_raced":0,"targets_applied":1,"targets_rejected":0,"read_errors":0,"lease_expired":0,"rx_timeouts":0,"auth_rejected":0,"errors":0}
[HB] up=83s lease_ok=true handshake=true disarmed=false renew_age_ms=500 stat={"ioctl_calls":1079,"target_hits":0,"canary_hits":0,"clears_ok":3,"clears_fail":0,"restores_ok":0,"kernel_changed":3,"edges_sent":0,"write_fail":0,"send_dropped":0,"cmd_rejected":0,"connect_raced":0,"targets_applied":1,"targets_rejected":0,"read_errors":0,"lease_expired":0,"rx_timeouts":0,"auth_rejected":0,"errors":0}
[HB] up=84s lease_ok=true handshake=true disarmed=false renew_age_ms=500 stat={"ioctl_calls":1079,"target_hits":0,"canary_hits":0,"clears_ok":3,"clears_fail":0,"restores_ok":0,"kernel_changed":3,"edges_sent":0,"write_fail":0,"send_dropped":0,"cmd_rejected":0,"connect_raced":0,"targets_applied":1,"targets_rejected":0,"read_errors":0,"lease_expired":0,"rx_timeouts":0,"auth_rejected":0,"errors":0}
[HB] up=84s lease_ok=true handshake=true disarmed=false renew_age_ms=501 stat={"ioctl_calls":1102,"target_hits":0,"canary_hits":0,"clears_ok":3,"clears_fail":0,"restores_ok":0,"kernel_changed":3,"edges_sent":0,"write_fail":0,"send_dropped":0,"cmd_rejected":0,"connect_raced":0,"targets_applied":1,"targets_rejected":0,"read_errors":0,"lease_expired":0,"rx_timeouts":0,"auth_rejected":0,"errors":0}
[HB] up=85s lease_ok=true handshake=true disarmed=false renew_age_ms=500 stat={"ioctl_calls":1107,"target_hits":0,"canary_hits":0,"clears_ok":3,"clears_fail":0,"restores_ok":0,"kernel_changed":3,"edges_sent":0,"write_fail":0,"send_dropped":0,"cmd_rejected":0,"connect_raced":0,"targets_applied":1,"targets_rejected":0,"read_errors":0,"lease_expired":0,"rx_timeouts":0,"auth_rejected":0,"errors":0}
[RENEW] tick=170 state=ok
[HB] up=85s lease_ok=true handshake=true disarmed=false renew_age_ms=501 stat={"ioctl_calls":1112,"target_hits":0,"canary_hits":0,"clears_ok":3,"clears_fail":0,"restores_ok":0,"kernel_changed":3,"edges_sent":0,"write_fail":0,"send_dropped":0,"cmd_rejected":0,"connect_raced":0,"targets_applied":1,"targets_rejected":0,"read_errors":0,"lease_expired":0,"rx_timeouts":0,"auth_rejected":0,"errors":0}
[HB] up=86s lease_ok=true handshake=true disarmed=false renew_age_ms=501 stat={"ioctl_calls":1117,"target_hits":0,"canary_hits":0,"clears_ok":3,"clears_fail":0,"restores_ok":0,"kernel_changed":3,"edges_sent":0,"write_fail":0,"send_dropped":0,"cmd_rejected":0,"connect_raced":0,"targets_applied":1,"targets_rejected":0,"read_errors":0,"lease_expired":0,"rx_timeouts":0,"auth_rejected":0,"errors":0}
[HB] up=86s lease_ok=true handshake=true disarmed=false renew_age_ms=500 stat={"ioctl_calls":1122,"target_hits":0,"canary_hits":0,"clears_ok":3,"clears_fail":0,"restores_ok":0,"kernel_changed":3,"edges_sent":0,"write_fail":0,"send_dropped":0,"cmd_rejected":0,"connect_raced":0,"targets_applied":1,"targets_rejected":0,"read_errors":0,"lease_expired":0,"rx_timeouts":0,"auth_rejected":0,"errors":0}
[HB] up=87s lease_ok=true handshake=true disarmed=false renew_age_ms=499 stat={"ioctl_calls":1127,"target_hits":0,"canary_hits":0,"clears_ok":3,"clears_fail":0,"restores_ok":0,"kernel_changed":3,"edges_sent":0,"write_fail":0,"send_dropped":0,"cmd_rejected":0,"connect_raced":0,"targets_applied":1,"targets_rejected":0,"read_errors":0,"lease_expired":0,"rx_timeouts":0,"auth_rejected":0,"errors":0}
[HB] up=87s lease_ok=true handshake=true disarmed=false renew_age_ms=501 stat={"ioctl_calls":1132,"target_hits":0,"canary_hits":0,"clears_ok":3,"clears_fail":0,"restores_ok":0,"kernel_changed":3,"edges_sent":0,"write_fail":0,"send_dropped":0,"cmd_rejected":0,"connect_raced":0,"targets_applied":1,"targets_rejected":0,"read_errors":0,"lease_expired":0,"rx_timeouts":0,"auth_rejected":0,"errors":0}
[HB] up=88s lease_ok=true handshake=true disarmed=false renew_age_ms=500 stat={"ioctl_calls":1132,"target_hits":0,"canary_hits":0,"clears_ok":3,"clears_fail":0,"restores_ok":0,"kernel_changed":3,"edges_sent":0,"write_fail":0,"send_dropped":0,"cmd_rejected":0,"connect_raced":0,"targets_applied":1,"targets_rejected":0,"read_errors":0,"lease_expired":0,"rx_timeouts":0,"auth_rejected":0,"errors":0}
[HB] up=88s lease_ok=true handshake=true disarmed=false renew_age_ms=501 stat={"ioctl_calls":1155,"target_hits":0,"canary_hits":0,"clears_ok":3,"clears_fail":0,"restores_ok":0,"kernel_changed":3,"edges_sent":0,"write_fail":0,"send_dropped":0,"cmd_rejected":0,"connect_raced":0,"targets_applied":1,"targets_rejected":0,"read_errors":0,"lease_expired":0,"rx_timeouts":0,"auth_rejected":0,"errors":0}
[HB] up=89s lease_ok=true handshake=true disarmed=false renew_age_ms=500 stat={"ioctl_calls":1160,"target_hits":0,"canary_hits":0,"clears_ok":3,"clears_fail":0,"restores_ok":0,"kernel_changed":3,"edges_sent":0,"write_fail":0,"send_dropped":0,"cmd_rejected":0,"connect_raced":0,"targets_applied":1,"targets_rejected":0,"read_errors":0,"lease_expired":0,"rx_timeouts":0,"auth_rejected":0,"errors":0}
[HB] up=89s lease_ok=true handshake=true disarmed=false renew_age_ms=500 stat={"ioctl_calls":1165,"target_hits":0,"canary_hits":0,"clears_ok":3,"clears_fail":0,"restores_ok":0,"kernel_changed":3,"edges_sent":0,"write_fail":0,"send_dropped":0,"cmd_rejected":0,"connect_raced":0,"targets_applied":1,"targets_rejected":0,"read_errors":0,"lease_expired":0,"rx_timeouts":0,"auth_rejected":0,"errors":0}
[HB] up=90s lease_ok=true handshake=true disarmed=false renew_age_ms=501 stat={"ioctl_calls":1170,"target_hits":0,"canary_hits":0,"clears_ok":3,"clears_fail":0,"restores_ok":0,"kernel_changed":3,"edges_sent":0,"write_fail":0,"send_dropped":0,"cmd_rejected":0,"connect_raced":0,"targets_applied":1,"targets_rejected":0,"read_errors":0,"lease_expired":0,"rx_timeouts":0,"auth_rejected":0,"errors":0}
[RENEW] tick=180 state=ok
[HB] up=90s lease_ok=true handshake=true disarmed=false renew_age_ms=500 stat={"ioctl_calls":1175,"target_hits":0,"canary_hits":0,"clears_ok":3,"clears_fail":0,"restores_ok":0,"kernel_changed":3,"edges_sent":0,"write_fail":0,"send_dropped":0,"cmd_rejected":0,"connect_raced":0,"targets_applied":1,"targets_rejected":0,"read_errors":0,"lease_expired":0,"rx_timeouts":0,"auth_rejected":0,"errors":0}
[HB] up=91s lease_ok=true handshake=true disarmed=false renew_age_ms=501 stat={"ioctl_calls":1180,"target_hits":0,"canary_hits":0,"clears_ok":3,"clears_fail":0,"restores_ok":0,"kernel_changed":3,"edges_sent":0,"write_fail":0,"send_dropped":0,"cmd_rejected":0,"connect_raced":0,"targets_applied":1,"targets_rejected":0,"read_errors":0,"lease_expired":0,"rx_timeouts":0,"auth_rejected":0,"errors":0}
[HB] up=91s lease_ok=true handshake=true disarmed=false renew_age_ms=501 stat={"ioctl_calls":1185,"target_hits":0,"canary_hits":0,"clears_ok":3,"clears_fail":0,"restores_ok":0,"kernel_changed":3,"edges_sent":0,"write_fail":0,"send_dropped":0,"cmd_rejected":0,"connect_raced":0,"targets_applied":1,"targets_rejected":0,"read_errors":0,"lease_expired":0,"rx_timeouts":0,"auth_rejected":0,"errors":0}
[HB] up=92s lease_ok=true handshake=true disarmed=false renew_age_ms=500 stat={"ioctl_calls":1185,"target_hits":0,"canary_hits":0,"clears_ok":3,"clears_fail":0,"restores_ok":0,"kernel_changed":3,"edges_sent":0,"write_fail":0,"send_dropped":0,"cmd_rejected":0,"connect_raced":0,"targets_applied":1,"targets_rejected":0,"read_errors":0,"lease_expired":0,"rx_timeouts":0,"auth_rejected":0,"errors":0}
[HB] up=92s lease_ok=true handshake=true disarmed=false renew_age_ms=501 stat={"ioctl_calls":1208,"target_hits":0,"canary_hits":0,"clears_ok":3,"clears_fail":0,"restores_ok":0,"kernel_changed":3,"edges_sent":0,"write_fail":0,"send_dropped":0,"cmd_rejected":0,"connect_raced":0,"targets_applied":1,"targets_rejected":0,"read_errors":0,"lease_expired":0,"rx_timeouts":0,"auth_rejected":0,"errors":0}
[HB] up=93s lease_ok=true handshake=true disarmed=false renew_age_ms=500 stat={"ioctl_calls":1213,"target_hits":0,"canary_hits":0,"clears_ok":3,"clears_fail":0,"restores_ok":0,"kernel_changed":3,"edges_sent":0,"write_fail":0,"send_dropped":0,"cmd_rejected":0,"connect_raced":0,"targets_applied":1,"targets_rejected":0,"read_errors":0,"lease_expired":0,"rx_timeouts":0,"auth_rejected":0,"errors":0}
[HB] up=93s lease_ok=true handshake=true disarmed=false renew_age_ms=500 stat={"ioctl_calls":1218,"target_hits":0,"canary_hits":0,"clears_ok":3,"clears_fail":0,"restores_ok":0,"kernel_changed":3,"edges_sent":0,"write_fail":0,"send_dropped":0,"cmd_rejected":0,"connect_raced":0,"targets_applied":1,"targets_rejected":0,"read_errors":0,"lease_expired":0,"rx_timeouts":0,"auth_rejected":0,"errors":0}
[HB] up=94s lease_ok=true handshake=true disarmed=false renew_age_ms=501 stat={"ioctl_calls":1224,"target_hits":0,"canary_hits":0,"clears_ok":4,"clears_fail":0,"restores_ok":0,"kernel_changed":4,"edges_sent":0,"write_fail":0,"send_dropped":0,"cmd_rejected":0,"connect_raced":0,"targets_applied":1,"targets_rejected":0,"read_errors":0,"lease_expired":0,"rx_timeouts":0,"auth_rejected":0,"errors":0}
[HB] up=94s lease_ok=true handshake=true disarmed=false renew_age_ms=500 stat={"ioctl_calls":1229,"target_hits":0,"canary_hits":0,"clears_ok":4,"clears_fail":0,"restores_ok":0,"kernel_changed":4,"edges_sent":0,"write_fail":0,"send_dropped":0,"cmd_rejected":0,"connect_raced":0,"targets_applied":1,"targets_rejected":0,"read_errors":0,"lease_expired":0,"rx_timeouts":0,"auth_rejected":0,"errors":0}
[HB] up=95s lease_ok=true handshake=true disarmed=false renew_age_ms=500 stat={"ioctl_calls":1234,"target_hits":0,"canary_hits":0,"clears_ok":4,"clears_fail":0,"restores_ok":0,"kernel_changed":4,"edges_sent":0,"write_fail":0,"send_dropped":0,"cmd_rejected":0,"connect_raced":0,"targets_applied":1,"targets_rejected":0,"read_errors":0,"lease_expired":0,"rx_timeouts":0,"auth_rejected":0,"errors":0}
[RENEW] tick=190 state=ok
[HB] up=95s lease_ok=true handshake=true disarmed=false renew_age_ms=500 stat={"ioctl_calls":1239,"target_hits":0,"canary_hits":0,"clears_ok":4,"clears_fail":0,"restores_ok":0,"kernel_changed":4,"edges_sent":0,"write_fail":0,"send_dropped":0,"cmd_rejected":0,"connect_raced":0,"targets_applied":1,"targets_rejected":0,"read_errors":0,"lease_expired":0,"rx_timeouts":0,"auth_rejected":0,"errors":0}
[HB] up=96s lease_ok=true handshake=true disarmed=false renew_age_ms=501 stat={"ioctl_calls":1239,"target_hits":0,"canary_hits":0,"clears_ok":4,"clears_fail":0,"restores_ok":0,"kernel_changed":4,"edges_sent":0,"write_fail":0,"send_dropped":0,"cmd_rejected":0,"connect_raced":0,"targets_applied":1,"targets_rejected":0,"read_errors":0,"lease_expired":0,"rx_timeouts":0,"auth_rejected":0,"errors":0}
[HB] up=96s lease_ok=true handshake=true disarmed=false renew_age_ms=501 stat={"ioctl_calls":1262,"target_hits":0,"canary_hits":0,"clears_ok":4,"clears_fail":0,"restores_ok":0,"kernel_changed":4,"edges_sent":0,"write_fail":0,"send_dropped":0,"cmd_rejected":0,"connect_raced":0,"targets_applied":1,"targets_rejected":0,"read_errors":0,"lease_expired":0,"rx_timeouts":0,"auth_rejected":0,"errors":0}
[HB] up=97s lease_ok=true handshake=true disarmed=false renew_age_ms=500 stat={"ioctl_calls":1268,"target_hits":0,"canary_hits":0,"clears_ok":4,"clears_fail":0,"restores_ok":0,"kernel_changed":4,"edges_sent":0,"write_fail":0,"send_dropped":0,"cmd_rejected":0,"connect_raced":0,"targets_applied":1,"targets_rejected":0,"read_errors":0,"lease_expired":0,"rx_timeouts":0,"auth_rejected":0,"errors":0}
[HB] up=97s lease_ok=true handshake=true disarmed=false renew_age_ms=501 stat={"ioctl_calls":1273,"target_hits":0,"canary_hits":0,"clears_ok":4,"clears_fail":0,"restores_ok":0,"kernel_changed":4,"edges_sent":0,"write_fail":0,"send_dropped":0,"cmd_rejected":0,"connect_raced":0,"targets_applied":1,"targets_rejected":0,"read_errors":0,"lease_expired":0,"rx_timeouts":0,"auth_rejected":0,"errors":0}
[HB] up=98s lease_ok=true handshake=true disarmed=false renew_age_ms=501 stat={"ioctl_calls":1278,"target_hits":0,"canary_hits":0,"clears_ok":4,"clears_fail":0,"restores_ok":0,"kernel_changed":4,"edges_sent":0,"write_fail":0,"send_dropped":0,"cmd_rejected":0,"connect_raced":0,"targets_applied":1,"targets_rejected":0,"read_errors":0,"lease_expired":0,"rx_timeouts":0,"auth_rejected":0,"errors":0}
[HB] up=98s lease_ok=true handshake=true disarmed=false renew_age_ms=500 stat={"ioctl_calls":1283,"target_hits":0,"canary_hits":0,"clears_ok":4,"clears_fail":0,"restores_ok":0,"kernel_changed":4,"edges_sent":0,"write_fail":0,"send_dropped":0,"cmd_rejected":0,"connect_raced":0,"targets_applied":1,"targets_rejected":0,"read_errors":0,"lease_expired":0,"rx_timeouts":0,"auth_rejected":0,"errors":0}
[HB] up=99s lease_ok=true handshake=true disarmed=false renew_age_ms=501 stat={"ioctl_calls":1288,"target_hits":0,"canary_hits":0,"clears_ok":4,"clears_fail":0,"restores_ok":0,"kernel_changed":4,"edges_sent":0,"write_fail":0,"send_dropped":0,"cmd_rejected":0,"connect_raced":0,"targets_applied":1,"targets_rejected":0,"read_errors":0,"lease_expired":0,"rx_timeouts":0,"auth_rejected":0,"errors":0}
[HB] up=99s lease_ok=true handshake=true disarmed=false renew_age_ms=500 stat={"ioctl_calls":1293,"target_hits":0,"canary_hits":0,"clears_ok":4,"clears_fail":0,"restores_ok":0,"kernel_changed":4,"edges_sent":0,"write_fail":0,"send_dropped":0,"cmd_rejected":0,"connect_raced":0,"targets_applied":1,"targets_rejected":0,"read_errors":0,"lease_expired":0,"rx_timeouts":0,"auth_rejected":0,"errors":0}
[HB] up=100s lease_ok=true handshake=true disarmed=false renew_age_ms=501 stat={"ioctl_calls":1295,"target_hits":0,"canary_hits":0,"clears_ok":4,"clears_fail":0,"restores_ok":0,"kernel_changed":4,"edges_sent":0,"write_fail":0,"send_dropped":0,"cmd_rejected":0,"connect_raced":0,"targets_applied":1,"targets_rejected":0,"read_errors":0,"lease_expired":0,"rx_timeouts":0,"auth_rejected":0,"errors":0}
[RENEW] tick=200 state=ok
[HB] up=100s lease_ok=true handshake=true disarmed=false renew_age_ms=500 stat={"ioctl_calls":1318,"target_hits":0,"canary_hits":0,"clears_ok":4,"clears_fail":0,"restores_ok":0,"kernel_changed":4,"edges_sent":0,"write_fail":0,"send_dropped":0,"cmd_rejected":0,"connect_raced":0,"targets_applied":1,"targets_rejected":0,"read_errors":0,"lease_expired":0,"rx_timeouts":0,"auth_rejected":0,"errors":0}
[HB] up=101s lease_ok=true handshake=true disarmed=false renew_age_ms=500 stat={"ioctl_calls":1323,"target_hits":0,"canary_hits":0,"clears_ok":4,"clears_fail":0,"restores_ok":0,"kernel_changed":4,"edges_sent":0,"write_fail":0,"send_dropped":0,"cmd_rejected":0,"connect_raced":0,"targets_applied":1,"targets_rejected":0,"read_errors":0,"lease_expired":0,"rx_timeouts":0,"auth_rejected":0,"errors":0}
[HB] up=101s lease_ok=true handshake=true disarmed=false renew_age_ms=501 stat={"ioctl_calls":1328,"target_hits":0,"canary_hits":0,"clears_ok":4,"clears_fail":0,"restores_ok":0,"kernel_changed":4,"edges_sent":0,"write_fail":0,"send_dropped":0,"cmd_rejected":0,"connect_raced":0,"targets_applied":1,"targets_rejected":0,"read_errors":0,"lease_expired":0,"rx_timeouts":0,"auth_rejected":0,"errors":0}
[HB] up=102s lease_ok=true handshake=true disarmed=false renew_age_ms=500 stat={"ioctl_calls":1333,"target_hits":0,"canary_hits":0,"clears_ok":4,"clears_fail":0,"restores_ok":0,"kernel_changed":4,"edges_sent":0,"write_fail":0,"send_dropped":0,"cmd_rejected":0,"connect_raced":0,"targets_applied":1,"targets_rejected":0,"read_errors":0,"lease_expired":0,"rx_timeouts":0,"auth_rejected":0,"errors":0}
[HB] up=102s lease_ok=true handshake=true disarmed=false renew_age_ms=501 stat={"ioctl_calls":1333,"target_hits":0,"canary_hits":0,"clears_ok":4,"clears_fail":0,"restores_ok":0,"kernel_changed":4,"edges_sent":0,"write_fail":0,"send_dropped":0,"cmd_rejected":0,"connect_raced":0,"targets_applied":1,"targets_rejected":0,"read_errors":0,"lease_expired":0,"rx_timeouts":0,"auth_rejected":0,"errors":0}
[HB] up=103s lease_ok=true handshake=true disarmed=false renew_age_ms=500 stat={"ioctl_calls":1338,"target_hits":0,"canary_hits":0,"clears_ok":4,"clears_fail":0,"restores_ok":0,"kernel_changed":4,"edges_sent":0,"write_fail":0,"send_dropped":0,"cmd_rejected":0,"connect_raced":0,"targets_applied":1,"targets_rejected":0,"read_errors":0,"lease_expired":0,"rx_timeouts":0,"auth_rejected":0,"errors":0}
[HB] up=103s lease_ok=true handshake=true disarmed=false renew_age_ms=500 stat={"ioctl_calls":1343,"target_hits":0,"canary_hits":0,"clears_ok":4,"clears_fail":0,"restores_ok":0,"kernel_changed":4,"edges_sent":0,"write_fail":0,"send_dropped":0,"cmd_rejected":0,"connect_raced":0,"targets_applied":1,"targets_rejected":0,"read_errors":0,"lease_expired":0,"rx_timeouts":0,"auth_rejected":0,"errors":0}
[HB] up=104s lease_ok=true handshake=true disarmed=false renew_age_ms=501 stat={"ioctl_calls":1348,"target_hits":0,"canary_hits":0,"clears_ok":4,"clears_fail":0,"restores_ok":0,"kernel_changed":4,"edges_sent":0,"write_fail":0,"send_dropped":0,"cmd_rejected":0,"connect_raced":0,"targets_applied":1,"targets_rejected":0,"read_errors":0,"lease_expired":0,"rx_timeouts":0,"auth_rejected":0,"errors":0}
[HB] up=104s lease_ok=true handshake=true disarmed=false renew_age_ms=500 stat={"ioctl_calls":1348,"target_hits":0,"canary_hits":0,"clears_ok":4,"clears_fail":0,"restores_ok":0,"kernel_changed":4,"edges_sent":0,"write_fail":0,"send_dropped":0,"cmd_rejected":0,"connect_raced":0,"targets_applied":1,"targets_rejected":0,"read_errors":0,"lease_expired":0,"rx_timeouts":0,"auth_rejected":0,"errors":0}
[HB] up=105s lease_ok=true handshake=true disarmed=false renew_age_ms=501 stat={"ioctl_calls":1371,"target_hits":0,"canary_hits":0,"clears_ok":4,"clears_fail":0,"restores_ok":0,"kernel_changed":4,"edges_sent":0,"write_fail":0,"send_dropped":0,"cmd_rejected":0,"connect_raced":0,"targets_applied":1,"targets_rejected":0,"read_errors":0,"lease_expired":0,"rx_timeouts":0,"auth_rejected":0,"errors":0}
[RENEW] tick=210 state=ok
[HB] up=105s lease_ok=true handshake=true disarmed=false renew_age_ms=499 stat={"ioctl_calls":1376,"target_hits":0,"canary_hits":0,"clears_ok":4,"clears_fail":0,"restores_ok":0,"kernel_changed":4,"edges_sent":0,"write_fail":0,"send_dropped":0,"cmd_rejected":0,"connect_raced":0,"targets_applied":1,"targets_rejected":0,"read_errors":0,"lease_expired":0,"rx_timeouts":0,"auth_rejected":0,"errors":0}
[HB] up=106s lease_ok=true handshake=true disarmed=false renew_age_ms=500 stat={"ioctl_calls":1381,"target_hits":0,"canary_hits":0,"clears_ok":4,"clears_fail":0,"restores_ok":0,"kernel_changed":4,"edges_sent":0,"write_fail":0,"send_dropped":0,"cmd_rejected":0,"connect_raced":0,"targets_applied":1,"targets_rejected":0,"read_errors":0,"lease_expired":0,"rx_timeouts":0,"auth_rejected":0,"errors":0}
[HB] up=106s lease_ok=true handshake=true disarmed=false renew_age_ms=500 stat={"ioctl_calls":1386,"target_hits":0,"canary_hits":0,"clears_ok":4,"clears_fail":0,"restores_ok":0,"kernel_changed":4,"edges_sent":0,"write_fail":0,"send_dropped":0,"cmd_rejected":0,"connect_raced":0,"targets_applied":1,"targets_rejected":0,"read_errors":0,"lease_expired":0,"rx_timeouts":0,"auth_rejected":0,"errors":0}
[HB] up=107s lease_ok=true handshake=true disarmed=false renew_age_ms=500 stat={"ioctl_calls":1391,"target_hits":0,"canary_hits":0,"clears_ok":4,"clears_fail":0,"restores_ok":0,"kernel_changed":4,"edges_sent":0,"write_fail":0,"send_dropped":0,"cmd_rejected":0,"connect_raced":0,"targets_applied":1,"targets_rejected":0,"read_errors":0,"lease_expired":0,"rx_timeouts":0,"auth_rejected":0,"errors":0}
[HB] up=107s lease_ok=true handshake=true disarmed=false renew_age_ms=500 stat={"ioctl_calls":1396,"target_hits":0,"canary_hits":0,"clears_ok":4,"clears_fail":0,"restores_ok":0,"kernel_changed":4,"edges_sent":0,"write_fail":0,"send_dropped":0,"cmd_rejected":0,"connect_raced":0,"targets_applied":1,"targets_rejected":0,"read_errors":0,"lease_expired":0,"rx_timeouts":0,"auth_rejected":0,"errors":0}
[HB] up=108s lease_ok=true handshake=true disarmed=false renew_age_ms=501 stat={"ioctl_calls":1401,"target_hits":0,"canary_hits":0,"clears_ok":4,"clears_fail":0,"restores_ok":0,"kernel_changed":4,"edges_sent":0,"write_fail":0,"send_dropped":0,"cmd_rejected":0,"connect_raced":0,"targets_applied":1,"targets_rejected":0,"read_errors":0,"lease_expired":0,"rx_timeouts":0,"auth_rejected":0,"errors":0}
[HB] up=108s lease_ok=true handshake=true disarmed=false renew_age_ms=500 stat={"ioctl_calls":1401,"target_hits":0,"canary_hits":0,"clears_ok":4,"clears_fail":0,"restores_ok":0,"kernel_changed":4,"edges_sent":0,"write_fail":0,"send_dropped":0,"cmd_rejected":0,"connect_raced":0,"targets_applied":1,"targets_rejected":0,"read_errors":0,"lease_expired":0,"rx_timeouts":0,"auth_rejected":0,"errors":0}
[HB] up=109s lease_ok=true handshake=true disarmed=false renew_age_ms=500 stat={"ioctl_calls":1424,"target_hits":0,"canary_hits":0,"clears_ok":4,"clears_fail":0,"restores_ok":0,"kernel_changed":4,"edges_sent":0,"write_fail":0,"send_dropped":0,"cmd_rejected":0,"connect_raced":0,"targets_applied":1,"targets_rejected":0,"read_errors":0,"lease_expired":0,"rx_timeouts":0,"auth_rejected":0,"errors":0}
[HB] up=109s lease_ok=true handshake=true disarmed=false renew_age_ms=500 stat={"ioctl_calls":1429,"target_hits":0,"canary_hits":0,"clears_ok":4,"clears_fail":0,"restores_ok":0,"kernel_changed":4,"edges_sent":0,"write_fail":0,"send_dropped":0,"cmd_rejected":0,"connect_raced":0,"targets_applied":1,"targets_rejected":0,"read_errors":0,"lease_expired":0,"rx_timeouts":0,"auth_rejected":0,"errors":0}
[HB] up=110s lease_ok=true handshake=true disarmed=false renew_age_ms=500 stat={"ioctl_calls":1434,"target_hits":0,"canary_hits":0,"clears_ok":4,"clears_fail":0,"restores_ok":0,"kernel_changed":4,"edges_sent":0,"write_fail":0,"send_dropped":0,"cmd_rejected":0,"connect_raced":0,"targets_applied":1,"targets_rejected":0,"read_errors":0,"lease_expired":0,"rx_timeouts":0,"auth_rejected":0,"errors":0}
[RENEW] tick=220 state=ok
[HB] up=110s lease_ok=true handshake=true disarmed=false renew_age_ms=504 stat={"ioctl_calls":1439,"target_hits":0,"canary_hits":0,"clears_ok":4,"clears_fail":0,"restores_ok":0,"kernel_changed":4,"edges_sent":0,"write_fail":0,"send_dropped":0,"cmd_rejected":0,"connect_raced":0,"targets_applied":1,"targets_rejected":0,"read_errors":0,"lease_expired":0,"rx_timeouts":0,"auth_rejected":0,"errors":0}
[HB] up=111s lease_ok=true handshake=true disarmed=false renew_age_ms=501 stat={"ioctl_calls":1444,"target_hits":0,"canary_hits":0,"clears_ok":4,"clears_fail":0,"restores_ok":0,"kernel_changed":4,"edges_sent":0,"write_fail":0,"send_dropped":0,"cmd_rejected":0,"connect_raced":0,"targets_applied":1,"targets_rejected":0,"read_errors":0,"lease_expired":0,"rx_timeouts":0,"auth_rejected":0,"errors":0}
[HB] up=111s lease_ok=true handshake=true disarmed=false renew_age_ms=500 stat={"ioctl_calls":1449,"target_hits":0,"canary_hits":0,"clears_ok":4,"clears_fail":0,"restores_ok":0,"kernel_changed":4,"edges_sent":0,"write_fail":0,"send_dropped":0,"cmd_rejected":0,"connect_raced":0,"targets_applied":1,"targets_rejected":0,"read_errors":0,"lease_expired":0,"rx_timeouts":0,"auth_rejected":0,"errors":0}
[HB] up=112s lease_ok=true handshake=true disarmed=false renew_age_ms=500 stat={"ioctl_calls":1454,"target_hits":0,"canary_hits":0,"clears_ok":4,"clears_fail":0,"restores_ok":0,"kernel_changed":4,"edges_sent":0,"write_fail":0,"send_dropped":0,"cmd_rejected":0,"connect_raced":0,"targets_applied":1,"targets_rejected":0,"read_errors":0,"lease_expired":0,"rx_timeouts":0,"auth_rejected":0,"errors":0}
[HB] up=112s lease_ok=true handshake=true disarmed=false renew_age_ms=500 stat={"ioctl_calls":1454,"target_hits":0,"canary_hits":0,"clears_ok":4,"clears_fail":0,"restores_ok":0,"kernel_changed":4,"edges_sent":0,"write_fail":0,"send_dropped":0,"cmd_rejected":0,"connect_raced":0,"targets_applied":1,"targets_rejected":0,"read_errors":0,"lease_expired":0,"rx_timeouts":0,"auth_rejected":0,"errors":0}
[HB] up=113s lease_ok=true handshake=true disarmed=false renew_age_ms=501 stat={"ioctl_calls":1477,"target_hits":0,"canary_hits":0,"clears_ok":4,"clears_fail":0,"restores_ok":0,"kernel_changed":4,"edges_sent":0,"write_fail":0,"send_dropped":0,"cmd_rejected":0,"connect_raced":0,"targets_applied":1,"targets_rejected":0,"read_errors":0,"lease_expired":0,"rx_timeouts":0,"auth_rejected":0,"errors":0}
[HB] up=113s lease_ok=true handshake=true disarmed=false renew_age_ms=500 stat={"ioctl_calls":1482,"target_hits":0,"canary_hits":0,"clears_ok":4,"clears_fail":0,"restores_ok":0,"kernel_changed":4,"edges_sent":0,"write_fail":0,"send_dropped":0,"cmd_rejected":0,"connect_raced":0,"targets_applied":1,"targets_rejected":0,"read_errors":0,"lease_expired":0,"rx_timeouts":0,"auth_rejected":0,"errors":0}
[HB] up=114s lease_ok=true handshake=true disarmed=false renew_age_ms=499 stat={"ioctl_calls":1487,"target_hits":0,"canary_hits":0,"clears_ok":4,"clears_fail":0,"restores_ok":0,"kernel_changed":4,"edges_sent":0,"write_fail":0,"send_dropped":0,"cmd_rejected":0,"connect_raced":0,"targets_applied":1,"targets_rejected":0,"read_errors":0,"lease_expired":0,"rx_timeouts":0,"auth_rejected":0,"errors":0}
[HB] up=114s lease_ok=true handshake=true disarmed=false renew_age_ms=500 stat={"ioctl_calls":1492,"target_hits":0,"canary_hits":0,"clears_ok":4,"clears_fail":0,"restores_ok":0,"kernel_changed":4,"edges_sent":0,"write_fail":0,"send_dropped":0,"cmd_rejected":0,"connect_raced":0,"targets_applied":1,"targets_rejected":0,"read_errors":0,"lease_expired":0,"rx_timeouts":0,"auth_rejected":0,"errors":0}
[HB] up=115s lease_ok=true handshake=true disarmed=false renew_age_ms=500 stat={"ioctl_calls":1497,"target_hits":0,"canary_hits":0,"clears_ok":4,"clears_fail":0,"restores_ok":0,"kernel_changed":4,"edges_sent":0,"write_fail":0,"send_dropped":0,"cmd_rejected":0,"connect_raced":0,"targets_applied":1,"targets_rejected":0,"read_errors":0,"lease_expired":0,"rx_timeouts":0,"auth_rejected":0,"errors":0}
[RENEW] tick=230 state=ok
[HB] up=115s lease_ok=true handshake=true disarmed=false renew_age_ms=501 stat={"ioctl_calls":1502,"target_hits":0,"canary_hits":0,"clears_ok":4,"clears_fail":0,"restores_ok":0,"kernel_changed":4,"edges_sent":0,"write_fail":0,"send_dropped":0,"cmd_rejected":0,"connect_raced":0,"targets_applied":1,"targets_rejected":0,"read_errors":0,"lease_expired":0,"rx_timeouts":0,"auth_rejected":0,"errors":0}
[HB] up=116s lease_ok=true handshake=true disarmed=false renew_age_ms=501 stat={"ioctl_calls":1507,"target_hits":0,"canary_hits":0,"clears_ok":4,"clears_fail":0,"restores_ok":0,"kernel_changed":4,"edges_sent":0,"write_fail":0,"send_dropped":0,"cmd_rejected":0,"connect_raced":0,"targets_applied":1,"targets_rejected":0,"read_errors":0,"lease_expired":0,"rx_timeouts":0,"auth_rejected":0,"errors":0}
[HB] up=116s lease_ok=true handshake=true disarmed=false renew_age_ms=500 stat={"ioctl_calls":1507,"target_hits":0,"canary_hits":0,"clears_ok":4,"clears_fail":0,"restores_ok":0,"kernel_changed":4,"edges_sent":0,"write_fail":0,"send_dropped":0,"cmd_rejected":0,"connect_raced":0,"targets_applied":1,"targets_rejected":0,"read_errors":0,"lease_expired":0,"rx_timeouts":0,"auth_rejected":0,"errors":0}
[HB] up=117s lease_ok=true handshake=true disarmed=false renew_age_ms=501 stat={"ioctl_calls":1530,"target_hits":0,"canary_hits":0,"clears_ok":4,"clears_fail":0,"restores_ok":0,"kernel_changed":4,"edges_sent":0,"write_fail":0,"send_dropped":0,"cmd_rejected":0,"connect_raced":0,"targets_applied":1,"targets_rejected":0,"read_errors":0,"lease_expired":0,"rx_timeouts":0,"auth_rejected":0,"errors":0}
[HB] up=117s lease_ok=true handshake=true disarmed=false renew_age_ms=500 stat={"ioctl_calls":1535,"target_hits":0,"canary_hits":0,"clears_ok":4,"clears_fail":0,"restores_ok":0,"kernel_changed":4,"edges_sent":0,"write_fail":0,"send_dropped":0,"cmd_rejected":0,"connect_raced":0,"targets_applied":1,"targets_rejected":0,"read_errors":0,"lease_expired":0,"rx_timeouts":0,"auth_rejected":0,"errors":0}
[HB] up=118s lease_ok=true handshake=true disarmed=false renew_age_ms=501 stat={"ioctl_calls":1540,"target_hits":0,"canary_hits":0,"clears_ok":4,"clears_fail":0,"restores_ok":0,"kernel_changed":4,"edges_sent":0,"write_fail":0,"send_dropped":0,"cmd_rejected":0,"connect_raced":0,"targets_applied":1,"targets_rejected":0,"read_errors":0,"lease_expired":0,"rx_timeouts":0,"auth_rejected":0,"errors":0}
[HB] up=118s lease_ok=true handshake=true disarmed=false renew_age_ms=500 stat={"ioctl_calls":1545,"target_hits":0,"canary_hits":0,"clears_ok":4,"clears_fail":0,"restores_ok":0,"kernel_changed":4,"edges_sent":0,"write_fail":0,"send_dropped":0,"cmd_rejected":0,"connect_raced":0,"targets_applied":1,"targets_rejected":0,"read_errors":0,"lease_expired":0,"rx_timeouts":0,"auth_rejected":0,"errors":0}
[HB] up=119s lease_ok=true handshake=true disarmed=false renew_age_ms=500 stat={"ioctl_calls":1550,"target_hits":0,"canary_hits":0,"clears_ok":4,"clears_fail":0,"restores_ok":0,"kernel_changed":4,"edges_sent":0,"write_fail":0,"send_dropped":0,"cmd_rejected":0,"connect_raced":0,"targets_applied":1,"targets_rejected":0,"read_errors":0,"lease_expired":0,"rx_timeouts":0,"auth_rejected":0,"errors":0}
[HB] up=119s lease_ok=true handshake=true disarmed=false renew_age_ms=501 stat={"ioctl_calls":1555,"target_hits":0,"canary_hits":0,"clears_ok":4,"clears_fail":0,"restores_ok":0,"kernel_changed":4,"edges_sent":0,"write_fail":0,"send_dropped":0,"cmd_rejected":0,"connect_raced":0,"targets_applied":1,"targets_rejected":0,"read_errors":0,"lease_expired":0,"rx_timeouts":0,"auth_rejected":0,"errors":0}
[HB] up=120s lease_ok=true handshake=true disarmed=false renew_age_ms=500 stat={"ioctl_calls":1560,"target_hits":0,"canary_hits":0,"clears_ok":4,"clears_fail":0,"restores_ok":0,"kernel_changed":4,"edges_sent":0,"write_fail":0,"send_dropped":0,"cmd_rejected":0,"connect_raced":0,"targets_applied":1,"targets_rejected":0,"read_errors":0,"lease_expired":0,"rx_timeouts":0,"auth_rejected":0,"errors":0}
[RENEW] tick=240 state=ok
[HB] up=120s lease_ok=true handshake=true disarmed=false renew_age_ms=500 stat={"ioctl_calls":1560,"target_hits":0,"canary_hits":0,"clears_ok":4,"clears_fail":0,"restores_ok":0,"kernel_changed":4,"edges_sent":0,"write_fail":0,"send_dropped":0,"cmd_rejected":0,"connect_raced":0,"targets_applied":1,"targets_rejected":0,"read_errors":0,"lease_expired":0,"rx_timeouts":0,"auth_rejected":0,"errors":0}
[HB] up=121s lease_ok=true handshake=true disarmed=false renew_age_ms=501 stat={"ioctl_calls":1583,"target_hits":0,"canary_hits":0,"clears_ok":4,"clears_fail":0,"restores_ok":0,"kernel_changed":4,"edges_sent":0,"write_fail":0,"send_dropped":0,"cmd_rejected":0,"connect_raced":0,"targets_applied":1,"targets_rejected":0,"read_errors":0,"lease_expired":0,"rx_timeouts":0,"auth_rejected":0,"errors":0}
[HB] up=121s lease_ok=true handshake=true disarmed=false renew_age_ms=500 stat={"ioctl_calls":1588,"target_hits":0,"canary_hits":0,"clears_ok":4,"clears_fail":0,"restores_ok":0,"kernel_changed":4,"edges_sent":0,"write_fail":0,"send_dropped":0,"cmd_rejected":0,"connect_raced":0,"targets_applied":1,"targets_rejected":0,"read_errors":0,"lease_expired":0,"rx_timeouts":0,"auth_rejected":0,"errors":0}
[HB] up=122s lease_ok=true handshake=true disarmed=false renew_age_ms=500 stat={"ioctl_calls":1593,"target_hits":0,"canary_hits":0,"clears_ok":4,"clears_fail":0,"restores_ok":0,"kernel_changed":4,"edges_sent":0,"write_fail":0,"send_dropped":0,"cmd_rejected":0,"connect_raced":0,"targets_applied":1,"targets_rejected":0,"read_errors":0,"lease_expired":0,"rx_timeouts":0,"auth_rejected":0,"errors":0}
[HB] up=122s lease_ok=true handshake=true disarmed=false renew_age_ms=500 stat={"ioctl_calls":1598,"target_hits":0,"canary_hits":0,"clears_ok":4,"clears_fail":0,"restores_ok":0,"kernel_changed":4,"edges_sent":0,"write_fail":0,"send_dropped":0,"cmd_rejected":0,"connect_raced":0,"targets_applied":1,"targets_rejected":0,"read_errors":0,"lease_expired":0,"rx_timeouts":0,"auth_rejected":0,"errors":0}
[HB] up=123s lease_ok=true handshake=true disarmed=false renew_age_ms=501 stat={"ioctl_calls":1603,"target_hits":0,"canary_hits":0,"clears_ok":4,"clears_fail":0,"restores_ok":0,"kernel_changed":4,"edges_sent":0,"write_fail":0,"send_dropped":0,"cmd_rejected":0,"connect_raced":0,"targets_applied":1,"targets_rejected":0,"read_errors":0,"lease_expired":0,"rx_timeouts":0,"auth_rejected":0,"errors":0}
[HB] up=123s lease_ok=true handshake=true disarmed=false renew_age_ms=502 stat={"ioctl_calls":1608,"target_hits":0,"canary_hits":0,"clears_ok":4,"clears_fail":0,"restores_ok":0,"kernel_changed":4,"edges_sent":0,"write_fail":0,"send_dropped":0,"cmd_rejected":0,"connect_raced":0,"targets_applied":1,"targets_rejected":0,"read_errors":0,"lease_expired":0,"rx_timeouts":0,"auth_rejected":0,"errors":0}
[HB] up=124s lease_ok=true handshake=true disarmed=false renew_age_ms=500 stat={"ioctl_calls":1613,"target_hits":0,"canary_hits":0,"clears_ok":4,"clears_fail":0,"restores_ok":0,"kernel_changed":4,"edges_sent":0,"write_fail":0,"send_dropped":0,"cmd_rejected":0,"connect_raced":0,"targets_applied":1,"targets_rejected":0,"read_errors":0,"lease_expired":0,"rx_timeouts":0,"auth_rejected":0,"errors":0}
[HB] up=124s lease_ok=true handshake=true disarmed=false renew_age_ms=501 stat={"ioctl_calls":1613,"target_hits":0,"canary_hits":0,"clears_ok":4,"clears_fail":0,"restores_ok":0,"kernel_changed":4,"edges_sent":0,"write_fail":0,"send_dropped":0,"cmd_rejected":0,"connect_raced":0,"targets_applied":1,"targets_rejected":0,"read_errors":0,"lease_expired":0,"rx_timeouts":0,"auth_rejected":0,"errors":0}
[HB] up=125s lease_ok=true handshake=true disarmed=false renew_age_ms=500 stat={"ioctl_calls":1636,"target_hits":0,"canary_hits":0,"clears_ok":4,"clears_fail":0,"restores_ok":0,"kernel_changed":4,"edges_sent":0,"write_fail":0,"send_dropped":0,"cmd_rejected":0,"connect_raced":0,"targets_applied":1,"targets_rejected":0,"read_errors":0,"lease_expired":0,"rx_timeouts":0,"auth_rejected":0,"errors":0}
[RENEW] tick=250 state=ok
[HB] up=125s lease_ok=true handshake=true disarmed=false renew_age_ms=501 stat={"ioctl_calls":1641,"target_hits":0,"canary_hits":0,"clears_ok":4,"clears_fail":0,"restores_ok":0,"kernel_changed":4,"edges_sent":0,"write_fail":0,"send_dropped":0,"cmd_rejected":0,"connect_raced":0,"targets_applied":1,"targets_rejected":0,"read_errors":0,"lease_expired":0,"rx_timeouts":0,"auth_rejected":0,"errors":0}
[HB] up=126s lease_ok=true handshake=true disarmed=false renew_age_ms=501 stat={"ioctl_calls":1646,"target_hits":0,"canary_hits":0,"clears_ok":4,"clears_fail":0,"restores_ok":0,"kernel_changed":4,"edges_sent":0,"write_fail":0,"send_dropped":0,"cmd_rejected":0,"connect_raced":0,"targets_applied":1,"targets_rejected":0,"read_errors":0,"lease_expired":0,"rx_timeouts":0,"auth_rejected":0,"errors":0}
[HB] up=126s lease_ok=true handshake=true disarmed=false renew_age_ms=500 stat={"ioctl_calls":1651,"target_hits":0,"canary_hits":0,"clears_ok":4,"clears_fail":0,"restores_ok":0,"kernel_changed":4,"edges_sent":0,"write_fail":0,"send_dropped":0,"cmd_rejected":0,"connect_raced":0,"targets_applied":1,"targets_rejected":0,"read_errors":0,"lease_expired":0,"rx_timeouts":0,"auth_rejected":0,"errors":0}
[HB] up=127s lease_ok=true handshake=true disarmed=false renew_age_ms=501 stat={"ioctl_calls":1651,"target_hits":0,"canary_hits":0,"clears_ok":4,"clears_fail":0,"restores_ok":0,"kernel_changed":4,"edges_sent":0,"write_fail":0,"send_dropped":0,"cmd_rejected":0,"connect_raced":0,"targets_applied":1,"targets_rejected":0,"read_errors":0,"lease_expired":0,"rx_timeouts":0,"auth_rejected":0,"errors":0}
[HB] up=127s lease_ok=true handshake=true disarmed=false renew_age_ms=500 stat={"ioctl_calls":1656,"target_hits":0,"canary_hits":0,"clears_ok":4,"clears_fail":0,"restores_ok":0,"kernel_changed":4,"edges_sent":0,"write_fail":0,"send_dropped":0,"cmd_rejected":0,"connect_raced":0,"targets_applied":1,"targets_rejected":0,"read_errors":0,"lease_expired":0,"rx_timeouts":0,"auth_rejected":0,"errors":0}
[HB] up=128s lease_ok=true handshake=true disarmed=false renew_age_ms=501 stat={"ioctl_calls":1661,"target_hits":0,"canary_hits":0,"clears_ok":4,"clears_fail":0,"restores_ok":0,"kernel_changed":4,"edges_sent":0,"write_fail":0,"send_dropped":0,"cmd_rejected":0,"connect_raced":0,"targets_applied":1,"targets_rejected":0,"read_errors":0,"lease_expired":0,"rx_timeouts":0,"auth_rejected":0,"errors":0}
[HB] up=128s lease_ok=true handshake=true disarmed=false renew_age_ms=500 stat={"ioctl_calls":1666,"target_hits":0,"canary_hits":0,"clears_ok":4,"clears_fail":0,"restores_ok":0,"kernel_changed":4,"edges_sent":0,"write_fail":0,"send_dropped":0,"cmd_rejected":0,"connect_raced":0,"targets_applied":1,"targets_rejected":0,"read_errors":0,"lease_expired":0,"rx_timeouts":0,"auth_rejected":0,"errors":0}
[HB] up=129s lease_ok=true handshake=true disarmed=false renew_age_ms=499 stat={"ioctl_calls":1666,"target_hits":0,"canary_hits":0,"clears_ok":4,"clears_fail":0,"restores_ok":0,"kernel_changed":4,"edges_sent":0,"write_fail":0,"send_dropped":0,"cmd_rejected":0,"connect_raced":0,"targets_applied":1,"targets_rejected":0,"read_errors":0,"lease_expired":0,"rx_timeouts":0,"auth_rejected":0,"errors":0}
[HB] up=129s lease_ok=true handshake=true disarmed=false renew_age_ms=501 stat={"ioctl_calls":1689,"target_hits":0,"canary_hits":0,"clears_ok":4,"clears_fail":0,"restores_ok":0,"kernel_changed":4,"edges_sent":0,"write_fail":0,"send_dropped":0,"cmd_rejected":0,"connect_raced":0,"targets_applied":1,"targets_rejected":0,"read_errors":0,"lease_expired":0,"rx_timeouts":0,"auth_rejected":0,"errors":0}
[HB] up=130s lease_ok=true handshake=true disarmed=false renew_age_ms=500 stat={"ioctl_calls":1694,"target_hits":0,"canary_hits":0,"clears_ok":4,"clears_fail":0,"restores_ok":0,"kernel_changed":4,"edges_sent":0,"write_fail":0,"send_dropped":0,"cmd_rejected":0,"connect_raced":0,"targets_applied":1,"targets_rejected":0,"read_errors":0,"lease_expired":0,"rx_timeouts":0,"auth_rejected":0,"errors":0}
[RENEW] tick=260 state=ok
[HB] up=130s lease_ok=true handshake=true disarmed=false renew_age_ms=499 stat={"ioctl_calls":1699,"target_hits":0,"canary_hits":0,"clears_ok":4,"clears_fail":0,"restores_ok":0,"kernel_changed":4,"edges_sent":0,"write_fail":0,"send_dropped":0,"cmd_rejected":0,"connect_raced":0,"targets_applied":1,"targets_rejected":0,"read_errors":0,"lease_expired":0,"rx_timeouts":0,"auth_rejected":0,"errors":0}
[HB] up=131s lease_ok=true handshake=true disarmed=false renew_age_ms=502 stat={"ioctl_calls":1704,"target_hits":0,"canary_hits":0,"clears_ok":4,"clears_fail":0,"restores_ok":0,"kernel_changed":4,"edges_sent":0,"write_fail":0,"send_dropped":0,"cmd_rejected":0,"connect_raced":0,"targets_applied":1,"targets_rejected":0,"read_errors":0,"lease_expired":0,"rx_timeouts":0,"auth_rejected":0,"errors":0}
[HB] up=131s lease_ok=true handshake=true disarmed=false renew_age_ms=500 stat={"ioctl_calls":1709,"target_hits":0,"canary_hits":0,"clears_ok":4,"clears_fail":0,"restores_ok":0,"kernel_changed":4,"edges_sent":0,"write_fail":0,"send_dropped":0,"cmd_rejected":0,"connect_raced":0,"targets_applied":1,"targets_rejected":0,"read_errors":0,"lease_expired":0,"rx_timeouts":0,"auth_rejected":0,"errors":0}
[HB] up=132s lease_ok=true handshake=true disarmed=false renew_age_ms=500 stat={"ioctl_calls":1714,"target_hits":0,"canary_hits":0,"clears_ok":4,"clears_fail":0,"restores_ok":0,"kernel_changed":4,"edges_sent":0,"write_fail":0,"send_dropped":0,"cmd_rejected":0,"connect_raced":0,"targets_applied":1,"targets_rejected":0,"read_errors":0,"lease_expired":0,"rx_timeouts":0,"auth_rejected":0,"errors":0}
[HB] up=132s lease_ok=true handshake=true disarmed=false renew_age_ms=500 stat={"ioctl_calls":1719,"target_hits":0,"canary_hits":0,"clears_ok":4,"clears_fail":0,"restores_ok":0,"kernel_changed":4,"edges_sent":0,"write_fail":0,"send_dropped":0,"cmd_rejected":0,"connect_raced":0,"targets_applied":1,"targets_rejected":0,"read_errors":0,"lease_expired":0,"rx_timeouts":0,"auth_rejected":0,"errors":0}
[HB] up=133s lease_ok=true handshake=true disarmed=false renew_age_ms=501 stat={"ioctl_calls":1719,"target_hits":0,"canary_hits":0,"clears_ok":4,"clears_fail":0,"restores_ok":0,"kernel_changed":4,"edges_sent":0,"write_fail":0,"send_dropped":0,"cmd_rejected":0,"connect_raced":0,"targets_applied":1,"targets_rejected":0,"read_errors":0,"lease_expired":0,"rx_timeouts":0,"auth_rejected":0,"errors":0}
[HB] up=133s lease_ok=true handshake=true disarmed=false renew_age_ms=500 stat={"ioctl_calls":1742,"target_hits":0,"canary_hits":0,"clears_ok":4,"clears_fail":0,"restores_ok":0,"kernel_changed":4,"edges_sent":0,"write_fail":0,"send_dropped":0,"cmd_rejected":0,"connect_raced":0,"targets_applied":1,"targets_rejected":0,"read_errors":0,"lease_expired":0,"rx_timeouts":0,"auth_rejected":0,"errors":0}
[HB] up=134s lease_ok=true handshake=true disarmed=false renew_age_ms=501 stat={"ioctl_calls":1747,"target_hits":0,"canary_hits":0,"clears_ok":4,"clears_fail":0,"restores_ok":0,"kernel_changed":4,"edges_sent":0,"write_fail":0,"send_dropped":0,"cmd_rejected":0,"connect_raced":0,"targets_applied":1,"targets_rejected":0,"read_errors":0,"lease_expired":0,"rx_timeouts":0,"auth_rejected":0,"errors":0}
[HB] up=134s lease_ok=true handshake=true disarmed=false renew_age_ms=500 stat={"ioctl_calls":1752,"target_hits":0,"canary_hits":0,"clears_ok":4,"clears_fail":0,"restores_ok":0,"kernel_changed":4,"edges_sent":0,"write_fail":0,"send_dropped":0,"cmd_rejected":0,"connect_raced":0,"targets_applied":1,"targets_rejected":0,"read_errors":0,"lease_expired":0,"rx_timeouts":0,"auth_rejected":0,"errors":0}
[HB] up=135s lease_ok=true handshake=true disarmed=false renew_age_ms=500 stat={"ioctl_calls":1757,"target_hits":0,"canary_hits":0,"clears_ok":4,"clears_fail":0,"restores_ok":0,"kernel_changed":4,"edges_sent":0,"write_fail":0,"send_dropped":0,"cmd_rejected":0,"connect_raced":0,"targets_applied":1,"targets_rejected":0,"read_errors":0,"lease_expired":0,"rx_timeouts":0,"auth_rejected":0,"errors":0}
[RENEW] tick=270 state=ok
[HB] up=135s lease_ok=true handshake=true disarmed=false renew_age_ms=501 stat={"ioctl_calls":1762,"target_hits":0,"canary_hits":0,"clears_ok":4,"clears_fail":0,"restores_ok":0,"kernel_changed":4,"edges_sent":0,"write_fail":0,"send_dropped":0,"cmd_rejected":0,"connect_raced":0,"targets_applied":1,"targets_rejected":0,"read_errors":0,"lease_expired":0,"rx_timeouts":0,"auth_rejected":0,"errors":0}
[HB] up=136s lease_ok=true handshake=true disarmed=false renew_age_ms=501 stat={"ioctl_calls":1767,"target_hits":0,"canary_hits":0,"clears_ok":4,"clears_fail":0,"restores_ok":0,"kernel_changed":4,"edges_sent":0,"write_fail":0,"send_dropped":0,"cmd_rejected":0,"connect_raced":0,"targets_applied":1,"targets_rejected":0,"read_errors":0,"lease_expired":0,"rx_timeouts":0,"auth_rejected":0,"errors":0}
[HB] up=136s lease_ok=true handshake=true disarmed=false renew_age_ms=500 stat={"ioctl_calls":1772,"target_hits":0,"canary_hits":0,"clears_ok":4,"clears_fail":0,"restores_ok":0,"kernel_changed":4,"edges_sent":0,"write_fail":0,"send_dropped":0,"cmd_rejected":0,"connect_raced":0,"targets_applied":1,"targets_rejected":0,"read_errors":0,"lease_expired":0,"rx_timeouts":0,"auth_rejected":0,"errors":0}
[HB] up=137s lease_ok=true handshake=true disarmed=false renew_age_ms=501 stat={"ioctl_calls":1772,"target_hits":0,"canary_hits":0,"clears_ok":4,"clears_fail":0,"restores_ok":0,"kernel_changed":4,"edges_sent":0,"write_fail":0,"send_dropped":0,"cmd_rejected":0,"connect_raced":0,"targets_applied":1,"targets_rejected":0,"read_errors":0,"lease_expired":0,"rx_timeouts":0,"auth_rejected":0,"errors":0}
[HB] up=137s lease_ok=true handshake=true disarmed=false renew_age_ms=500 stat={"ioctl_calls":1795,"target_hits":0,"canary_hits":0,"clears_ok":4,"clears_fail":0,"restores_ok":0,"kernel_changed":4,"edges_sent":0,"write_fail":0,"send_dropped":0,"cmd_rejected":0,"connect_raced":0,"targets_applied":1,"targets_rejected":0,"read_errors":0,"lease_expired":0,"rx_timeouts":0,"auth_rejected":0,"errors":0}
[HB] up=138s lease_ok=true handshake=true disarmed=false renew_age_ms=500 stat={"ioctl_calls":1800,"target_hits":0,"canary_hits":0,"clears_ok":4,"clears_fail":0,"restores_ok":0,"kernel_changed":4,"edges_sent":0,"write_fail":0,"send_dropped":0,"cmd_rejected":0,"connect_raced":0,"targets_applied":1,"targets_rejected":0,"read_errors":0,"lease_expired":0,"rx_timeouts":0,"auth_rejected":0,"errors":0}
[HB] up=138s lease_ok=true handshake=true disarmed=false renew_age_ms=501 stat={"ioctl_calls":1805,"target_hits":0,"canary_hits":0,"clears_ok":4,"clears_fail":0,"restores_ok":0,"kernel_changed":4,"edges_sent":0,"write_fail":0,"send_dropped":0,"cmd_rejected":0,"connect_raced":0,"targets_applied":1,"targets_rejected":0,"read_errors":0,"lease_expired":0,"rx_timeouts":0,"auth_rejected":0,"errors":0}
[HB] up=139s lease_ok=true handshake=true disarmed=false renew_age_ms=500 stat={"ioctl_calls":1810,"target_hits":0,"canary_hits":0,"clears_ok":4,"clears_fail":0,"restores_ok":0,"kernel_changed":4,"edges_sent":0,"write_fail":0,"send_dropped":0,"cmd_rejected":0,"connect_raced":0,"targets_applied":1,"targets_rejected":0,"read_errors":0,"lease_expired":0,"rx_timeouts":0,"auth_rejected":0,"errors":0}
[HB] up=139s lease_ok=true handshake=true disarmed=false renew_age_ms=500 stat={"ioctl_calls":1815,"target_hits":0,"canary_hits":0,"clears_ok":4,"clears_fail":0,"restores_ok":0,"kernel_changed":4,"edges_sent":0,"write_fail":0,"send_dropped":0,"cmd_rejected":0,"connect_raced":0,"targets_applied":1,"targets_rejected":0,"read_errors":0,"lease_expired":0,"rx_timeouts":0,"auth_rejected":0,"errors":0}
[HB] up=140s lease_ok=true handshake=true disarmed=false renew_age_ms=499 stat={"ioctl_calls":1820,"target_hits":0,"canary_hits":0,"clears_ok":4,"clears_fail":0,"restores_ok":0,"kernel_changed":4,"edges_sent":0,"write_fail":0,"send_dropped":0,"cmd_rejected":0,"connect_raced":0,"targets_applied":1,"targets_rejected":0,"read_errors":0,"lease_expired":0,"rx_timeouts":0,"auth_rejected":0,"errors":0}
[RENEW] tick=280 state=ok
[HB] up=140s lease_ok=true handshake=true disarmed=false renew_age_ms=501 stat={"ioctl_calls":1825,"target_hits":0,"canary_hits":0,"clears_ok":4,"clears_fail":0,"restores_ok":0,"kernel_changed":4,"edges_sent":0,"write_fail":0,"send_dropped":0,"cmd_rejected":0,"connect_raced":0,"targets_applied":1,"targets_rejected":0,"read_errors":0,"lease_expired":0,"rx_timeouts":0,"auth_rejected":0,"errors":0}
[HB] up=141s lease_ok=true handshake=true disarmed=false renew_age_ms=501 stat={"ioctl_calls":1825,"target_hits":0,"canary_hits":0,"clears_ok":4,"clears_fail":0,"restores_ok":0,"kernel_changed":4,"edges_sent":0,"write_fail":0,"send_dropped":0,"cmd_rejected":0,"connect_raced":0,"targets_applied":1,"targets_rejected":0,"read_errors":0,"lease_expired":0,"rx_timeouts":0,"auth_rejected":0,"errors":0}
[HB] up=141s lease_ok=true handshake=true disarmed=false renew_age_ms=500 stat={"ioctl_calls":1848,"target_hits":0,"canary_hits":0,"clears_ok":4,"clears_fail":0,"restores_ok":0,"kernel_changed":4,"edges_sent":0,"write_fail":0,"send_dropped":0,"cmd_rejected":0,"connect_raced":0,"targets_applied":1,"targets_rejected":0,"read_errors":0,"lease_expired":0,"rx_timeouts":0,"auth_rejected":0,"errors":0}
[HB] up=142s lease_ok=true handshake=true disarmed=false renew_age_ms=500 stat={"ioctl_calls":1853,"target_hits":0,"canary_hits":0,"clears_ok":4,"clears_fail":0,"restores_ok":0,"kernel_changed":4,"edges_sent":0,"write_fail":0,"send_dropped":0,"cmd_rejected":0,"connect_raced":0,"targets_applied":1,"targets_rejected":0,"read_errors":0,"lease_expired":0,"rx_timeouts":0,"auth_rejected":0,"errors":0}
[HB] up=142s lease_ok=true handshake=true disarmed=false renew_age_ms=501 stat={"ioctl_calls":1858,"target_hits":0,"canary_hits":0,"clears_ok":4,"clears_fail":0,"restores_ok":0,"kernel_changed":4,"edges_sent":0,"write_fail":0,"send_dropped":0,"cmd_rejected":0,"connect_raced":0,"targets_applied":1,"targets_rejected":0,"read_errors":0,"lease_expired":0,"rx_timeouts":0,"auth_rejected":0,"errors":0}
[HB] up=143s lease_ok=true handshake=true disarmed=false renew_age_ms=500 stat={"ioctl_calls":1863,"target_hits":0,"canary_hits":0,"clears_ok":4,"clears_fail":0,"restores_ok":0,"kernel_changed":4,"edges_sent":0,"write_fail":0,"send_dropped":0,"cmd_rejected":0,"connect_raced":0,"targets_applied":1,"targets_rejected":0,"read_errors":0,"lease_expired":0,"rx_timeouts":0,"auth_rejected":0,"errors":0}
[HB] up=143s lease_ok=true handshake=true disarmed=false renew_age_ms=500 stat={"ioctl_calls":1868,"target_hits":0,"canary_hits":0,"clears_ok":4,"clears_fail":0,"restores_ok":0,"kernel_changed":4,"edges_sent":0,"write_fail":0,"send_dropped":0,"cmd_rejected":0,"connect_raced":0,"targets_applied":1,"targets_rejected":0,"read_errors":0,"lease_expired":0,"rx_timeouts":0,"auth_rejected":0,"errors":0}
[HB] up=144s lease_ok=true handshake=true disarmed=false renew_age_ms=501 stat={"ioctl_calls":1873,"target_hits":0,"canary_hits":0,"clears_ok":4,"clears_fail":0,"restores_ok":0,"kernel_changed":4,"edges_sent":0,"write_fail":0,"send_dropped":0,"cmd_rejected":0,"connect_raced":0,"targets_applied":1,"targets_rejected":0,"read_errors":0,"lease_expired":0,"rx_timeouts":0,"auth_rejected":0,"errors":0}
[HB] up=144s lease_ok=true handshake=true disarmed=false renew_age_ms=500 stat={"ioctl_calls":1878,"target_hits":0,"canary_hits":0,"clears_ok":4,"clears_fail":0,"restores_ok":0,"kernel_changed":4,"edges_sent":0,"write_fail":0,"send_dropped":0,"cmd_rejected":0,"connect_raced":0,"targets_applied":1,"targets_rejected":0,"read_errors":0,"lease_expired":0,"rx_timeouts":0,"auth_rejected":0,"errors":0}
[HB] up=145s lease_ok=true handshake=true disarmed=false renew_age_ms=501 stat={"ioctl_calls":1878,"target_hits":0,"canary_hits":0,"clears_ok":4,"clears_fail":0,"restores_ok":0,"kernel_changed":4,"edges_sent":0,"write_fail":0,"send_dropped":0,"cmd_rejected":0,"connect_raced":0,"targets_applied":1,"targets_rejected":0,"read_errors":0,"lease_expired":0,"rx_timeouts":0,"auth_rejected":0,"errors":0}
[RENEW] tick=290 state=ok
[HB] up=145s lease_ok=true handshake=true disarmed=false renew_age_ms=500 stat={"ioctl_calls":1901,"target_hits":0,"canary_hits":0,"clears_ok":4,"clears_fail":0,"restores_ok":0,"kernel_changed":4,"edges_sent":0,"write_fail":0,"send_dropped":0,"cmd_rejected":0,"connect_raced":0,"targets_applied":1,"targets_rejected":0,"read_errors":0,"lease_expired":0,"rx_timeouts":0,"auth_rejected":0,"errors":0}
[HB] up=146s lease_ok=true handshake=true disarmed=false renew_age_ms=501 stat={"ioctl_calls":1906,"target_hits":0,"canary_hits":0,"clears_ok":4,"clears_fail":0,"restores_ok":0,"kernel_changed":4,"edges_sent":0,"write_fail":0,"send_dropped":0,"cmd_rejected":0,"connect_raced":0,"targets_applied":1,"targets_rejected":0,"read_errors":0,"lease_expired":0,"rx_timeouts":0,"auth_rejected":0,"errors":0}
[HB] up=146s lease_ok=true handshake=true disarmed=false renew_age_ms=500 stat={"ioctl_calls":1911,"target_hits":0,"canary_hits":0,"clears_ok":4,"clears_fail":0,"restores_ok":0,"kernel_changed":4,"edges_sent":0,"write_fail":0,"send_dropped":0,"cmd_rejected":0,"connect_raced":0,"targets_applied":1,"targets_rejected":0,"read_errors":0,"lease_expired":0,"rx_timeouts":0,"auth_rejected":0,"errors":0}
[HB] up=147s lease_ok=true handshake=true disarmed=false renew_age_ms=500 stat={"ioctl_calls":1916,"target_hits":0,"canary_hits":0,"clears_ok":4,"clears_fail":0,"restores_ok":0,"kernel_changed":4,"edges_sent":0,"write_fail":0,"send_dropped":0,"cmd_rejected":0,"connect_raced":0,"targets_applied":1,"targets_rejected":0,"read_errors":0,"lease_expired":0,"rx_timeouts":0,"auth_rejected":0,"errors":0}
[HB] up=147s lease_ok=true handshake=true disarmed=false renew_age_ms=500 stat={"ioctl_calls":1921,"target_hits":0,"canary_hits":0,"clears_ok":4,"clears_fail":0,"restores_ok":0,"kernel_changed":4,"edges_sent":0,"write_fail":0,"send_dropped":0,"cmd_rejected":0,"connect_raced":0,"targets_applied":1,"targets_rejected":0,"read_errors":0,"lease_expired":0,"rx_timeouts":0,"auth_rejected":0,"errors":0}
[HB] up=148s lease_ok=true handshake=true disarmed=false renew_age_ms=501 stat={"ioctl_calls":1926,"target_hits":0,"canary_hits":0,"clears_ok":4,"clears_fail":0,"restores_ok":0,"kernel_changed":4,"edges_sent":0,"write_fail":0,"send_dropped":0,"cmd_rejected":0,"connect_raced":0,"targets_applied":1,"targets_rejected":0,"read_errors":0,"lease_expired":0,"rx_timeouts":0,"auth_rejected":0,"errors":0}
[HB] up=148s lease_ok=true handshake=true disarmed=false renew_age_ms=500 stat={"ioctl_calls":1931,"target_hits":0,"canary_hits":0,"clears_ok":4,"clears_fail":0,"restores_ok":0,"kernel_changed":4,"edges_sent":0,"write_fail":0,"send_dropped":0,"cmd_rejected":0,"connect_raced":0,"targets_applied":1,"targets_rejected":0,"read_errors":0,"lease_expired":0,"rx_timeouts":0,"auth_rejected":0,"errors":0}
[HB] up=149s lease_ok=true handshake=true disarmed=false renew_age_ms=501 stat={"ioctl_calls":1931,"target_hits":0,"canary_hits":0,"clears_ok":4,"clears_fail":0,"restores_ok":0,"kernel_changed":4,"edges_sent":0,"write_fail":0,"send_dropped":0,"cmd_rejected":0,"connect_raced":0,"targets_applied":1,"targets_rejected":0,"read_errors":0,"lease_expired":0,"rx_timeouts":0,"auth_rejected":0,"errors":0}
[HB] up=149s lease_ok=true handshake=true disarmed=false renew_age_ms=500 stat={"ioctl_calls":1954,"target_hits":0,"canary_hits":0,"clears_ok":4,"clears_fail":0,"restores_ok":0,"kernel_changed":4,"edges_sent":0,"write_fail":0,"send_dropped":0,"cmd_rejected":0,"connect_raced":0,"targets_applied":1,"targets_rejected":0,"read_errors":0,"lease_expired":0,"rx_timeouts":0,"auth_rejected":0,"errors":0}
[HB] up=150s lease_ok=true handshake=true disarmed=false renew_age_ms=500 stat={"ioctl_calls":1959,"target_hits":0,"canary_hits":0,"clears_ok":4,"clears_fail":0,"restores_ok":0,"kernel_changed":4,"edges_sent":0,"write_fail":0,"send_dropped":0,"cmd_rejected":0,"connect_raced":0,"targets_applied":1,"targets_rejected":0,"read_errors":0,"lease_expired":0,"rx_timeouts":0,"auth_rejected":0,"errors":0}
[RENEW] tick=300 state=ok
[HB] up=150s lease_ok=true handshake=true disarmed=false renew_age_ms=501 stat={"ioctl_calls":1964,"target_hits":0,"canary_hits":0,"clears_ok":4,"clears_fail":0,"restores_ok":0,"kernel_changed":4,"edges_sent":0,"write_fail":0,"send_dropped":0,"cmd_rejected":0,"connect_raced":0,"targets_applied":1,"targets_rejected":0,"read_errors":0,"lease_expired":0,"rx_timeouts":0,"auth_rejected":0,"errors":0}
[HB] up=151s lease_ok=true handshake=true disarmed=false renew_age_ms=501 stat={"ioctl_calls":1969,"target_hits":0,"canary_hits":0,"clears_ok":4,"clears_fail":0,"restores_ok":0,"kernel_changed":4,"edges_sent":0,"write_fail":0,"send_dropped":0,"cmd_rejected":0,"connect_raced":0,"targets_applied":1,"targets_rejected":0,"read_errors":0,"lease_expired":0,"rx_timeouts":0,"auth_rejected":0,"errors":0}
[HB] up=151s lease_ok=true handshake=true disarmed=false renew_age_ms=500 stat={"ioctl_calls":1974,"target_hits":0,"canary_hits":0,"clears_ok":4,"clears_fail":0,"restores_ok":0,"kernel_changed":4,"edges_sent":0,"write_fail":0,"send_dropped":0,"cmd_rejected":0,"connect_raced":0,"targets_applied":1,"targets_rejected":0,"read_errors":0,"lease_expired":0,"rx_timeouts":0,"auth_rejected":0,"errors":0}
[HB] up=152s lease_ok=true handshake=true disarmed=false renew_age_ms=507 stat={"ioctl_calls":1979,"target_hits":0,"canary_hits":0,"clears_ok":4,"clears_fail":0,"restores_ok":0,"kernel_changed":4,"edges_sent":0,"write_fail":0,"send_dropped":0,"cmd_rejected":0,"connect_raced":0,"targets_applied":1,"targets_rejected":0,"read_errors":0,"lease_expired":0,"rx_timeouts":0,"auth_rejected":0,"errors":0}
[HB] up=152s lease_ok=true handshake=true disarmed=false renew_age_ms=501 stat={"ioctl_calls":1984,"target_hits":0,"canary_hits":0,"clears_ok":4,"clears_fail":0,"restores_ok":0,"kernel_changed":4,"edges_sent":0,"write_fail":0,"send_dropped":0,"cmd_rejected":0,"connect_raced":0,"targets_applied":1,"targets_rejected":0,"read_errors":0,"lease_expired":0,"rx_timeouts":0,"auth_rejected":0,"errors":0}
[HB] up=153s lease_ok=true handshake=true disarmed=false renew_age_ms=501 stat={"ioctl_calls":1984,"target_hits":0,"canary_hits":0,"clears_ok":4,"clears_fail":0,"restores_ok":0,"kernel_changed":4,"edges_sent":0,"write_fail":0,"send_dropped":0,"cmd_rejected":0,"connect_raced":0,"targets_applied":1,"targets_rejected":0,"read_errors":0,"lease_expired":0,"rx_timeouts":0,"auth_rejected":0,"errors":0}
[HB] up=153s lease_ok=true handshake=true disarmed=false renew_age_ms=500 stat={"ioctl_calls":2007,"target_hits":0,"canary_hits":0,"clears_ok":4,"clears_fail":0,"restores_ok":0,"kernel_changed":4,"edges_sent":0,"write_fail":0,"send_dropped":0,"cmd_rejected":0,"connect_raced":0,"targets_applied":1,"targets_rejected":0,"read_errors":0,"lease_expired":0,"rx_timeouts":0,"auth_rejected":0,"errors":0}
[HB] up=154s lease_ok=true handshake=true disarmed=false renew_age_ms=501 stat={"ioctl_calls":2012,"target_hits":0,"canary_hits":0,"clears_ok":4,"clears_fail":0,"restores_ok":0,"kernel_changed":4,"edges_sent":0,"write_fail":0,"send_dropped":0,"cmd_rejected":0,"connect_raced":0,"targets_applied":1,"targets_rejected":0,"read_errors":0,"lease_expired":0,"rx_timeouts":0,"auth_rejected":0,"errors":0}
[HB] up=154s lease_ok=true handshake=true disarmed=false renew_age_ms=500 stat={"ioctl_calls":2017,"target_hits":0,"canary_hits":0,"clears_ok":4,"clears_fail":0,"restores_ok":0,"kernel_changed":4,"edges_sent":0,"write_fail":0,"send_dropped":0,"cmd_rejected":0,"connect_raced":0,"targets_applied":1,"targets_rejected":0,"read_errors":0,"lease_expired":0,"rx_timeouts":0,"auth_rejected":0,"errors":0}
