=== 报告层合成按键实验：能不能产出不带 LLKHF_INJECTED 的真实按键 ===
时间: 2026-09-28T18:27:07
契约: 载体 usage=0x004a(主页) -> 合成 usage=0x00e2(RightAlt)；只写报告偏移 3..8 并回写复原
      不写注册表 / 驱动策略 / 计划任务，不需重启；需一次交互式 UAC 提权。
副作用: 阶段 B 会把主页键变成右 Alt——请把焦点留在桌面，不要停在文本编辑器里，期间不要触碰物理键盘。

--- 步骤 1/5：定位独占 RC003 的 WUDFHost ---
  命中 RC003 宿主 HostPid=42020 (0xa424)，该宿主共承载 3 个设备
  ⚠ 宿主非独占，同宿主还有 2 个设备： BTHLEDevice/c0539bcb6979, BTHLEDevice/c053a1ae14f0
    因此写入必须走 FileHandle 绑定（见 JS 的「设备维度绑定」），否则会误伤同宿主的其它 HID 设备。

--- 步骤 2/5：提权与可注入性自检 ---
  当前进程管理员令牌: True
  SeDebugPrivilege 启用: True (err=0)
  OpenProcess(QUERY_LIMITED) 目标宿主被拒: False

--- 步骤 3/5：启动 LL 钩子观测（读回 LLKHF_INJECTED 位）---
  已安装 WH_KEYBOARD_LL 钩子（免提权）
  frida 17.18.0

--- 步骤 4/5：attach 并安装报告层钩子 ---
  钩子已安装: NtDeviceIoControlFile，目标 IOCTL=80018483
  目标 usage: [{'usage': 74, 'name': '主页'}]
  计划表总时长 61000 ms，写入上限 400
  agent 起始时钟 t0=1790591227421

--- 步骤 5/5：分阶段执行 ---

>>> 阶段 pre（8s，observe）：预热：请先唤醒遥控器（按一下任意键），然后停手。
  [心跳] phase=pre mode=observe 命中=0 改写=0 成功=0 失败=0 复原=0
  [心跳] phase=pre mode=observe 命中=0 改写=0 成功=0 失败=0 复原=0
  [心跳] phase=pre mode=observe 命中=0 改写=0 成功=0 失败=0 复原=0
  [心跳] phase=pre mode=observe 命中=0 改写=0 成功=0 失败=0 复原=0
  [心跳] phase=pre mode=observe 命中=0 改写=0 成功=0 失败=0 复原=0
[TAP] t=1790591233343 phase=pre mode=observe dir=enter orig=010000280000000000 new=010000280000000000 mutated=False |
[TAP] t=1790591233434 phase=pre mode=observe dir=enter orig=010000000000000000 new=010000000000000000 mutated=False |
  [心跳] phase=pre mode=observe 命中=2 改写=0 成功=0 失败=0 复原=0
  [心跳] phase=pre mode=observe 命中=2 改写=0 成功=0 失败=0 复原=0

>>> 阶段 A（14s，observe）：对照 A + 设备绑定：请连按遥控器 主页 ×3（本阶段**只按遥控器**，不要碰其它键盘）。 期望 LL 侧读到 VK_HOME 且 injected=0，同时探针据此绑定该设备的 FileHandle。
  [心跳] phase=A mode=observe 命中=2 改写=0 成功=0 失败=0 复原=0
  [心跳] phase=A mode=observe 命中=2 改写=0 成功=0 失败=0 复原=0
  [心跳] phase=A mode=observe 命中=2 改写=0 成功=0 失败=0 复原=0
  [心跳] phase=A mode=observe 命中=2 改写=0 成功=0 失败=0 复原=0
  [心跳] phase=A mode=observe 命中=2 改写=0 成功=0 失败=0 复原=0
[TAP] t=1790591240423 phase=A mode=observe dir=enter orig=0100004a0000000000 new=0100004a0000000000 mutated=False |
[TAP] t=1790591240499 phase=A mode=observe dir=enter orig=010000000000000000 new=010000000000000000 mutated=False |
  [心跳] phase=A mode=observe 命中=4 改写=0 成功=0 失败=0 复原=0
[TAP] t=1790591241024 phase=A mode=observe dir=enter orig=0100004a0000000000 new=0100004a0000000000 mutated=False |
[TAP] t=1790591241175 phase=A mode=observe dir=enter orig=010000000000000000 new=010000000000000000 mutated=False |
  [心跳] phase=A mode=observe 命中=6 改写=0 成功=0 失败=0 复原=0
[TAP] t=1790591241594 phase=A mode=observe dir=enter orig=0100004a0000000000 new=0100004a0000000000 mutated=False |
[TAP] t=1790591241714 phase=A mode=observe dir=enter orig=010000000000000000 new=010000000000000000 mutated=False |
  [心跳] phase=A mode=observe 命中=8 改写=0 成功=0 失败=0 复原=0
  [心跳] phase=A mode=observe 命中=8 改写=0 成功=0 失败=0 复原=0
  [心跳] phase=A mode=observe 命中=8 改写=0 成功=0 失败=0 复原=0
  [心跳] phase=A mode=observe 命中=8 改写=0 成功=0 失败=0 复原=0
  [心跳] phase=A mode=observe 命中=8 改写=0 成功=0 失败=0 复原=0
  [心跳] phase=A mode=observe 命中=8 改写=0 成功=0 失败=0 复原=0
  [心跳] phase=A mode=observe 命中=8 改写=0 成功=0 失败=0 复原=0

>>> 阶段 S（8s，observe）：对照 S（注入标志）：请不要按键——脚本会自动用 SendInput 注入右 Alt。 期望读到 VK_RMENU 且 injected=1。
  [心跳] phase=S mode=observe 命中=8 改写=0 成功=0 失败=0 复原=0
  [心跳] phase=S mode=observe 命中=8 改写=0 成功=0 失败=0 复原=0
  [心跳] phase=S mode=observe 命中=8 改写=0 成功=0 失败=0 复原=0
  [自动对照] SendInput 注入右 Alt（必然带 LLKHF_INJECTED）……
[LL] t=1790591251829 phase=S vk=0xA5 up=0 flags=0x0030 injected=1 lower_il=0 altdown=1 | VK_RMENU(右Alt) 按下
[LL] t=1790591252036 phase=S vk=0xA5 up=1 flags=0x0090 injected=1 lower_il=0 altdown=0 | VK_RMENU(右Alt) 释放
  [自动对照] SendInput 返回 True（0 表示被 UIPI 拦下，判据不可用）
  [心跳] phase=S mode=observe 命中=8 改写=0 成功=0 失败=0 复原=0
  [心跳] phase=S mode=observe 命中=8 改写=0 成功=0 失败=0 复原=0
[TAP] t=1790591253898 phase=S mode=observe dir=enter orig=0100fdffff0000 new=0100fdffff0000 mutated=False |
[TAP] t=1790591253898 phase=S mode=observe dir=enter orig=0100f90f000000 new=0100f90f000000 mutated=False |
[TAP] t=1790591253900 phase=S mode=observe dir=enter orig=0100f40f000000 new=0100f40f000000 mutated=False |
[TAP] t=1790591253900 phase=S mode=observe dir=enter orig=0100f10f000000 new=0100f10f000000 mutated=False |
[TAP] t=1790591253901 phase=S mode=observe dir=enter orig=0100f10f000000 new=0100f10f000000 mutated=False |
[TAP] t=1790591253901 phase=S mode=observe dir=enter orig=0100f30f000000 new=0100f30f000000 mutated=False |
[TAP] t=1790591253901 phase=S mode=observe dir=enter orig=0100f81f000000 new=0100f81f000000 mutated=False |
[TAP] t=1790591253902 phase=S mode=observe dir=enter orig=0100fa0f000000 new=0100fa0f000000 mutated=False |
[TAP] t=1790591253902 phase=S mode=observe dir=enter orig=0100fe2f000000 new=0100fe2f000000 mutated=False |
[TAP] t=1790591253907 phase=S mode=observe dir=enter orig=0100fd2f000000 new=0100fd2f000000 mutated=False |
[TAP] t=1790591253915 phase=S mode=observe dir=enter orig=0100fb2f000000 new=0100fb2f000000 mutated=False |
[TAP] t=1790591253923 phase=S mode=observe dir=enter orig=0100fb3f000000 new=0100fb3f000000 mutated=False |
[TAP] t=1790591253937 phase=S mode=observe dir=enter orig=0100f94f000000 new=0100f94f000000 mutated=False |
[TAP] t=1790591253945 phase=S mode=observe dir=enter orig=0100fa4f000000 new=0100fa4f000000 mutated=False |
[TAP] t=1790591253952 phase=S mode=observe dir=enter orig=0100fb4f000000 new=0100fb4f000000 mutated=False |
[TAP] t=1790591253960 phase=S mode=observe dir=enter orig=0100fb6f000000 new=0100fb6f000000 mutated=False |
[TAP] t=1790591253967 phase=S mode=observe dir=enter orig=0100fc9f000000 new=0100fc9f000000 mutated=False |
[TAP] t=1790591253975 phase=S mode=observe dir=enter orig=0100fa9f000000 new=0100fa9f000000 mutated=False |
[TAP] t=1790591253982 phase=S mode=observe dir=enter orig=0100fa9f000000 new=0100fa9f000000 mutated=False |
[TAP] t=1790591253990 phase=S mode=observe dir=enter orig=0100fa8f000000 new=0100fa8f000000 mutated=False |
[TAP] t=1790591253997 phase=S mode=observe dir=enter orig=0100f97f000000 new=0100f97f000000 mutated=False |
[TAP] t=1790591254004 phase=S mode=observe dir=enter orig=0100f95f000000 new=0100f95f000000 mutated=False |
[TAP] t=1790591254012 phase=S mode=observe dir=enter orig=0100f96f000000 new=0100f96f000000 mutated=False |
[TAP] t=1790591254020 phase=S mode=observe dir=enter orig=0100f97f000000 new=0100f97f000000 mutated=False |
[TAP] t=1790591254027 phase=S mode=observe dir=enter orig=0100f97f000000 new=0100f97f000000 mutated=False |
[TAP] t=1790591254035 phase=S mode=observe dir=enter orig=0100f66f000000 new=0100f66f000000 mutated=False |
[TAP] t=1790591254042 phase=S mode=observe dir=enter orig=0100f76f000000 new=0100f76f000000 mutated=False |
[TAP] t=1790591254050 phase=S mode=observe dir=enter orig=0100f67f000000 new=0100f67f000000 mutated=False |
[TAP] t=1790591254057 phase=S mode=observe dir=enter orig=0100f76f000000 new=0100f76f000000 mutated=False |
[TAP] t=1790591254064 phase=S mode=observe dir=enter orig=0100f87f000000 new=0100f87f000000 mutated=False |
[TAP] t=1790591254072 phase=S mode=observe dir=enter orig=0100fb5f000000 new=0100fb5f000000 mutated=False |
[TAP] t=1790591254079 phase=S mode=observe dir=enter orig=0100fb4f000000 new=0100fb4f000000 mutated=False |
[TAP] t=1790591254087 phase=S mode=observe dir=enter orig=0100fd2f000000 new=0100fd2f000000 mutated=False |
[TAP] t=1790591254095 phase=S mode=observe dir=enter orig=0100fd2f000000 new=0100fd2f000000 mutated=False |
[TAP] t=1790591254102 phase=S mode=observe dir=enter orig=0100ff0f000000 new=0100ff0f000000 mutated=False |
[TAP] t=1790591254110 phase=S mode=observe dir=enter orig=0100fe0f000000 new=0100fe0f000000 mutated=False |
[TAP] t=1790591254117 phase=S mode=observe dir=enter orig=0100ff1f000000 new=0100ff1f000000 mutated=False |
[TAP] t=1790591254125 phase=S mode=observe dir=enter orig=0100fe0f000000 new=0100fe0f000000 mutated=False |
[TAP] t=1790591254132 phase=S mode=observe dir=enter orig=0100ff0f000000 new=0100ff0f000000 mutated=False |
[TAP] t=1790591254140 phase=S mode=observe dir=enter orig=0100ff0f000000 new=0100ff0f000000 mutated=False |
[TAP] t=1790591254147 phase=S mode=observe dir=enter orig=0100ff0f000000 new=0100ff0f000000 mutated=False |
[TAP] t=1790591254155 phase=S mode=observe dir=enter orig=0100ff0f000000 new=0100ff0f000000 mutated=False |
[TAP] t=1790591254162 phase=S mode=observe dir=enter orig=0100ff0f000000 new=0100ff0f000000 mutated=False |
[TAP] t=1790591254170 phase=S mode=observe dir=enter orig=0100ffefff0000 new=0100ffefff0000 mutated=False |
[TAP] t=1790591254177 phase=S mode=observe dir=enter orig=0100ffdfff0000 new=0100ffdfff0000 mutated=False |
[TAP] t=1790591254192 phase=S mode=observe dir=enter orig=0100fdbfff0000 new=0100fdbfff0000 mutated=False |
[TAP] t=1790591254200 phase=S mode=observe dir=enter orig=0100fdbfff0000 new=0100fdbfff0000 mutated=False |
[TAP] t=1790591254208 phase=S mode=observe dir=enter orig=0100fbafff0000 new=0100fbafff0000 mutated=False |
[TAP] t=1790591254215 phase=S mode=observe dir=enter orig=0100faafff0000 new=0100faafff0000 mutated=False |
[TAP] t=1790591254222 phase=S mode=observe dir=enter orig=0100f9bfff0000 new=0100f9bfff0000 mutated=False |
[TAP] t=1790591254230 phase=S mode=observe dir=enter orig=0100f9cfff0000 new=0100f9cfff0000 mutated=False |
[TAP] t=1790591254237 phase=S mode=observe dir=enter orig=0100f7dfff0000 new=0100f7dfff0000 mutated=False |
[TAP] t=1790591254245 phase=S mode=observe dir=enter orig=0100f7efff0000 new=0100f7efff0000 mutated=False |
[TAP] t=1790591254252 phase=S mode=observe dir=enter orig=0100f7efff0000 new=0100f7efff0000 mutated=False |
[TAP] t=1790591254260 phase=S mode=observe dir=enter orig=0100f5efff0000 new=0100f5efff0000 mutated=False |
[TAP] t=1790591254267 phase=S mode=observe dir=enter orig=0100f6ffff0000 new=0100f6ffff0000 mutated=False |
[TAP] t=1790591254275 phase=S mode=observe dir=enter orig=0100f5ffff0000 new=0100f5ffff0000 mutated=False |
[TAP] t=1790591254282 phase=S mode=observe dir=enter orig=0100f50f000000 new=0100f50f000000 mutated=False |
[TAP] t=1790591254290 phase=S mode=observe dir=enter orig=0100f4ffff0000 new=0100f4ffff0000 mutated=False |
[TAP] t=1790591254297 phase=S mode=observe dir=enter orig=0100f30f000000 new=0100f30f000000 mutated=False |
[TAP] t=1790591254312 phase=S mode=observe dir=enter orig=0100f0ffff0000 new=0100f0ffff0000 mutated=False |
[TAP] t=1790591254320 phase=S mode=observe dir=enter orig=0100f0ffff0000 new=0100f0ffff0000 mutated=False |
[TAP] t=1790591254327 phase=S mode=observe dir=enter orig=0100f3efff0000 new=0100f3efff0000 mutated=False |
[TAP] t=1790591254334 phase=S mode=observe dir=enter orig=0100f4efff0000 new=0100f4efff0000 mutated=False |
[TAP] t=1790591254342 phase=S mode=observe dir=enter orig=0100fbefff0000 new=0100fbefff0000 mutated=False |
[TAP] t=1790591254350 phase=S mode=observe dir=enter orig=0100fcefff0000 new=0100fcefff0000 mutated=False |
[TAP] t=1790591254358 phase=S mode=observe dir=enter orig=0100ffefff0000 new=0100ffefff0000 mutated=False |
[TAP] t=1790591254364 phase=S mode=observe dir=enter orig=010000d0ff0000 new=010000d0ff0000 mutated=False |
[TAP] t=1790591254372 phase=S mode=observe dir=enter orig=010003b0ff0000 new=010003b0ff0000 mutated=False |
[TAP] t=1790591254380 phase=S mode=observe dir=enter orig=010005a0ff0000 new=010005a0ff0000 mutated=False |
[TAP] t=1790591254387 phase=S mode=observe dir=enter orig=010007a0ff0000 new=010007a0ff0000 mutated=False |
[TAP] t=1790591254395 phase=S mode=observe dir=enter orig=01000980ff0000 new=01000980ff0000 mutated=False |
[TAP] t=1790591254403 phase=S mode=observe dir=enter orig=01000b80ff0000 new=01000b80ff0000 mutated=False |
[TAP] t=1790591254410 phase=S mode=observe dir=enter orig=01000a80ff0000 new=01000a80ff0000 mutated=False |
[TAP] t=1790591254418 phase=S mode=observe dir=enter orig=01000c90ff0000 new=01000c90ff0000 mutated=False |
[TAP] t=1790591254432 phase=S mode=observe dir=enter orig=01000d80ff0000 new=01000d80ff0000 mutated=False |
[TAP] t=1790591254440 phase=S mode=observe dir=enter orig=01000d70ff0000 new=01000d70ff0000 mutated=False |
[TAP] t=1790591254447 phase=S mode=observe dir=enter orig=01000c70ff0000 new=01000c70ff0000 mutated=False |
[TAP] t=1790591254455 phase=S mode=observe dir=enter orig=01000d60ff0000 new=01000d60ff0000 mutated=False |
[TAP] t=1790591254463 phase=S mode=observe dir=enter orig=01000c80ff0000 new=01000c80ff0000 mutated=False |
[TAP] t=1790591254470 phase=S mode=observe dir=enter orig=01000c80ff0000 new=01000c80ff0000 mutated=False |
[TAP] t=1790591254477 phase=S mode=observe dir=enter orig=01000e80ff0000 new=01000e80ff0000 mutated=False |
[TAP] t=1790591254485 phase=S mode=observe dir=enter orig=01000e90ff0000 new=01000e90ff0000 mutated=False |
[TAP] t=1790591254492 phase=S mode=observe dir=enter orig=01000e90ff0000 new=01000e90ff0000 mutated=False |
[TAP] t=1790591254499 phase=S mode=observe dir=enter orig=01000db0ff0000 new=01000db0ff0000 mutated=False |
[TAP] t=1790591254507 phase=S mode=observe dir=enter orig=01000cb0ff0000 new=01000cb0ff0000 mutated=False |
[TAP] t=1790591254515 phase=S mode=observe dir=enter orig=01000cd0ff0000 new=01000cd0ff0000 mutated=False |
[TAP] t=1790591254523 phase=S mode=observe dir=enter orig=01000be0ff0000 new=01000be0ff0000 mutated=False |
[TAP] t=1790591254529 phase=S mode=observe dir=enter orig=01000af0ff0000 new=01000af0ff0000 mutated=False |
[TAP] t=1790591254537 phase=S mode=observe dir=enter orig=01000a00000000 new=01000a00000000 mutated=False |
[TAP] t=1790591254552 phase=S mode=observe dir=enter orig=01000a00000000 new=01000a00000000 mutated=False |
[TAP] t=1790591254560 phase=S mode=observe dir=enter orig=01000a20000000 new=01000a20000000 mutated=False |
[TAP] t=1790591254568 phase=S mode=observe dir=enter orig=01000930000000 new=01000930000000 mutated=False |
[TAP] t=1790591254575 phase=S mode=observe dir=enter orig=01000950000000 new=01000950000000 mutated=False |
[TAP] t=1790591254582 phase=S mode=observe dir=enter orig=01000940000000 new=01000940000000 mutated=False |
[TAP] t=1790591254589 phase=S mode=observe dir=enter orig=01000940000000 new=01000940000000 mutated=False |
[TAP] t=1790591254598 phase=S mode=observe dir=enter orig=01000a60000000 new=01000a60000000 mutated=False |
[TAP] t=1790591254605 phase=S mode=observe dir=enter orig=01000a50000000 new=01000a50000000 mutated=False |
[TAP] t=1790591254612 phase=S mode=observe dir=enter orig=01000b60000000 new=01000b60000000 mutated=False |
[TAP] t=1790591254620 phase=S mode=observe dir=enter orig=01000a60000000 new=01000a60000000 mutated=False |
[TAP] t=1790591254627 phase=S mode=observe dir=enter orig=01000950000000 new=01000950000000 mutated=False |
[TAP] t=1790591254634 phase=S mode=observe dir=enter orig=01000860000000 new=01000860000000 mutated=False |
  [心跳] phase=S mode=observe 命中=110 改写=0 成功=0 失败=0 复原=0
[TAP] t=1790591254643 phase=S mode=observe dir=enter orig=01000650000000 new=01000650000000 mutated=False |
[TAP] t=1790591254650 phase=S mode=observe dir=enter orig=01000550000000 new=01000550000000 mutated=False |
[TAP] t=1790591254657 phase=S mode=observe dir=enter orig=01000450000000 new=01000450000000 mutated=False |
[TAP] t=1790591254680 phase=S mode=observe dir=enter orig=01000350000000 new=01000350000000 mutated=False |
[TAP] t=1790591254687 phase=S mode=observe dir=enter orig=01000260000000 new=01000260000000 mutated=False |
[TAP] t=1790591254695 phase=S mode=observe dir=enter orig=01000150000000 new=01000150000000 mutated=False |
[TAP] t=1790591254703 phase=S mode=observe dir=enter orig=01000060000000 new=01000060000000 mutated=False |
[TAP] t=1790591254710 phase=S mode=observe dir=enter orig=0100ff6f000000 new=0100ff6f000000 mutated=False |
[TAP] t=1790591254717 phase=S mode=observe dir=enter orig=0100fd7f000000 new=0100fd7f000000 mutated=False |
[TAP] t=1790591254725 phase=S mode=observe dir=enter orig=0100fb6f000000 new=0100fb6f000000 mutated=False |
[TAP] t=1790591254732 phase=S mode=observe dir=enter orig=0100f87f000000 new=0100f87f000000 mutated=False |
[TAP] t=1790591254739 phase=S mode=observe dir=enter orig=0100f77f000000 new=0100f77f000000 mutated=False |
[TAP] t=1790591254747 phase=S mode=observe dir=enter orig=0100f46f000000 new=0100f46f000000 mutated=False |
[TAP] t=1790591254754 phase=S mode=observe dir=enter orig=0100f27f000000 new=0100f27f000000 mutated=False |
[TAP] t=1790591254762 phase=S mode=observe dir=enter orig=0100f25f000000 new=0100f25f000000 mutated=False |
[TAP] t=1790591254770 phase=S mode=observe dir=enter orig=0100f05f000000 new=0100f05f000000 mutated=False |
[TAP] t=1790591254777 phase=S mode=observe dir=enter orig=0100f13f000000 new=0100f13f000000 mutated=False |
[TAP] t=1790591254785 phase=S mode=observe dir=enter orig=0100f11f000000 new=0100f11f000000 mutated=False |
[TAP] t=1790591254792 phase=S mode=observe dir=enter orig=0100f00f000000 new=0100f00f000000 mutated=False |
[TAP] t=1790591254800 phase=S mode=observe dir=enter orig=0100f2ffff0000 new=0100f2ffff0000 mutated=False |
[TAP] t=1790591254807 phase=S mode=observe dir=enter orig=0100f4dfff0000 new=0100f4dfff0000 mutated=False |
[TAP] t=1790591254815 phase=S mode=observe dir=enter orig=0100f5dfff0000 new=0100f5dfff0000 mutated=False |
[TAP] t=1790591254822 phase=S mode=observe dir=enter orig=0100f9cfff0000 new=0100f9cfff0000 mutated=False |
[TAP] t=1790591254837 phase=S mode=observe dir=enter orig=0100fadfff0000 new=0100fadfff0000 mutated=False |
[TAP] t=1790591254845 phase=S mode=observe dir=enter orig=0100fbcfff0000 new=0100fbcfff0000 mutated=False |
[TAP] t=1790591254853 phase=S mode=observe dir=enter orig=0100fcdfff0000 new=0100fcdfff0000 mutated=False |
[TAP] t=1790591254867 phase=S mode=observe dir=enter orig=0100fddfff0000 new=0100fddfff0000 mutated=False |
[TAP] t=1790591254875 phase=S mode=observe dir=enter orig=0100fedfff0000 new=0100fedfff0000 mutated=False |
[TAP] t=1790591254882 phase=S mode=observe dir=enter orig=0100fedfff0000 new=0100fedfff0000 mutated=False |
[TAP] t=1790591254889 phase=S mode=observe dir=enter orig=010000d0ff0000 new=010000d0ff0000 mutated=False |
[TAP] t=1790591254897 phase=S mode=observe dir=enter orig=0100ffbfff0000 new=0100ffbfff0000 mutated=False |
[TAP] t=1790591254905 phase=S mode=observe dir=enter orig=010000b0ff0000 new=010000b0ff0000 mutated=False |
[TAP] t=1790591254912 phase=S mode=observe dir=enter orig=010001a0ff0000 new=010001a0ff0000 mutated=False |
[TAP] t=1790591254919 phase=S mode=observe dir=enter orig=01000170ff0000 new=01000170ff0000 mutated=False |
[TAP] t=1790591254926 phase=S mode=observe dir=enter orig=01000370ff0000 new=01000370ff0000 mutated=False |
[TAP] t=1790591254934 phase=S mode=observe dir=enter orig=01000280ff0000 new=01000280ff0000 mutated=False |
[TAP] t=1790591254942 phase=S mode=observe dir=enter orig=01000390ff0000 new=01000390ff0000 mutated=False |
[TAP] t=1790591254949 phase=S mode=observe dir=enter orig=010002b0ff0000 new=010002b0ff0000 mutated=False |
[TAP] t=1790591254957 phase=S mode=observe dir=enter orig=010001c0ff0000 new=010001c0ff0000 mutated=False |
[TAP] t=1790591254965 phase=S mode=observe dir=enter orig=010002c0ff0000 new=010002c0ff0000 mutated=False |
[TAP] t=1790591254972 phase=S mode=observe dir=enter orig=010002d0ff0000 new=010002d0ff0000 mutated=False |
[TAP] t=1790591254980 phase=S mode=observe dir=enter orig=010001d0ff0000 new=010001d0ff0000 mutated=False |
[TAP] t=1790591254987 phase=S mode=observe dir=enter orig=010002d0ff0000 new=010002d0ff0000 mutated=False |
[TAP] t=1790591254995 phase=S mode=observe dir=enter orig=010002d0ff0000 new=010002d0ff0000 mutated=False |
[TAP] t=1790591255003 phase=S mode=observe dir=enter orig=010002d0ff0000 new=010002d0ff0000 mutated=False |
[TAP] t=1790591255010 phase=S mode=observe dir=enter orig=010003c0ff0000 new=010003c0ff0000 mutated=False |
[TAP] t=1790591255018 phase=S mode=observe dir=enter orig=010002d0ff0000 new=010002d0ff0000 mutated=False |
[TAP] t=1790591255025 phase=S mode=observe dir=enter orig=010002d0ff0000 new=010002d0ff0000 mutated=False |
[TAP] t=1790591255032 phase=S mode=observe dir=enter orig=010002e0ff0000 new=010002e0ff0000 mutated=False |
[TAP] t=1790591255040 phase=S mode=observe dir=enter orig=010002d0ff0000 new=010002d0ff0000 mutated=False |
[TAP] t=1790591255047 phase=S mode=observe dir=enter orig=010002e0ff0000 new=010002e0ff0000 mutated=False |
[TAP] t=1790591255054 phase=S mode=observe dir=enter orig=010002e0ff0000 new=010002e0ff0000 mutated=False |
[TAP] t=1790591255377 phase=S mode=observe dir=enter orig=010001f0ff0000 new=010001f0ff0000 mutated=False |
[TAP] t=1790591255385 phase=S mode=observe dir=enter orig=0100ffefff0000 new=0100ffefff0000 mutated=False |
[TAP] t=1790591255393 phase=S mode=observe dir=enter orig=0100fcdfff0000 new=0100fcdfff0000 mutated=False |
[TAP] t=1790591255399 phase=S mode=observe dir=enter orig=0100f8bfff0000 new=0100f8bfff0000 mutated=False |
[TAP] t=1790591255408 phase=S mode=observe dir=enter orig=0100f59fff0000 new=0100f59fff0000 mutated=False |
[TAP] t=1790591255415 phase=S mode=observe dir=enter orig=0100f36fff0000 new=0100f36fff0000 mutated=False |
[TAP] t=1790591255422 phase=S mode=observe dir=enter orig=0100f14fff0000 new=0100f14fff0000 mutated=False |
[TAP] t=1790591255429 phase=S mode=observe dir=enter orig=0100f05fff0000 new=0100f05fff0000 mutated=False |
[TAP] t=1790591255437 phase=S mode=observe dir=enter orig=0100f04fff0000 new=0100f04fff0000 mutated=False |
[TAP] t=1790591255444 phase=S mode=observe dir=enter orig=0100f05fff0000 new=0100f05fff0000 mutated=False |
[TAP] t=1790591255459 phase=S mode=observe dir=enter orig=0100ed3fff0000 new=0100ed3fff0000 mutated=False |
[TAP] t=1790591255467 phase=S mode=observe dir=enter orig=0100ed4fff0000 new=0100ed4fff0000 mutated=False |
[TAP] t=1790591255475 phase=S mode=observe dir=enter orig=0100ed5fff0000 new=0100ed5fff0000 mutated=False |
[TAP] t=1790591255483 phase=S mode=observe dir=enter orig=0100ee7fff0000 new=0100ee7fff0000 mutated=False |
[TAP] t=1790591255490 phase=S mode=observe dir=enter orig=0100f28fff0000 new=0100f28fff0000 mutated=False |
[TAP] t=1790591255497 phase=S mode=observe dir=enter orig=0100f2afff0000 new=0100f2afff0000 mutated=False |
[TAP] t=1790591255505 phase=S mode=observe dir=enter orig=0100f3bfff0000 new=0100f3bfff0000 mutated=False |
[TAP] t=1790591255512 phase=S mode=observe dir=enter orig=0100f5bfff0000 new=0100f5bfff0000 mutated=False |
[TAP] t=1790591255520 phase=S mode=observe dir=enter orig=0100f6cfff0000 new=0100f6cfff0000 mutated=False |
[TAP] t=1790591255528 phase=S mode=observe dir=enter orig=0100f7dfff0000 new=0100f7dfff0000 mutated=False |
[TAP] t=1790591255535 phase=S mode=observe dir=enter orig=0100f9dfff0000 new=0100f9dfff0000 mutated=False |
[TAP] t=1790591255542 phase=S mode=observe dir=enter orig=0100f9efff0000 new=0100f9efff0000 mutated=False |
[TAP] t=1790591255550 phase=S mode=observe dir=enter orig=0100faffff0000 new=0100faffff0000 mutated=False |
[TAP] t=1790591255557 phase=S mode=observe dir=enter orig=0100fbffff0000 new=0100fbffff0000 mutated=False |
[TAP] t=1790591255565 phase=S mode=observe dir=enter orig=0100fbffff0000 new=0100fbffff0000 mutated=False |
[TAP] t=1790591255579 phase=S mode=observe dir=enter orig=0100faffff0000 new=0100faffff0000 mutated=False |
[TAP] t=1790591255587 phase=S mode=observe dir=enter orig=0100faffff0000 new=0100faffff0000 mutated=False |
[TAP] t=1790591255595 phase=S mode=observe dir=enter orig=0100faffff0000 new=0100faffff0000 mutated=False |
[TAP] t=1790591255602 phase=S mode=observe dir=enter orig=0100fbefff0000 new=0100fbefff0000 mutated=False |
[TAP] t=1790591255610 phase=S mode=observe dir=enter orig=0100fbffff0000 new=0100fbffff0000 mutated=False |
[TAP] t=1790591255617 phase=S mode=observe dir=enter orig=0100fcefff0000 new=0100fcefff0000 mutated=False |
[TAP] t=1790591255625 phase=S mode=observe dir=enter orig=0100fdefff0000 new=0100fdefff0000 mutated=False |
[TAP] t=1790591255632 phase=S mode=observe dir=enter orig=0100fcdfff0000 new=0100fcdfff0000 mutated=False |
[TAP] t=1790591255640 phase=S mode=observe dir=enter orig=0100fdefff0000 new=0100fdefff0000 mutated=False |
[TAP] t=1790591255647 phase=S mode=observe dir=enter orig=0100fecfff0000 new=0100fecfff0000 mutated=False |
  [心跳] phase=S mode=observe 命中=197 改写=0 成功=0 失败=0 复原=0
[TAP] t=1790591255655 phase=S mode=observe dir=enter orig=0100ffbfff0000 new=0100ffbfff0000 mutated=False |
[TAP] t=1790591255662 phase=S mode=observe dir=enter orig=0100ff9fff0000 new=0100ff9fff0000 mutated=False |
[TAP] t=1790591255669 phase=S mode=observe dir=enter orig=01000080ff0000 new=01000080ff0000 mutated=False |
[TAP] t=1790591255677 phase=S mode=observe dir=enter orig=01000160ff0000 new=01000160ff0000 mutated=False |
[TAP] t=1790591255685 phase=S mode=observe dir=enter orig=01000150ff0000 new=01000150ff0000 mutated=False |
[TAP] t=1790591255700 phase=S mode=observe dir=enter orig=01000100ff0000 new=01000100ff0000 mutated=False |
[TAP] t=1790591255707 phase=S mode=observe dir=enter orig=01000110ff0000 new=01000110ff0000 mutated=False |
[TAP] t=1790591255715 phase=S mode=observe dir=enter orig=010000f0fe0000 new=010000f0fe0000 mutated=False |
[TAP] t=1790591255723 phase=S mode=observe dir=enter orig=01000010ff0000 new=01000010ff0000 mutated=False |
[TAP] t=1790591255730 phase=S mode=observe dir=enter orig=01000140ff0000 new=01000140ff0000 mutated=False |
[TAP] t=1790591255737 phase=S mode=observe dir=enter orig=01000050ff0000 new=01000050ff0000 mutated=False |
[TAP] t=1790591255745 phase=S mode=observe dir=enter orig=01000050ff0000 new=01000050ff0000 mutated=False |
[TAP] t=1790591255752 phase=S mode=observe dir=enter orig=01000040ff0000 new=01000040ff0000 mutated=False |
[TAP] t=1790591255761 phase=S mode=observe dir=enter orig=01000050ff0000 new=01000050ff0000 mutated=False |
[TAP] t=1790591255768 phase=S mode=observe dir=enter orig=01000040ff0000 new=01000040ff0000 mutated=False |
[TAP] t=1790591255775 phase=S mode=observe dir=enter orig=01000140ff0000 new=01000140ff0000 mutated=False |
[TAP] t=1790591255782 phase=S mode=observe dir=enter orig=01000140ff0000 new=01000140ff0000 mutated=False |
[TAP] t=1790591255790 phase=S mode=observe dir=enter orig=01000140ff0000 new=01000140ff0000 mutated=False |
[TAP] t=1790591255797 phase=S mode=observe dir=enter orig=01000240ff0000 new=01000240ff0000 mutated=False |
[TAP] t=1790591255805 phase=S mode=observe dir=enter orig=01000250ff0000 new=01000250ff0000 mutated=False |
[TAP] t=1790591255820 phase=S mode=observe dir=enter orig=01000240ff0000 new=01000240ff0000 mutated=False |
[TAP] t=1790591255828 phase=S mode=observe dir=enter orig=01000450ff0000 new=01000450ff0000 mutated=False |
[TAP] t=1790591255834 phase=S mode=observe dir=enter orig=01000380ff0000 new=01000380ff0000 mutated=False |
[TAP] t=1790591255843 phase=S mode=observe dir=enter orig=01000480ff0000 new=01000480ff0000 mutated=False |
[TAP] t=1790591255858 phase=S mode=observe dir=enter orig=010003c0ff0000 new=010003c0ff0000 mutated=False |
[TAP] t=1790591255865 phase=S mode=observe dir=enter orig=010002c0ff0000 new=010002c0ff0000 mutated=False |
[TAP] t=1790591255872 phase=S mode=observe dir=enter orig=010003d0ff0000 new=010003d0ff0000 mutated=False |
[TAP] t=1790591255879 phase=S mode=observe dir=enter orig=010002e0ff0000 new=010002e0ff0000 mutated=False |
[TAP] t=1790591255887 phase=S mode=observe dir=enter orig=010002e0ff0000 new=010002e0ff0000 mutated=False |
[TAP] t=1790591255895 phase=S mode=observe dir=enter orig=010002e0ff0000 new=010002e0ff0000 mutated=False |
[TAP] t=1790591255902 phase=S mode=observe dir=enter orig=010003d0ff0000 new=010003d0ff0000 mutated=False |
[TAP] t=1790591255910 phase=S mode=observe dir=enter orig=010004d0ff0000 new=010004d0ff0000 mutated=False |
[TAP] t=1790591255918 phase=S mode=observe dir=enter orig=010003d0ff0000 new=010003d0ff0000 mutated=False |
[TAP] t=1790591255925 phase=S mode=observe dir=enter orig=010004d0ff0000 new=010004d0ff0000 mutated=False |
[TAP] t=1790591255933 phase=S mode=observe dir=enter orig=010005c0ff0000 new=010005c0ff0000 mutated=False |
[TAP] t=1790591255940 phase=S mode=observe dir=enter orig=010005c0ff0000 new=010005c0ff0000 mutated=False |
[TAP] t=1790591255948 phase=S mode=observe dir=enter orig=010005b0ff0000 new=010005b0ff0000 mutated=False |
[TAP] t=1790591255955 phase=S mode=observe dir=enter orig=010006c0ff0000 new=010006c0ff0000 mutated=False |
[TAP] t=1790591255963 phase=S mode=observe dir=enter orig=010005c0ff0000 new=010005c0ff0000 mutated=False |
[TAP] t=1790591255970 phase=S mode=observe dir=enter orig=010004c0ff0000 new=010004c0ff0000 mutated=False |
[TAP] t=1790591255978 phase=S mode=observe dir=enter orig=010003d0ff0000 new=010003d0ff0000 mutated=False |
[TAP] t=1790591255985 phase=S mode=observe dir=enter orig=010004d0ff0000 new=010004d0ff0000 mutated=False |
[TAP] t=1790591255992 phase=S mode=observe dir=enter orig=010004c0ff0000 new=010004c0ff0000 mutated=False |
[TAP] t=1790591256000 phase=S mode=observe dir=enter orig=010003d0ff0000 new=010003d0ff0000 mutated=False |
[TAP] t=1790591256008 phase=S mode=observe dir=enter orig=010003d0ff0000 new=010003d0ff0000 mutated=False |
[TAP] t=1790591256015 phase=S mode=observe dir=enter orig=010003e0ff0000 new=010003e0ff0000 mutated=False |
[TAP] t=1790591256022 phase=S mode=observe dir=enter orig=010003d0ff0000 new=010003d0ff0000 mutated=False |
[TAP] t=1790591256030 phase=S mode=observe dir=enter orig=010003e0ff0000 new=010003e0ff0000 mutated=False |
[TAP] t=1790591256037 phase=S mode=observe dir=enter orig=010003e0ff0000 new=010003e0ff0000 mutated=False |
[TAP] t=1790591256060 phase=S mode=observe dir=enter orig=010003e0ff0000 new=010003e0ff0000 mutated=False |
[TAP] t=1790591256112 phase=S mode=observe dir=enter orig=010001f0ff0000 new=010001f0ff0000 mutated=False |
[TAP] t=1790591256120 phase=S mode=observe dir=enter orig=010002f0ff0000 new=010002f0ff0000 mutated=False |
[TAP] t=1790591256135 phase=S mode=observe dir=enter orig=010002f0ff0000 new=010002f0ff0000 mutated=False |
[TAP] t=1790591256143 phase=S mode=observe dir=enter orig=01000200000000 new=01000200000000 mutated=False |
[TAP] t=1790591256150 phase=S mode=observe dir=enter orig=010002f0ff0000 new=010002f0ff0000 mutated=False |
[TAP] t=1790591256157 phase=S mode=observe dir=enter orig=01000200000000 new=01000200000000 mutated=False |
[TAP] t=1790591256165 phase=S mode=observe dir=enter orig=01000300000000 new=01000300000000 mutated=False |
[TAP] t=1790591256172 phase=S mode=observe dir=enter orig=01000200000000 new=01000200000000 mutated=False |
[TAP] t=1790591256195 phase=S mode=observe dir=enter orig=01000300000000 new=01000300000000 mutated=False |
[TAP] t=1790591256203 phase=S mode=observe dir=enter orig=01000300000000 new=01000300000000 mutated=False |
[TAP] t=1790591256210 phase=S mode=observe dir=enter orig=010004f0ff0000 new=010004f0ff0000 mutated=False |
[TAP] t=1790591256218 phase=S mode=observe dir=enter orig=01000300000000 new=01000300000000 mutated=False |
[TAP] t=1790591256225 phase=S mode=observe dir=enter orig=01000300000000 new=01000300000000 mutated=False |
[TAP] t=1790591256232 phase=S mode=observe dir=enter orig=01000300000000 new=01000300000000 mutated=False |
[TAP] t=1790591256240 phase=S mode=observe dir=enter orig=01000300000000 new=01000300000000 mutated=False |
[TAP] t=1790591256247 phase=S mode=observe dir=enter orig=010003f0ff0000 new=010003f0ff0000 mutated=False |
[TAP] t=1790591256255 phase=S mode=observe dir=enter orig=01000400000000 new=01000400000000 mutated=False |
[TAP] t=1790591256262 phase=S mode=observe dir=enter orig=01000200000000 new=01000200000000 mutated=False |
[TAP] t=1790591256270 phase=S mode=observe dir=enter orig=010003f0ff0000 new=010003f0ff0000 mutated=False |
[TAP] t=1790591256277 phase=S mode=observe dir=enter orig=01000200000000 new=01000200000000 mutated=False |
[TAP] t=1790591256285 phase=S mode=observe dir=enter orig=010003f0ff0000 new=010003f0ff0000 mutated=False |
[TAP] t=1790591256292 phase=S mode=observe dir=enter orig=01000200000000 new=01000200000000 mutated=False |
[TAP] t=1790591256300 phase=S mode=observe dir=enter orig=01000200000000 new=01000200000000 mutated=False |
[TAP] t=1790591256308 phase=S mode=observe dir=enter orig=01000200000000 new=01000200000000 mutated=False |
[TAP] t=1790591256323 phase=S mode=observe dir=enter orig=010001f0ff0000 new=010001f0ff0000 mutated=False |
[TAP] t=1790591256344 phase=S mode=observe dir=enter orig=01000100000000 new=01000100000000 mutated=False |
[TAP] t=1790591256383 phase=S mode=observe dir=enter orig=01000100000000 new=01000100000000 mutated=False |
[TAP] t=1790591256450 phase=S mode=observe dir=enter orig=01010000000000 new=01010000000000 mutated=False |
[TAP] t=1790591256502 phase=S mode=observe dir=enter orig=01010100000000 new=01010100000000 mutated=False |
[TAP] t=1790591256533 phase=S mode=observe dir=enter orig=01000000000000 new=01000000000000 mutated=False |
[TAP] t=1790591256630 phase=S mode=observe dir=enter orig=01000100000000 new=01000100000000 mutated=False |
[TAP] t=1790591256637 phase=S mode=observe dir=enter orig=01000100000000 new=01000100000000 mutated=False |
[TAP] t=1790591256645 phase=S mode=observe dir=enter orig=01000100000000 new=01000100000000 mutated=False |
[TAP] t=1790591256652 phase=S mode=observe dir=enter orig=01000100000000 new=01000100000000 mutated=False |
  [心跳] phase=S mode=observe 命中=281 改写=0 成功=0 失败=0 复原=0
[TAP] t=1790591256660 phase=S mode=observe dir=enter orig=01000120000000 new=01000120000000 mutated=False |
[TAP] t=1790591256667 phase=S mode=observe dir=enter orig=01000120000000 new=01000120000000 mutated=False |
[TAP] t=1790591256675 phase=S mode=observe dir=enter orig=01000130000000 new=01000130000000 mutated=False |
[TAP] t=1790591256682 phase=S mode=observe dir=enter orig=01000150000000 new=01000150000000 mutated=False |
[TAP] t=1790591256690 phase=S mode=observe dir=enter orig=01000150000000 new=01000150000000 mutated=False |
[TAP] t=1790591256697 phase=S mode=observe dir=enter orig=01000160000000 new=01000160000000 mutated=False |
[TAP] t=1790591256705 phase=S mode=observe dir=enter orig=01000160000000 new=01000160000000 mutated=False |
[TAP] t=1790591256712 phase=S mode=observe dir=enter orig=01000160000000 new=01000160000000 mutated=False |
[TAP] t=1790591256720 phase=S mode=observe dir=enter orig=01000070000000 new=01000070000000 mutated=False |
[TAP] t=1790591256727 phase=S mode=observe dir=enter orig=01000180000000 new=01000180000000 mutated=False |
[TAP] t=1790591256735 phase=S mode=observe dir=enter orig=01000170000000 new=01000170000000 mutated=False |
[TAP] t=1790591256750 phase=S mode=observe dir=enter orig=01000270000000 new=01000270000000 mutated=False |
[TAP] t=1790591256758 phase=S mode=observe dir=enter orig=01000280000000 new=01000280000000 mutated=False |
[TAP] t=1790591256765 phase=S mode=observe dir=enter orig=01000380000000 new=01000380000000 mutated=False |
[TAP] t=1790591256772 phase=S mode=observe dir=enter orig=01000380000000 new=01000380000000 mutated=False |
[TAP] t=1790591256780 phase=S mode=observe dir=enter orig=01000380000000 new=01000380000000 mutated=False |
[TAP] t=1790591256788 phase=S mode=observe dir=enter orig=01000360000000 new=01000360000000 mutated=False |
[TAP] t=1790591256794 phase=S mode=observe dir=enter orig=01000590000000 new=01000590000000 mutated=False |
[TAP] t=1790591256803 phase=S mode=observe dir=enter orig=01000480000000 new=01000480000000 mutated=False |
[TAP] t=1790591256810 phase=S mode=observe dir=enter orig=01000490000000 new=01000490000000 mutated=False |
[TAP] t=1790591256817 phase=S mode=observe dir=enter orig=01000380000000 new=01000380000000 mutated=False |
[TAP] t=1790591256825 phase=S mode=observe dir=enter orig=01000270000000 new=01000270000000 mutated=False |
[TAP] t=1790591256832 phase=S mode=observe dir=enter orig=01000170000000 new=01000170000000 mutated=False |
[TAP] t=1790591256840 phase=S mode=observe dir=enter orig=01000280000000 new=01000280000000 mutated=False |
[TAP] t=1790591256848 phase=S mode=observe dir=enter orig=01000270000000 new=01000270000000 mutated=False |
[TAP] t=1790591256855 phase=S mode=observe dir=enter orig=01000280000000 new=01000280000000 mutated=False |
[TAP] t=1790591256862 phase=S mode=observe dir=enter orig=01000280000000 new=01000280000000 mutated=False |
[TAP] t=1790591256877 phase=S mode=observe dir=enter orig=01000290000000 new=01000290000000 mutated=False |
[TAP] t=1790591256885 phase=S mode=observe dir=enter orig=01000380000000 new=01000380000000 mutated=False |
[TAP] t=1790591256892 phase=S mode=observe dir=enter orig=01000380000000 new=01000380000000 mutated=False |
[TAP] t=1790591256900 phase=S mode=observe dir=enter orig=01000380000000 new=01000380000000 mutated=False |
[TAP] t=1790591256915 phase=S mode=observe dir=enter orig=01000370000000 new=01000370000000 mutated=False |
[TAP] t=1790591256922 phase=S mode=observe dir=enter orig=01000380000000 new=01000380000000 mutated=False |
[TAP] t=1790591256930 phase=S mode=observe dir=enter orig=01000470000000 new=01000470000000 mutated=False |
[TAP] t=1790591256938 phase=S mode=observe dir=enter orig=01000370000000 new=01000370000000 mutated=False |
[TAP] t=1790591256945 phase=S mode=observe dir=enter orig=01000470000000 new=01000470000000 mutated=False |
[TAP] t=1790591256952 phase=S mode=observe dir=enter orig=01000240000000 new=01000240000000 mutated=False |
[TAP] t=1790591256960 phase=S mode=observe dir=enter orig=01000250000000 new=01000250000000 mutated=False |
[TAP] t=1790591256968 phase=S mode=observe dir=enter orig=01000250000000 new=01000250000000 mutated=False |
[TAP] t=1790591256975 phase=S mode=observe dir=enter orig=01000240000000 new=01000240000000 mutated=False |
[TAP] t=1790591256998 phase=S mode=observe dir=enter orig=01000250000000 new=01000250000000 mutated=False |
[TAP] t=1790591257005 phase=S mode=observe dir=enter orig=01000240000000 new=01000240000000 mutated=False |
[TAP] t=1790591257013 phase=S mode=observe dir=enter orig=01000250000000 new=01000250000000 mutated=False |
[TAP] t=1790591257019 phase=S mode=observe dir=enter orig=01000250000000 new=01000250000000 mutated=False |
[TAP] t=1790591257028 phase=S mode=observe dir=enter orig=01000160000000 new=01000160000000 mutated=False |
[TAP] t=1790591257035 phase=S mode=observe dir=enter orig=01000250000000 new=01000250000000 mutated=False |
[TAP] t=1790591257042 phase=S mode=observe dir=enter orig=01000250000000 new=01000250000000 mutated=False |
[TAP] t=1790591257050 phase=S mode=observe dir=enter orig=01000260000000 new=01000260000000 mutated=False |
[TAP] t=1790591257058 phase=S mode=observe dir=enter orig=01000350000000 new=01000350000000 mutated=False |
[TAP] t=1790591257064 phase=S mode=observe dir=enter orig=01000350000000 new=01000350000000 mutated=False |
[TAP] t=1790591257072 phase=S mode=observe dir=enter orig=01000350000000 new=01000350000000 mutated=False |
[TAP] t=1790591257080 phase=S mode=observe dir=enter orig=01000230000000 new=01000230000000 mutated=False |
[TAP] t=1790591257087 phase=S mode=observe dir=enter orig=01000240000000 new=01000240000000 mutated=False |
[TAP] t=1790591257094 phase=S mode=observe dir=enter orig=01000340000000 new=01000340000000 mutated=False |
[TAP] t=1790591257103 phase=S mode=observe dir=enter orig=01000330000000 new=01000330000000 mutated=False |
[TAP] t=1790591257117 phase=S mode=observe dir=enter orig=01000240000000 new=01000240000000 mutated=False |
[TAP] t=1790591257125 phase=S mode=observe dir=enter orig=01000340000000 new=01000340000000 mutated=False |
[TAP] t=1790591257133 phase=S mode=observe dir=enter orig=01000340000000 new=01000340000000 mutated=False |
[TAP] t=1790591257140 phase=S mode=observe dir=enter orig=01000230000000 new=01000230000000 mutated=False |
[TAP] t=1790591257148 phase=S mode=observe dir=enter orig=01000330000000 new=01000330000000 mutated=False |
[TAP] t=1790591257155 phase=S mode=observe dir=enter orig=01000230000000 new=01000230000000 mutated=False |
[TAP] t=1790591257162 phase=S mode=observe dir=enter orig=01000220000000 new=01000220000000 mutated=False |
[TAP] t=1790591257170 phase=S mode=observe dir=enter orig=01000130000000 new=01000130000000 mutated=False |
[TAP] t=1790591257177 phase=S mode=observe dir=enter orig=01000120000000 new=01000120000000 mutated=False |
[TAP] t=1790591257185 phase=S mode=observe dir=enter orig=01000110000000 new=01000110000000 mutated=False |

>>> 阶段 B（16s，rewrite→RightAlt）：被测阶段 B：请按住 主页 ×2，每次按住约 0.5~1 秒再松开。 期望读到 VK_RMENU 且 injected=0，同时不再出现 VK_HOME。
[TAP] t=1790591257508 phase=B mode=rewrite dir=enter orig=01000120000000 new=01000120000000 mutated=False |
[TAP] t=1790591257509 phase=B mode=rewrite dir=enter orig=01000120000000 new=01000120000000 mutated=False |
[TAP] t=1790591257515 phase=B mode=rewrite dir=enter orig=01000020000000 new=01000020000000 mutated=False |
[TAP] t=1790591257522 phase=B mode=rewrite dir=enter orig=01000030000000 new=01000030000000 mutated=False |
[TAP] t=1790591257530 phase=B mode=rewrite dir=enter orig=01000130000000 new=01000130000000 mutated=False |
[TAP] t=1790591257537 phase=B mode=rewrite dir=enter orig=01000040000000 new=01000040000000 mutated=False |
[TAP] t=1790591257545 phase=B mode=rewrite dir=enter orig=01000040000000 new=01000040000000 mutated=False |
[TAP] t=1790591257553 phase=B mode=rewrite dir=enter orig=01000050000000 new=01000050000000 mutated=False |
[TAP] t=1790591257560 phase=B mode=rewrite dir=enter orig=01000150000000 new=01000150000000 mutated=False |
[TAP] t=1790591257567 phase=B mode=rewrite dir=enter orig=01000050000000 new=01000050000000 mutated=False |
[TAP] t=1790591257583 phase=B mode=rewrite dir=enter orig=01000160000000 new=01000160000000 mutated=False |
[TAP] t=1790591257589 phase=B mode=rewrite dir=enter orig=01000150000000 new=01000150000000 mutated=False |
[TAP] t=1790591257597 phase=B mode=rewrite dir=enter orig=01000160000000 new=01000160000000 mutated=False |
[TAP] t=1790591257605 phase=B mode=rewrite dir=enter orig=01000140000000 new=01000140000000 mutated=False |
[TAP] t=1790591257612 phase=B mode=rewrite dir=enter orig=01000130000000 new=01000130000000 mutated=False |
[TAP] t=1790591257620 phase=B mode=rewrite dir=enter orig=01000120000000 new=01000120000000 mutated=False |
[TAP] t=1790591257628 phase=B mode=rewrite dir=enter orig=01000110000000 new=01000110000000 mutated=False |
[TAP] t=1790591257635 phase=B mode=rewrite dir=enter orig=01000120000100 new=01000120000100 mutated=False |
[TAP] t=1790591257643 phase=B mode=rewrite dir=enter orig=01000120000000 new=01000120000000 mutated=False |
[TAP] t=1790591257650 phase=B mode=rewrite dir=enter orig=01000120000000 new=01000120000000 mutated=False |
[TAP] t=1790591257657 phase=B mode=rewrite dir=enter orig=01000230000000 new=01000230000000 mutated=False |
[TAP] t=1790591257665 phase=B mode=rewrite dir=enter orig=01000120000100 new=01000120000100 mutated=False |
  [心跳] phase=B mode=rewrite 命中=368 改写=0 成功=0 失败=0 复原=0
[TAP] t=1790591257672 phase=B mode=rewrite dir=enter orig=01000130000000 new=01000130000000 mutated=False |
[TAP] t=1790591257680 phase=B mode=rewrite dir=enter orig=01000220000000 new=01000220000000 mutated=False |
[TAP] t=1790591257688 phase=B mode=rewrite dir=enter orig=01000120000000 new=01000120000000 mutated=False |
[TAP] t=1790591257703 phase=B mode=rewrite dir=enter orig=01000000000100 new=01000000000100 mutated=False |
[TAP] t=1790591257710 phase=B mode=rewrite dir=enter orig=01000120000000 new=01000120000000 mutated=False |
[TAP] t=1790591257732 phase=B mode=rewrite dir=enter orig=01000120000100 new=01000120000100 mutated=False |
  [心跳] phase=B mode=rewrite 命中=374 改写=0 成功=0 失败=0 复原=0
  [心跳] phase=B mode=rewrite 命中=374 改写=0 成功=0 失败=0 复原=0
[TAP] t=1790591260567 phase=B mode=rewrite dir=enter orig=01000100000000 new=01000100000000 mutated=False |
[TAP] t=1790591260568 phase=B mode=rewrite dir=enter orig=01000100000000 new=01000100000000 mutated=False |
[TAP] t=1790591260568 phase=B mode=rewrite dir=enter orig=010000f0ff0000 new=010000f0ff0000 mutated=False |
[TAP] t=1790591260569 phase=B mode=rewrite dir=enter orig=010001e0ff0000 new=010001e0ff0000 mutated=False |
[TAP] t=1790591260570 phase=B mode=rewrite dir=enter orig=010002d0ff0000 new=010002d0ff0000 mutated=False |
[TAP] t=1790591260570 phase=B mode=rewrite dir=enter orig=010001f0ff0000 new=010001f0ff0000 mutated=False |
[TAP] t=1790591260571 phase=B mode=rewrite dir=enter orig=010002e0ff0000 new=010002e0ff0000 mutated=False |
[TAP] t=1790591260571 phase=B mode=rewrite dir=enter orig=010001e0ff0000 new=010001e0ff0000 mutated=False |
[TAP] t=1790591260572 phase=B mode=rewrite dir=enter orig=010001e0ff0000 new=010001e0ff0000 mutated=False |
[TAP] t=1790591260575 phase=B mode=rewrite dir=enter orig=010001e0ff0000 new=010001e0ff0000 mutated=False |
[TAP] t=1790591260583 phase=B mode=rewrite dir=enter orig=010000f0ff0000 new=010000f0ff0000 mutated=False |
[TAP] t=1790591260591 phase=B mode=rewrite dir=enter orig=010000e0ff0000 new=010000e0ff0000 mutated=False |
[TAP] t=1790591260597 phase=B mode=rewrite dir=enter orig=010001f0ff0000 new=010001f0ff0000 mutated=False |
[TAP] t=1790591260605 phase=B mode=rewrite dir=enter orig=010000e0ff0000 new=010000e0ff0000 mutated=False |
[TAP] t=1790591260612 phase=B mode=rewrite dir=enter orig=010000f0ff0000 new=010000f0ff0000 mutated=False |
[TAP] t=1790591260620 phase=B mode=rewrite dir=enter orig=010000e0ff0000 new=010000e0ff0000 mutated=False |
[TAP] t=1790591260627 phase=B mode=rewrite dir=enter orig=010000f0ff0000 new=010000f0ff0000 mutated=False |
[TAP] t=1790591260636 phase=B mode=rewrite dir=enter orig=010000e0ff0000 new=010000e0ff0000 mutated=False |
[TAP] t=1790591260650 phase=B mode=rewrite dir=enter orig=010001f0ff0000 new=010001f0ff0000 mutated=False |
[TAP] t=1790591260658 phase=B mode=rewrite dir=enter orig=010000f0ff0000 new=010000f0ff0000 mutated=False |
[TAP] t=1790591260672 phase=B mode=rewrite dir=enter orig=010000f0ff0000 new=010000f0ff0000 mutated=False |
  [心跳] phase=B mode=rewrite 命中=395 改写=0 成功=0 失败=0 复原=0
[TAP] t=1790591260717 phase=B mode=rewrite dir=enter orig=010000f0ff0000 new=010000f0ff0000 mutated=False |
[TAP] t=1790591260822 phase=B mode=rewrite dir=enter orig=010000f0ff0000 new=010000f0ff0000 mutated=False |
[TAP] t=1790591260846 phase=B mode=rewrite dir=enter orig=010000f0ff0000 new=010000f0ff0000 mutated=False |
[TAP] t=1790591260867 phase=B mode=rewrite dir=enter orig=010000f0ff0000 new=010000f0ff0000 mutated=False |
[TAP] t=1790591260960 phase=B mode=rewrite dir=enter orig=01000100000000 new=01000100000000 mutated=False |
[TAP] t=1790591260965 phase=B mode=rewrite dir=enter orig=01000100000000 new=01000100000000 mutated=False |
[TAP] t=1790591260973 phase=B mode=rewrite dir=enter orig=01000200000000 new=01000200000000 mutated=False |
[TAP] t=1790591260980 phase=B mode=rewrite dir=enter orig=01000100000000 new=01000100000000 mutated=False |
[TAP] t=1790591260987 phase=B mode=rewrite dir=enter orig=01000110000000 new=01000110000000 mutated=False |
[TAP] t=1790591260995 phase=B mode=rewrite dir=enter orig=01000110000000 new=01000110000000 mutated=False |
[TAP] t=1790591261003 phase=B mode=rewrite dir=enter orig=01000110000000 new=01000110000000 mutated=False |
[TAP] t=1790591261010 phase=B mode=rewrite dir=enter orig=01000220000000 new=01000220000000 mutated=False |
[TAP] t=1790591261018 phase=B mode=rewrite dir=enter orig=01000120000000 new=01000120000000 mutated=False |
[TAP] t=1790591261025 phase=B mode=rewrite dir=enter orig=01000320000000 new=01000320000000 mutated=False |
[TAP] t=1790591261033 phase=B mode=rewrite dir=enter orig=01000230000000 new=01000230000000 mutated=False |
[TAP] t=1790591261041 phase=B mode=rewrite dir=enter orig=01000320000000 new=01000320000000 mutated=False |
[TAP] t=1790591261047 phase=B mode=rewrite dir=enter orig=01000220000000 new=01000220000000 mutated=False |
[TAP] t=1790591261055 phase=B mode=rewrite dir=enter orig=01000220000000 new=01000220000000 mutated=False |
[TAP] t=1790591261138 phase=B mode=rewrite dir=enter orig=01000200000000 new=01000200000000 mutated=False |
[TAP] t=1790591261175 phase=B mode=rewrite dir=enter orig=01000100000000 new=01000100000000 mutated=False |
[TAP] t=1790591261198 phase=B mode=rewrite dir=enter orig=01000100000000 new=01000100000000 mutated=False |
[TAP] t=1790591261258 phase=B mode=rewrite dir=enter orig=010000f0ff0000 new=010000f0ff0000 mutated=False |
[TAP] t=1790591261490 phase=B mode=rewrite dir=enter orig=010001f0ff0000 new=010001f0ff0000 mutated=False |
  [心跳] phase=B mode=rewrite 命中=418 改写=0 成功=0 失败=0 复原=0
  [心跳] phase=B mode=rewrite 命中=418 改写=0 成功=0 失败=0 复原=0
[TAP] t=1790591262750 phase=B mode=rewrite dir=enter orig=010000f0ff0000 new=010000f0ff0000 mutated=False |
[TAP] t=1790591262764 phase=B mode=rewrite dir=enter orig=010000f0ff0000 new=010000f0ff0000 mutated=False |
[TAP] t=1790591262772 phase=B mode=rewrite dir=enter orig=0100ff0f000000 new=0100ff0f000000 mutated=False |
[TAP] t=1790591262779 phase=B mode=rewrite dir=enter orig=0100feffff0000 new=0100feffff0000 mutated=False |
[TAP] t=1790591262788 phase=B mode=rewrite dir=enter orig=0100fd0f000000 new=0100fd0f000000 mutated=False |
[TAP] t=1790591262795 phase=B mode=rewrite dir=enter orig=0100fd0f000000 new=0100fd0f000000 mutated=False |
[TAP] t=1790591262802 phase=B mode=rewrite dir=enter orig=0100fc0f000000 new=0100fc0f000000 mutated=False |
[TAP] t=1790591262810 phase=B mode=rewrite dir=enter orig=0100fc0f000000 new=0100fc0f000000 mutated=False |
[TAP] t=1790591262817 phase=B mode=rewrite dir=enter orig=0100fc0f000000 new=0100fc0f000000 mutated=False |
[TAP] t=1790591262824 phase=B mode=rewrite dir=enter orig=0100fb0f000000 new=0100fb0f000000 mutated=False |
[TAP] t=1790591262833 phase=B mode=rewrite dir=enter orig=0100fb0f000000 new=0100fb0f000000 mutated=False |
[TAP] t=1790591262840 phase=B mode=rewrite dir=enter orig=0100fb0f000000 new=0100fb0f000000 mutated=False |
[TAP] t=1790591262848 phase=B mode=rewrite dir=enter orig=0100fb0f000000 new=0100fb0f000000 mutated=False |
[TAP] t=1790591262855 phase=B mode=rewrite dir=enter orig=0100faffff0000 new=0100faffff0000 mutated=False |
[TAP] t=1790591262877 phase=B mode=rewrite dir=enter orig=0100fb0f000000 new=0100fb0f000000 mutated=False |
[TAP] t=1790591262885 phase=B mode=rewrite dir=enter orig=0100f80f000000 new=0100f80f000000 mutated=False |
[TAP] t=1790591262892 phase=B mode=rewrite dir=enter orig=0100f90f000000 new=0100f90f000000 mutated=False |
[TAP] t=1790591262900 phase=B mode=rewrite dir=enter orig=0100f70f000000 new=0100f70f000000 mutated=False |
[TAP] t=1790591262914 phase=B mode=rewrite dir=enter orig=0100f80f000000 new=0100f80f000000 mutated=False |
[TAP] t=1790591262922 phase=B mode=rewrite dir=enter orig=0100f90f000000 new=0100f90f000000 mutated=False |
[TAP] t=1790591262929 phase=B mode=rewrite dir=enter orig=0100f90f000000 new=0100f90f000000 mutated=False |
[TAP] t=1790591262937 phase=B mode=rewrite dir=enter orig=0100f91f000000 new=0100f91f000000 mutated=False |
[TAP] t=1790591262945 phase=B mode=rewrite dir=enter orig=0100fa0f000000 new=0100fa0f000000 mutated=False |
[TAP] t=1790591262953 phase=B mode=rewrite dir=enter orig=0100fa0f000000 new=0100fa0f000000 mutated=False |
[TAP] t=1790591262960 phase=B mode=rewrite dir=enter orig=0100fb1f000000 new=0100fb1f000000 mutated=False |
[TAP] t=1790591262967 phase=B mode=rewrite dir=enter orig=0100fc0f000000 new=0100fc0f000000 mutated=False |
[TAP] t=1790591262975 phase=B mode=rewrite dir=enter orig=0100fd0f000000 new=0100fd0f000000 mutated=False |
[TAP] t=1790591262991 phase=B mode=rewrite dir=enter orig=0100fe0f000000 new=0100fe0f000000 mutated=False |
[TAP] t=1790591262998 phase=B mode=rewrite dir=enter orig=0100fe1f000000 new=0100fe1f000000 mutated=False |
[TAP] t=1790591263005 phase=B mode=rewrite dir=enter orig=0100ff0f000000 new=0100ff0f000000 mutated=False |
[TAP] t=1790591263013 phase=B mode=rewrite dir=enter orig=0100ff0f000000 new=0100ff0f000000 mutated=False |
[TAP] t=1790591263043 phase=B mode=rewrite dir=enter orig=0100fe0f000000 new=0100fe0f000000 mutated=False |
[TAP] t=1790591263050 phase=B mode=rewrite dir=enter orig=0100ff0f000000 new=0100ff0f000000 mutated=False |
[TAP] t=1790591263073 phase=B mode=rewrite dir=enter orig=0100ff1f000000 new=0100ff1f000000 mutated=False |
  [心跳] phase=B mode=rewrite 命中=452 改写=0 成功=0 失败=0 复原=0
  [心跳] phase=B mode=rewrite 命中=452 改写=0 成功=0 失败=0 复原=0
[TAP] t=1790591265659 phase=B mode=rewrite dir=enter orig=0100ff0f000000 new=0100ff0f000000 mutated=False |
[TAP] t=1790591265660 phase=B mode=rewrite dir=enter orig=01000010000000 new=01000010000000 mutated=False |
[TAP] t=1790591265660 phase=B mode=rewrite dir=enter orig=01000010000000 new=01000010000000 mutated=False |
[TAP] t=1790591265667 phase=B mode=rewrite dir=enter orig=01000010000000 new=01000010000000 mutated=False |
[TAP] t=1790591265697 phase=B mode=rewrite dir=enter orig=01000010000000 new=01000010000000 mutated=False |
[TAP] t=1790591265705 phase=B mode=rewrite dir=enter orig=01000010000000 new=01000010000000 mutated=False |
[TAP] t=1790591265720 phase=B mode=rewrite dir=enter orig=01000010000000 new=01000010000000 mutated=False |
[TAP] t=1790591265727 phase=B mode=rewrite dir=enter orig=01000010000000 new=01000010000000 mutated=False |
  [心跳] phase=B mode=rewrite 命中=460 改写=0 成功=0 失败=0 复原=0
[TAP] t=1790591265735 phase=B mode=rewrite dir=enter orig=01000010000000 new=01000010000000 mutated=False |
[TAP] t=1790591265742 phase=B mode=rewrite dir=enter orig=01000020000000 new=01000020000000 mutated=False |
[TAP] t=1790591265750 phase=B mode=rewrite dir=enter orig=01000010000000 new=01000010000000 mutated=False |
[TAP] t=1790591265757 phase=B mode=rewrite dir=enter orig=01000030000000 new=01000030000000 mutated=False |
[TAP] t=1790591265766 phase=B mode=rewrite dir=enter orig=01000030000000 new=01000030000000 mutated=False |
[TAP] t=1790591265772 phase=B mode=rewrite dir=enter orig=01000150000000 new=01000150000000 mutated=False |
[TAP] t=1790591265787 phase=B mode=rewrite dir=enter orig=01000140000000 new=01000140000000 mutated=False |
[TAP] t=1790591265802 phase=B mode=rewrite dir=enter orig=01000230000000 new=01000230000000 mutated=False |
[TAP] t=1790591265810 phase=B mode=rewrite dir=enter orig=01000250000000 new=01000250000000 mutated=False |
[TAP] t=1790591265825 phase=B mode=rewrite dir=enter orig=01000450000000 new=01000450000000 mutated=False |
[TAP] t=1790591265833 phase=B mode=rewrite dir=enter orig=01000570000000 new=01000570000000 mutated=False |
[TAP] t=1790591265841 phase=B mode=rewrite dir=enter orig=01000660000000 new=01000660000000 mutated=False |
[TAP] t=1790591265848 phase=B mode=rewrite dir=enter orig=01000760000000 new=01000760000000 mutated=False |
[TAP] t=1790591265855 phase=B mode=rewrite dir=enter orig=01000740000000 new=01000740000000 mutated=False |
[TAP] t=1790591265862 phase=B mode=rewrite dir=enter orig=01000640000000 new=01000640000000 mutated=False |
[TAP] t=1790591265870 phase=B mode=rewrite dir=enter orig=01000520000000 new=01000520000000 mutated=False |
[TAP] t=1790591265877 phase=B mode=rewrite dir=enter orig=01000420000000 new=01000420000000 mutated=False |
[TAP] t=1790591265885 phase=B mode=rewrite dir=enter orig=01000520000000 new=01000520000000 mutated=False |
[TAP] t=1790591265892 phase=B mode=rewrite dir=enter orig=01000310000000 new=01000310000000 mutated=False |
[TAP] t=1790591265900 phase=B mode=rewrite dir=enter orig=01000300000000 new=01000300000000 mutated=False |
[TAP] t=1790591265907 phase=B mode=rewrite dir=enter orig=01000310000000 new=01000310000000 mutated=False |
[TAP] t=1790591265915 phase=B mode=rewrite dir=enter orig=01000300000000 new=01000300000000 mutated=False |
[TAP] t=1790591265923 phase=B mode=rewrite dir=enter orig=01000300000000 new=01000300000000 mutated=False |
[TAP] t=1790591265930 phase=B mode=rewrite dir=enter orig=01000210000000 new=01000210000000 mutated=False |
[TAP] t=1790591265945 phase=B mode=rewrite dir=enter orig=01000200000000 new=01000200000000 mutated=False |
[TAP] t=1790591265953 phase=B mode=rewrite dir=enter orig=01000100000000 new=01000100000000 mutated=False |
[TAP] t=1790591265968 phase=B mode=rewrite dir=enter orig=01000100000000 new=01000100000000 mutated=False |
[TAP] t=1790591265983 phase=B mode=rewrite dir=enter orig=01000100000000 new=01000100000000 mutated=False |
[TAP] t=1790591265991 phase=B mode=rewrite dir=enter orig=01000100000000 new=01000100000000 mutated=False |
[TAP] t=1790591266005 phase=B mode=rewrite dir=enter orig=01000100000000 new=01000100000000 mutated=False |
[TAP] t=1790591266020 phase=B mode=rewrite dir=enter orig=01000100000000 new=01000100000000 mutated=False |
[TAP] t=1790591266035 phase=B mode=rewrite dir=enter orig=01000100000000 new=01000100000000 mutated=False |
[TAP] t=1790591266058 phase=B mode=rewrite dir=enter orig=01000100000000 new=01000100000000 mutated=False |
[TAP] t=1790591266073 phase=B mode=rewrite dir=enter orig=01000100000000 new=01000100000000 mutated=False |
[TAP] t=1790591266080 phase=B mode=rewrite dir=enter orig=01000200000000 new=01000200000000 mutated=False |
[TAP] t=1790591266088 phase=B mode=rewrite dir=enter orig=01000210000000 new=01000210000000 mutated=False |
[TAP] t=1790591266095 phase=B mode=rewrite dir=enter orig=01000210000000 new=01000210000000 mutated=False |
[TAP] t=1790591266102 phase=B mode=rewrite dir=enter orig=01000300000000 new=01000300000000 mutated=False |
[TAP] t=1790591266110 phase=B mode=rewrite dir=enter orig=01000210000000 new=01000210000000 mutated=False |
[TAP] t=1790591266118 phase=B mode=rewrite dir=enter orig=01000310000000 new=01000310000000 mutated=False |
[TAP] t=1790591266125 phase=B mode=rewrite dir=enter orig=01000210000000 new=01000210000000 mutated=False |
[TAP] t=1790591266133 phase=B mode=rewrite dir=enter orig=01000310000000 new=01000310000000 mutated=False |
[TAP] t=1790591266148 phase=B mode=rewrite dir=enter orig=01000210000000 new=01000210000000 mutated=False |
[TAP] t=1790591266163 phase=B mode=rewrite dir=enter orig=01000100000000 new=01000100000000 mutated=False |
[TAP] t=1790591266171 phase=B mode=rewrite dir=enter orig=01000210000000 new=01000210000000 mutated=False |
[TAP] t=1790591266275 phase=B mode=rewrite dir=enter orig=01000100000000 new=01000100000000 mutated=False |
[TAP] t=1790591266297 phase=B mode=rewrite dir=enter orig=01000100000000 new=01000100000000 mutated=False |
[TAP] t=1790591266328 phase=B mode=rewrite dir=enter orig=01000110000000 new=01000110000000 mutated=False |
[TAP] t=1790591266335 phase=B mode=rewrite dir=enter orig=01000010000000 new=01000010000000 mutated=False |
[TAP] t=1790591266342 phase=B mode=rewrite dir=enter orig=01000120000000 new=01000120000000 mutated=False |
[TAP] t=1790591266350 phase=B mode=rewrite dir=enter orig=01000010000000 new=01000010000000 mutated=False |
[TAP] t=1790591266358 phase=B mode=rewrite dir=enter orig=01000020000000 new=01000020000000 mutated=False |
[TAP] t=1790591266365 phase=B mode=rewrite dir=enter orig=01000020000000 new=01000020000000 mutated=False |
[TAP] t=1790591266373 phase=B mode=rewrite dir=enter orig=01000020000000 new=01000020000000 mutated=False |
[TAP] t=1790591266380 phase=B mode=rewrite dir=enter orig=01000020000000 new=01000020000000 mutated=False |
[TAP] t=1790591266388 phase=B mode=rewrite dir=enter orig=01000020000000 new=01000020000000 mutated=False |
[TAP] t=1790591266403 phase=B mode=rewrite dir=enter orig=01000010000000 new=01000010000000 mutated=False |
[TAP] t=1790591266425 phase=B mode=rewrite dir=enter orig=01000010000000 new=01000010000000 mutated=False |
[TAP] t=1790591266463 phase=B mode=rewrite dir=enter orig=01000010000000 new=01000010000000 mutated=False |
[TAP] t=1790591266493 phase=B mode=rewrite dir=enter orig=01000010000000 new=01000010000000 mutated=False |
[TAP] t=1790591266523 phase=B mode=rewrite dir=enter orig=01000010000000 new=01000010000000 mutated=False |
[TAP] t=1790591266538 phase=B mode=rewrite dir=enter orig=01000010000000 new=01000010000000 mutated=False |
[TAP] t=1790591266561 phase=B mode=rewrite dir=enter orig=01000010000000 new=01000010000000 mutated=False |
[TAP] t=1790591266575 phase=B mode=rewrite dir=enter orig=01000010000000 new=01000010000000 mutated=False |
[TAP] t=1790591266605 phase=B mode=rewrite dir=enter orig=0100ff1f000000 new=0100ff1f000000 mutated=False |
[TAP] t=1790591266620 phase=B mode=rewrite dir=enter orig=01000010000000 new=01000010000000 mutated=False |
[TAP] t=1790591266635 phase=B mode=rewrite dir=enter orig=01000010000000 new=01000010000000 mutated=False |
[TAP] t=1790591266649 phase=B mode=rewrite dir=enter orig=01000010000000 new=01000010000000 mutated=False |
[TAP] t=1790591266657 phase=B mode=rewrite dir=enter orig=0100ff1f000000 new=0100ff1f000000 mutated=False |
  [心跳] phase=B mode=rewrite 命中=529 改写=0 成功=0 失败=0 复原=0
[TAP] t=1790591266980 phase=B mode=rewrite dir=enter orig=01010000000000 new=01010000000000 mutated=False |
[TAP] t=1790591267010 phase=B mode=rewrite dir=enter orig=01010020000000 new=01010020000000 mutated=False |
[TAP] t=1790591267025 phase=B mode=rewrite dir=enter orig=01010010000000 new=01010010000000 mutated=False |
[TAP] t=1790591267032 phase=B mode=rewrite dir=enter orig=0101ff1f000000 new=0101ff1f000000 mutated=False |
[TAP] t=1790591267048 phase=B mode=rewrite dir=enter orig=01010020000000 new=01010020000000 mutated=False |
[TAP] t=1790591267056 phase=B mode=rewrite dir=enter orig=01010010000000 new=01010010000000 mutated=False |
[TAP] t=1790591267063 phase=B mode=rewrite dir=enter orig=01010020000000 new=01010020000000 mutated=False |
[TAP] t=1790591267070 phase=B mode=rewrite dir=enter orig=01010010000000 new=01010010000000 mutated=False |
[TAP] t=1790591267078 phase=B mode=rewrite dir=enter orig=01010020000000 new=01010020000000 mutated=False |
[TAP] t=1790591267086 phase=B mode=rewrite dir=enter orig=01010020000000 new=01010020000000 mutated=False |
[TAP] t=1790591267093 phase=B mode=rewrite dir=enter orig=01010020000000 new=01010020000000 mutated=False |
[TAP] t=1790591267100 phase=B mode=rewrite dir=enter orig=0101ff2f000000 new=0101ff2f000000 mutated=False |
[TAP] t=1790591267108 phase=B mode=rewrite dir=enter orig=0101ff3f000000 new=0101ff3f000000 mutated=False |
[TAP] t=1790591267115 phase=B mode=rewrite dir=enter orig=01010030000000 new=01010030000000 mutated=False |
[TAP] t=1790591267122 phase=B mode=rewrite dir=enter orig=0101ff5f000000 new=0101ff5f000000 mutated=False |
[TAP] t=1790591267130 phase=B mode=rewrite dir=enter orig=01010040000000 new=01010040000000 mutated=False |
[TAP] t=1790591267137 phase=B mode=rewrite dir=enter orig=0101ff5f000000 new=0101ff5f000000 mutated=False |
[TAP] t=1790591267145 phase=B mode=rewrite dir=enter orig=0101ff5f000000 new=0101ff5f000000 mutated=False |
[TAP] t=1790591267153 phase=B mode=rewrite dir=enter orig=0101ff5f000000 new=0101ff5f000000 mutated=False |
[TAP] t=1790591267167 phase=B mode=rewrite dir=enter orig=0101ff8f000000 new=0101ff8f000000 mutated=False |
[TAP] t=1790591267176 phase=B mode=rewrite dir=enter orig=0101ff7f000000 new=0101ff7f000000 mutated=False |
[TAP] t=1790591267183 phase=B mode=rewrite dir=enter orig=0101fe8f000000 new=0101fe8f000000 mutated=False |
[TAP] t=1790591267191 phase=B mode=rewrite dir=enter orig=0101ff9f000000 new=0101ff9f000000 mutated=False |
[TAP] t=1790591267198 phase=B mode=rewrite dir=enter orig=0101ff8f000000 new=0101ff8f000000 mutated=False |
[TAP] t=1790591267205 phase=B mode=rewrite dir=enter orig=0101fe8f000000 new=0101fe8f000000 mutated=False |
[TAP] t=1790591267212 phase=B mode=rewrite dir=enter orig=01010090000000 new=01010090000000 mutated=False |
[TAP] t=1790591267220 phase=B mode=rewrite dir=enter orig=0101ffaf000000 new=0101ffaf000000 mutated=False |
[TAP] t=1790591267228 phase=B mode=rewrite dir=enter orig=0101ffaf000000 new=0101ffaf000000 mutated=False |
[TAP] t=1790591267235 phase=B mode=rewrite dir=enter orig=010100b0000000 new=010100b0000000 mutated=False |
[TAP] t=1790591267243 phase=B mode=rewrite dir=enter orig=0101ffbf000000 new=0101ffbf000000 mutated=False |
[TAP] t=1790591267251 phase=B mode=rewrite dir=enter orig=0101ffbf000000 new=0101ffbf000000 mutated=False |
[TAP] t=1790591267258 phase=B mode=rewrite dir=enter orig=010100b0000000 new=010100b0000000 mutated=False |
[TAP] t=1790591267265 phase=B mode=rewrite dir=enter orig=010100b0000000 new=010100b0000000 mutated=False |
[TAP] t=1790591267273 phase=B mode=rewrite dir=enter orig=0101ffbf000000 new=0101ffbf000000 mutated=False |
[TAP] t=1790591267288 phase=B mode=rewrite dir=enter orig=010100c0000000 new=010100c0000000 mutated=False |
[TAP] t=1790591267296 phase=B mode=rewrite dir=enter orig=010100c0000000 new=010100c0000000 mutated=False |
[TAP] t=1790591267303 phase=B mode=rewrite dir=enter orig=010100c0000000 new=010100c0000000 mutated=False |
[TAP] t=1790591267310 phase=B mode=rewrite dir=enter orig=010100c0000000 new=010100c0000000 mutated=False |
[TAP] t=1790591267318 phase=B mode=rewrite dir=enter orig=010100a0000000 new=010100a0000000 mutated=False |
[TAP] t=1790591267325 phase=B mode=rewrite dir=enter orig=010100b0000000 new=010100b0000000 mutated=False |
[TAP] t=1790591267333 phase=B mode=rewrite dir=enter orig=010101a0000000 new=010101a0000000 mutated=False |
[TAP] t=1790591267340 phase=B mode=rewrite dir=enter orig=010100a0000000 new=010100a0000000 mutated=False |
[TAP] t=1790591267348 phase=B mode=rewrite dir=enter orig=01010190000000 new=01010190000000 mutated=False |
[TAP] t=1790591267355 phase=B mode=rewrite dir=enter orig=010100a0000000 new=010100a0000000 mutated=False |
[TAP] t=1790591267371 phase=B mode=rewrite dir=enter orig=01010090000000 new=01010090000000 mutated=False |
[TAP] t=1790591267378 phase=B mode=rewrite dir=enter orig=01010190000000 new=01010190000000 mutated=False |
[TAP] t=1790591267385 phase=B mode=rewrite dir=enter orig=01010090000000 new=01010090000000 mutated=False |
[TAP] t=1790591267392 phase=B mode=rewrite dir=enter orig=010100a0000000 new=010100a0000000 mutated=False |
[TAP] t=1790591267400 phase=B mode=rewrite dir=enter orig=01010080000000 new=01010080000000 mutated=False |
[TAP] t=1790591267408 phase=B mode=rewrite dir=enter orig=010100a0000000 new=010100a0000000 mutated=False |
[TAP] t=1790591267415 phase=B mode=rewrite dir=enter orig=0101ff9f000000 new=0101ff9f000000 mutated=False |
[TAP] t=1790591267423 phase=B mode=rewrite dir=enter orig=01010080000000 new=01010080000000 mutated=False |
[TAP] t=1790591267430 phase=B mode=rewrite dir=enter orig=0101ff9f000000 new=0101ff9f000000 mutated=False |
[TAP] t=1790591267437 phase=B mode=rewrite dir=enter orig=01010060000000 new=01010060000000 mutated=False |
[TAP] t=1790591267445 phase=B mode=rewrite dir=enter orig=01010060000000 new=01010060000000 mutated=False |
[TAP] t=1790591267452 phase=B mode=rewrite dir=enter orig=0101ff7f000000 new=0101ff7f000000 mutated=False |
[TAP] t=1790591267460 phase=B mode=rewrite dir=enter orig=0101ff7f000000 new=0101ff7f000000 mutated=False |
[TAP] t=1790591267468 phase=B mode=rewrite dir=enter orig=01010080000000 new=01010080000000 mutated=False |
[TAP] t=1790591267475 phase=B mode=rewrite dir=enter orig=0101ff7f000000 new=0101ff7f000000 mutated=False |
[TAP] t=1790591267483 phase=B mode=rewrite dir=enter orig=01010060000000 new=01010060000000 mutated=False |
[TAP] t=1790591267490 phase=B mode=rewrite dir=enter orig=0101ff6f000000 new=0101ff6f000000 mutated=False |
[TAP] t=1790591267498 phase=B mode=rewrite dir=enter orig=0101ff5f000000 new=0101ff5f000000 mutated=False |
[TAP] t=1790591267505 phase=B mode=rewrite dir=enter orig=0101ff5f000000 new=0101ff5f000000 mutated=False |
[TAP] t=1790591267512 phase=B mode=rewrite dir=enter orig=0101ff5f000000 new=0101ff5f000000 mutated=False |
[TAP] t=1790591267528 phase=B mode=rewrite dir=enter orig=01010050000000 new=01010050000000 mutated=False |
[TAP] t=1790591267535 phase=B mode=rewrite dir=enter orig=01010040000000 new=01010040000000 mutated=False |
[TAP] t=1790591267543 phase=B mode=rewrite dir=enter orig=0101ff5f000000 new=0101ff5f000000 mutated=False |
[TAP] t=1790591267550 phase=B mode=rewrite dir=enter orig=01010050000000 new=01010050000000 mutated=False |
[TAP] t=1790591267557 phase=B mode=rewrite dir=enter orig=01010040000000 new=01010040000000 mutated=False |
[TAP] t=1790591267565 phase=B mode=rewrite dir=enter orig=01010040000000 new=01010040000000 mutated=False |
[TAP] t=1790591267573 phase=B mode=rewrite dir=enter orig=01010030000000 new=01010030000000 mutated=False |
[TAP] t=1790591267580 phase=B mode=rewrite dir=enter orig=01010030000000 new=01010030000000 mutated=False |
[TAP] t=1790591267588 phase=B mode=rewrite dir=enter orig=0101ff2f000000 new=0101ff2f000000 mutated=False |
[TAP] t=1790591267595 phase=B mode=rewrite dir=enter orig=01010020000000 new=01010020000000 mutated=False |
[TAP] t=1790591267737 phase=B mode=rewrite dir=enter orig=01000000000000 new=01000000000000 mutated=False |
  [心跳] phase=B mode=rewrite 命中=604 改写=0 成功=0 失败=0 复原=0
[TAP] t=1790591267745 phase=B mode=rewrite dir=enter orig=0100ff0f000000 new=0100ff0f000000 mutated=False |
[TAP] t=1790591267753 phase=B mode=rewrite dir=enter orig=0100ffdfff0000 new=0100ffdfff0000 mutated=False |
[TAP] t=1790591267760 phase=B mode=rewrite dir=enter orig=0100fedfff0000 new=0100fedfff0000 mutated=False |
[TAP] t=1790591267775 phase=B mode=rewrite dir=enter orig=0100fecfff0000 new=0100fecfff0000 mutated=False |
[TAP] t=1790591267783 phase=B mode=rewrite dir=enter orig=0100fdcfff0000 new=0100fdcfff0000 mutated=False |
[TAP] t=1790591267790 phase=B mode=rewrite dir=enter orig=0100fedfff0000 new=0100fedfff0000 mutated=False |
[TAP] t=1790591267798 phase=B mode=rewrite dir=enter orig=0100ffefff0000 new=0100ffefff0000 mutated=False |
[TAP] t=1790591267805 phase=B mode=rewrite dir=enter orig=0100fedfff0000 new=0100fedfff0000 mutated=False |
[TAP] t=1790591267812 phase=B mode=rewrite dir=enter orig=0100ffefff0000 new=0100ffefff0000 mutated=False |
[TAP] t=1790591267820 phase=B mode=rewrite dir=enter orig=010000e0ff0000 new=010000e0ff0000 mutated=False |
[TAP] t=1790591267828 phase=B mode=rewrite dir=enter orig=0100ffefff0000 new=0100ffefff0000 mutated=False |
[TAP] t=1790591267835 phase=B mode=rewrite dir=enter orig=010000d0ff0000 new=010000d0ff0000 mutated=False |
[TAP] t=1790591267843 phase=B mode=rewrite dir=enter orig=0100ffdfff0000 new=0100ffdfff0000 mutated=False |
[TAP] t=1790591267850 phase=B mode=rewrite dir=enter orig=010000d0ff0000 new=010000d0ff0000 mutated=False |
[TAP] t=1790591267858 phase=B mode=rewrite dir=enter orig=010000d0ff0000 new=010000d0ff0000 mutated=False |
[TAP] t=1790591267866 phase=B mode=rewrite dir=enter orig=010000c0ff0000 new=010000c0ff0000 mutated=False |
[TAP] t=1790591267873 phase=B mode=rewrite dir=enter orig=010000c0ff0000 new=010000c0ff0000 mutated=False |
[TAP] t=1790591267880 phase=B mode=rewrite dir=enter orig=010001b0ff0000 new=010001b0ff0000 mutated=False |
[TAP] t=1790591267895 phase=B mode=rewrite dir=enter orig=0100ffafff0000 new=0100ffafff0000 mutated=False |
[TAP] t=1790591267903 phase=B mode=rewrite dir=enter orig=0100ffafff0000 new=0100ffafff0000 mutated=False |
[TAP] t=1790591267910 phase=B mode=rewrite dir=enter orig=0100fe9fff0000 new=0100fe9fff0000 mutated=False |
[TAP] t=1790591267918 phase=B mode=rewrite dir=enter orig=0100fdafff0000 new=0100fdafff0000 mutated=False |
[TAP] t=1790591267925 phase=B mode=rewrite dir=enter orig=0100ffbfff0000 new=0100ffbfff0000 mutated=False |
[TAP] t=1790591267933 phase=B mode=rewrite dir=enter orig=0100febfff0000 new=0100febfff0000 mutated=False |
[TAP] t=1790591267940 phase=B mode=rewrite dir=enter orig=0100febfff0000 new=0100febfff0000 mutated=False |
[TAP] t=1790591267948 phase=B mode=rewrite dir=enter orig=0100ffbfff0000 new=0100ffbfff0000 mutated=False |
[TAP] t=1790591267955 phase=B mode=rewrite dir=enter orig=0100feafff0000 new=0100feafff0000 mutated=False |
[TAP] t=1790591267963 phase=B mode=rewrite dir=enter orig=0100ffafff0000 new=0100ffafff0000 mutated=False |
[TAP] t=1790591267970 phase=B mode=rewrite dir=enter orig=0100ffbfff0000 new=0100ffbfff0000 mutated=False |
[TAP] t=1790591267978 phase=B mode=rewrite dir=enter orig=010000a0ff0000 new=010000a0ff0000 mutated=False |
[TAP] t=1790591267985 phase=B mode=rewrite dir=enter orig=0100ffbfff0000 new=0100ffbfff0000 mutated=False |
[TAP] t=1790591267993 phase=B mode=rewrite dir=enter orig=010000b0ff0000 new=010000b0ff0000 mutated=False |
[TAP] t=1790591268000 phase=B mode=rewrite dir=enter orig=0100ffbfff0000 new=0100ffbfff0000 mutated=False |
[TAP] t=1790591268014 phase=B mode=rewrite dir=enter orig=010000c0ff0000 new=010000c0ff0000 mutated=False |
[TAP] t=1790591268023 phase=B mode=rewrite dir=enter orig=010000c0ff0000 new=010000c0ff0000 mutated=False |
[TAP] t=1790591268030 phase=B mode=rewrite dir=enter orig=0100ffdfff0000 new=0100ffdfff0000 mutated=False |
[TAP] t=1790591268038 phase=B mode=rewrite dir=enter orig=0100ffdfff0000 new=0100ffdfff0000 mutated=False |
[TAP] t=1790591268045 phase=B mode=rewrite dir=enter orig=010000e0ff0000 new=010000e0ff0000 mutated=False |
[TAP] t=1790591268053 phase=B mode=rewrite dir=enter orig=0100ffefff0000 new=0100ffefff0000 mutated=False |
[TAP] t=1790591268060 phase=B mode=rewrite dir=enter orig=0100ffffff0000 new=0100ffffff0000 mutated=False |
[TAP] t=1790591268068 phase=B mode=rewrite dir=enter orig=010000e0ff0000 new=010000e0ff0000 mutated=False |
[TAP] t=1790591268075 phase=B mode=rewrite dir=enter orig=0100ffffff0000 new=0100ffffff0000 mutated=False |
[TAP] t=1790591268083 phase=B mode=rewrite dir=enter orig=010000f0ff0000 new=010000f0ff0000 mutated=False |
[TAP] t=1790591268097 phase=B mode=rewrite dir=enter orig=010000f0ff0000 new=010000f0ff0000 mutated=False |
[TAP] t=1790591268120 phase=B mode=rewrite dir=enter orig=0100ffefff0000 new=0100ffefff0000 mutated=False |
[TAP] t=1790591268150 phase=B mode=rewrite dir=enter orig=010000f0ff0000 new=010000f0ff0000 mutated=False |
[TAP] t=1790591268293 phase=B mode=rewrite dir=enter orig=0100ffffff0000 new=0100ffffff0000 mutated=False |
  [心跳] phase=B mode=rewrite 命中=651 改写=0 成功=0 失败=0 复原=0
  [心跳] phase=B mode=rewrite 命中=651 改写=0 成功=0 失败=0 复原=0
  [心跳] phase=B mode=rewrite 命中=651 改写=0 成功=0 失败=0 复原=0
[TAP] t=1790591270955 phase=B mode=rewrite dir=enter orig=010000f0ff0000 new=010000f0ff0000 mutated=False |
[TAP] t=1790591270955 phase=B mode=rewrite dir=enter orig=0100ffefff0000 new=0100ffefff0000 mutated=False |
[TAP] t=1790591270956 phase=B mode=rewrite dir=enter orig=010000e0ff0000 new=010000e0ff0000 mutated=False |
[TAP] t=1790591270956 phase=B mode=rewrite dir=enter orig=0100ffdfff0000 new=0100ffdfff0000 mutated=False |
[TAP] t=1790591270956 phase=B mode=rewrite dir=enter orig=010000b0ff0000 new=010000b0ff0000 mutated=False |
[TAP] t=1790591270956 phase=B mode=rewrite dir=enter orig=0100ffbfff0000 new=0100ffbfff0000 mutated=False |
[TAP] t=1790591270957 phase=B mode=rewrite dir=enter orig=0100ffafff0000 new=0100ffafff0000 mutated=False |
[TAP] t=1790591270957 phase=B mode=rewrite dir=enter orig=0100ffafff0000 new=0100ffafff0000 mutated=False |
[TAP] t=1790591270957 phase=B mode=rewrite dir=enter orig=0100ffbfff0000 new=0100ffbfff0000 mutated=False |
[TAP] t=1790591270963 phase=B mode=rewrite dir=enter orig=0100ffbfff0000 new=0100ffbfff0000 mutated=False |
[TAP] t=1790591270970 phase=B mode=rewrite dir=enter orig=0100ffbfff0000 new=0100ffbfff0000 mutated=False |
[TAP] t=1790591270977 phase=B mode=rewrite dir=enter orig=0100ffcfff0000 new=0100ffcfff0000 mutated=False |
[TAP] t=1790591270985 phase=B mode=rewrite dir=enter orig=0100ffcfff0000 new=0100ffcfff0000 mutated=False |
[TAP] t=1790591270993 phase=B mode=rewrite dir=enter orig=0100ffcfff0000 new=0100ffcfff0000 mutated=False |
[TAP] t=1790591271000 phase=B mode=rewrite dir=enter orig=0100ffdfff0000 new=0100ffdfff0000 mutated=False |
[TAP] t=1790591271008 phase=B mode=rewrite dir=enter orig=0100ffdfff0000 new=0100ffdfff0000 mutated=False |
[TAP] t=1790591271015 phase=B mode=rewrite dir=enter orig=0100ffefff0000 new=0100ffefff0000 mutated=False |
[TAP] t=1790591271024 phase=B mode=rewrite dir=enter orig=0100ffefff0000 new=0100ffefff0000 mutated=False |
[TAP] t=1790591271030 phase=B mode=rewrite dir=enter orig=0100ffdfff0000 new=0100ffdfff0000 mutated=False |
[TAP] t=1790591271038 phase=B mode=rewrite dir=enter orig=0100ffefff0000 new=0100ffefff0000 mutated=False |
[TAP] t=1790591271045 phase=B mode=rewrite dir=enter orig=0100ffefff0000 new=0100ffefff0000 mutated=False |
[TAP] t=1790591271053 phase=B mode=rewrite dir=enter orig=010000f0ff0000 new=010000f0ff0000 mutated=False |
[TAP] t=1790591271060 phase=B mode=rewrite dir=enter orig=0100ffffff0000 new=0100ffffff0000 mutated=False |
[TAP] t=1790591271090 phase=B mode=rewrite dir=enter orig=010000f0ff0000 new=010000f0ff0000 mutated=False |
[TAP] t=1790591271120 phase=B mode=rewrite dir=enter orig=0100ffffff0000 new=0100ffffff0000 mutated=False |
  [心跳] phase=B mode=rewrite 命中=676 改写=0 成功=0 失败=0 复原=0
  [心跳] phase=B mode=rewrite 命中=676 改写=0 成功=0 失败=0 复原=0

>>> 阶段 C（12s，observe）：恢复对照 C：请再按 主页 ×2。期望 VK_HOME 重新出现（无残留）。
[TAP] t=1790591273447 phase=C mode=observe dir=enter orig=010000f0ff0000 new=010000f0ff0000 mutated=False |
[TAP] t=1790591273447 phase=C mode=observe dir=enter orig=010000f0ff0000 new=010000f0ff0000 mutated=False |
[TAP] t=1790591273448 phase=C mode=observe dir=enter orig=010000f0ff0000 new=010000f0ff0000 mutated=False |
[TAP] t=1790591273448 phase=C mode=observe dir=enter orig=010001f0ff0000 new=010001f0ff0000 mutated=False |
[TAP] t=1790591273448 phase=C mode=observe dir=enter orig=010001e0ff0000 new=010001e0ff0000 mutated=False |
[TAP] t=1790591273449 phase=C mode=observe dir=enter orig=010002f0ff0000 new=010002f0ff0000 mutated=False |
[TAP] t=1790591273449 phase=C mode=observe dir=enter orig=010001f0ff0000 new=010001f0ff0000 mutated=False |
[TAP] t=1790591273453 phase=C mode=observe dir=enter orig=010002f0ff0000 new=010002f0ff0000 mutated=False |
[TAP] t=1790591273461 phase=C mode=observe dir=enter orig=010001f0ff0000 new=010001f0ff0000 mutated=False |
[TAP] t=1790591273468 phase=C mode=observe dir=enter orig=010001f0ff0000 new=010001f0ff0000 mutated=False |
[TAP] t=1790591273483 phase=C mode=observe dir=enter orig=010002e0ff0000 new=010002e0ff0000 mutated=False |
[TAP] t=1790591273490 phase=C mode=observe dir=enter orig=010002e0ff0000 new=010002e0ff0000 mutated=False |
[TAP] t=1790591273498 phase=C mode=observe dir=enter orig=010002e0ff0000 new=010002e0ff0000 mutated=False |
[TAP] t=1790591273505 phase=C mode=observe dir=enter orig=010002d0ff0000 new=010002d0ff0000 mutated=False |
[TAP] t=1790591273513 phase=C mode=observe dir=enter orig=010002e0ff0000 new=010002e0ff0000 mutated=False |
[TAP] t=1790591273521 phase=C mode=observe dir=enter orig=010001f0ff0000 new=010001f0ff0000 mutated=False |
[TAP] t=1790591273527 phase=C mode=observe dir=enter orig=010002e0ff0000 new=010002e0ff0000 mutated=False |
[TAP] t=1790591273535 phase=C mode=observe dir=enter orig=010002e0ff0000 new=010002e0ff0000 mutated=False |
[TAP] t=1790591273543 phase=C mode=observe dir=enter orig=010002e0ff0000 new=010002e0ff0000 mutated=False |
[TAP] t=1790591273550 phase=C mode=observe dir=enter orig=010002e0ff0000 new=010002e0ff0000 mutated=False |
[TAP] t=1790591273558 phase=C mode=observe dir=enter orig=010002e0ff0000 new=010002e0ff0000 mutated=False |
[TAP] t=1790591273565 phase=C mode=observe dir=enter orig=010002e0ff0000 new=010002e0ff0000 mutated=False |
[TAP] t=1790591273573 phase=C mode=observe dir=enter orig=010001e0ff0000 new=010001e0ff0000 mutated=False |
[TAP] t=1790591273580 phase=C mode=observe dir=enter orig=010002f0ff0000 new=010002f0ff0000 mutated=False |
[TAP] t=1790591273588 phase=C mode=observe dir=enter orig=010001f0ff0000 new=010001f0ff0000 mutated=False |
[TAP] t=1790591273603 phase=C mode=observe dir=enter orig=010002f0ff0000 new=010002f0ff0000 mutated=False |
[TAP] t=1790591273610 phase=C mode=observe dir=enter orig=010001e0ff0000 new=010001e0ff0000 mutated=False |
[TAP] t=1790591273618 phase=C mode=observe dir=enter orig=010002f0ff0000 new=010002f0ff0000 mutated=False |
[TAP] t=1790591273626 phase=C mode=observe dir=enter orig=010002e0ff0000 new=010002e0ff0000 mutated=False |
[TAP] t=1790591273633 phase=C mode=observe dir=enter orig=010002e0ff0000 new=010002e0ff0000 mutated=False |
[TAP] t=1790591273640 phase=C mode=observe dir=enter orig=010002e0ff0000 new=010002e0ff0000 mutated=False |
[TAP] t=1790591273648 phase=C mode=observe dir=enter orig=010003f0ff0000 new=010003f0ff0000 mutated=False |
[TAP] t=1790591273655 phase=C mode=observe dir=enter orig=010003e0ff0000 new=010003e0ff0000 mutated=False |
[TAP] t=1790591273663 phase=C mode=observe dir=enter orig=010003e0ff0000 new=010003e0ff0000 mutated=False |
[TAP] t=1790591273671 phase=C mode=observe dir=enter orig=010004e0ff0000 new=010004e0ff0000 mutated=False |
[TAP] t=1790591273678 phase=C mode=observe dir=enter orig=010003e0ff0000 new=010003e0ff0000 mutated=False |
[TAP] t=1790591273687 phase=C mode=observe dir=enter orig=010004e0ff0000 new=010004e0ff0000 mutated=False |
[TAP] t=1790591273693 phase=C mode=observe dir=enter orig=010003e0ff0000 new=010003e0ff0000 mutated=False |
[TAP] t=1790591273700 phase=C mode=observe dir=enter orig=010004f0ff0000 new=010004f0ff0000 mutated=False |
[TAP] t=1790591273709 phase=C mode=observe dir=enter orig=010003e0ff0000 new=010003e0ff0000 mutated=False |
[TAP] t=1790591273723 phase=C mode=observe dir=enter orig=010004e0ff0000 new=010004e0ff0000 mutated=False |
[TAP] t=1790591273730 phase=C mode=observe dir=enter orig=010003e0ff0000 new=010003e0ff0000 mutated=False |
[TAP] t=1790591273738 phase=C mode=observe dir=enter orig=010003e0ff0000 new=010003e0ff0000 mutated=False |
[TAP] t=1790591273752 phase=C mode=observe dir=enter orig=010002f0ff0000 new=010002f0ff0000 mutated=False |
  [心跳] phase=C mode=observe 命中=720 改写=0 成功=0 失败=0 复原=0
  [心跳] phase=C mode=observe 命中=720 改写=0 成功=0 失败=0 复原=0
[TAP] t=1790591275245 phase=C mode=observe dir=enter orig=010001f0ff0000 new=010001f0ff0000 mutated=False |
[TAP] t=1790591275253 phase=C mode=observe dir=enter orig=010000f0ff0000 new=010000f0ff0000 mutated=False |
[TAP] t=1790591275260 phase=C mode=observe dir=enter orig=0100fddfff0000 new=0100fddfff0000 mutated=False |
[TAP] t=1790591275268 phase=C mode=observe dir=enter orig=0100fbbfff0000 new=0100fbbfff0000 mutated=False |
[TAP] t=1790591275275 phase=C mode=observe dir=enter orig=0100f8afff0000 new=0100f8afff0000 mutated=False |
[TAP] t=1790591275290 phase=C mode=observe dir=enter orig=0100f67fff0000 new=0100f67fff0000 mutated=False |
[TAP] t=1790591275298 phase=C mode=observe dir=enter orig=0100f57fff0000 new=0100f57fff0000 mutated=False |
[TAP] t=1790591275306 phase=C mode=observe dir=enter orig=0100f56fff0000 new=0100f56fff0000 mutated=False |
[TAP] t=1790591275312 phase=C mode=observe dir=enter orig=0100f45fff0000 new=0100f45fff0000 mutated=False |
[TAP] t=1790591275320 phase=C mode=observe dir=enter orig=0100f77fff0000 new=0100f77fff0000 mutated=False |
[TAP] t=1790591275328 phase=C mode=observe dir=enter orig=0100f86fff0000 new=0100f86fff0000 mutated=False |
[TAP] t=1790591275335 phase=C mode=observe dir=enter orig=0100f96fff0000 new=0100f96fff0000 mutated=False |
[TAP] t=1790591275343 phase=C mode=observe dir=enter orig=0100fa6fff0000 new=0100fa6fff0000 mutated=False |
[TAP] t=1790591275350 phase=C mode=observe dir=enter orig=0100f95fff0000 new=0100f95fff0000 mutated=False |
[TAP] t=1790591275358 phase=C mode=observe dir=enter orig=0100f86fff0000 new=0100f86fff0000 mutated=False |
[TAP] t=1790591275365 phase=C mode=observe dir=enter orig=0100f86fff0000 new=0100f86fff0000 mutated=False |
[TAP] t=1790591275373 phase=C mode=observe dir=enter orig=0100f77fff0000 new=0100f77fff0000 mutated=False |
[TAP] t=1790591275380 phase=C mode=observe dir=enter orig=0100f87fff0000 new=0100f87fff0000 mutated=False |
[TAP] t=1790591275388 phase=C mode=observe dir=enter orig=0100f77fff0000 new=0100f77fff0000 mutated=False |
[TAP] t=1790591275395 phase=C mode=observe dir=enter orig=0100f97fff0000 new=0100f97fff0000 mutated=False |
[TAP] t=1790591275410 phase=C mode=observe dir=enter orig=0100f85fff0000 new=0100f85fff0000 mutated=False |
[TAP] t=1790591275418 phase=C mode=observe dir=enter orig=0100f86fff0000 new=0100f86fff0000 mutated=False |
[TAP] t=1790591275426 phase=C mode=observe dir=enter orig=0100fa6fff0000 new=0100fa6fff0000 mutated=False |
[TAP] t=1790591275433 phase=C mode=observe dir=enter orig=0100fa7fff0000 new=0100fa7fff0000 mutated=False |
[TAP] t=1790591275440 phase=C mode=observe dir=enter orig=0100fc9fff0000 new=0100fc9fff0000 mutated=False |
[TAP] t=1790591275448 phase=C mode=observe dir=enter orig=0100fdafff0000 new=0100fdafff0000 mutated=False |
[TAP] t=1790591275456 phase=C mode=observe dir=enter orig=0100feafff0000 new=0100feafff0000 mutated=False |
[TAP] t=1790591275463 phase=C mode=observe dir=enter orig=0100febfff0000 new=0100febfff0000 mutated=False |
[TAP] t=1790591275470 phase=C mode=observe dir=enter orig=0100febfff0000 new=0100febfff0000 mutated=False |
[TAP] t=1790591275478 phase=C mode=observe dir=enter orig=0100ffcfff0000 new=0100ffcfff0000 mutated=False |
[TAP] t=1790591275485 phase=C mode=observe dir=enter orig=010000c0ff0000 new=010000c0ff0000 mutated=False |
[TAP] t=1790591275493 phase=C mode=observe dir=enter orig=0100ffdfff0000 new=0100ffdfff0000 mutated=False |
[TAP] t=1790591275508 phase=C mode=observe dir=enter orig=010000d0ff0000 new=010000d0ff0000 mutated=False |
[TAP] t=1790591275530 phase=C mode=observe dir=enter orig=010000e0ff0000 new=010000e0ff0000 mutated=False |
  [心跳] phase=C mode=observe 命中=754 改写=0 成功=0 失败=0 复原=0
[TAP] t=1790591275871 phase=C mode=observe dir=enter orig=0100004a0000000000 new=0100004a0000000000 mutated=False |
[TAP] t=1790591275991 phase=C mode=observe dir=enter orig=010000000000000000 new=010000000000000000 mutated=False |
[TAP] t=1790591276140 phase=C mode=observe dir=enter orig=0100004a0000000000 new=0100004a0000000000 mutated=False |
[TAP] t=1790591276245 phase=C mode=observe dir=enter orig=010000000000000000 new=010000000000000000 mutated=False |
[TAP] t=1790591276655 phase=C mode=observe dir=enter orig=0100ffffff0000 new=0100ffffff0000 mutated=False |
[TAP] t=1790591276678 phase=C mode=observe dir=enter orig=01000020000000 new=01000020000000 mutated=False |
[TAP] t=1790591276685 phase=C mode=observe dir=enter orig=01000020000000 new=01000020000000 mutated=False |
[TAP] t=1790591276693 phase=C mode=observe dir=enter orig=01000120000000 new=01000120000000 mutated=False |
[TAP] t=1790591276700 phase=C mode=observe dir=enter orig=01000230000000 new=01000230000000 mutated=False |
[TAP] t=1790591276707 phase=C mode=observe dir=enter orig=01000240000000 new=01000240000000 mutated=False |
[TAP] t=1790591276716 phase=C mode=observe dir=enter orig=01000150000000 new=01000150000000 mutated=False |
[TAP] t=1790591276723 phase=C mode=observe dir=enter orig=01000260000000 new=01000260000000 mutated=False |
[TAP] t=1790591276738 phase=C mode=observe dir=enter orig=01000290000000 new=01000290000000 mutated=False |
[TAP] t=1790591276745 phase=C mode=observe dir=enter orig=01000390000000 new=01000390000000 mutated=False |
[TAP] t=1790591276753 phase=C mode=observe dir=enter orig=010005a0000000 new=010005a0000000 mutated=False |
[TAP] t=1790591276760 phase=C mode=observe dir=enter orig=010005a0000000 new=010005a0000000 mutated=False |
[TAP] t=1790591276768 phase=C mode=observe dir=enter orig=010005b0000000 new=010005b0000000 mutated=False |
[TAP] t=1790591276776 phase=C mode=observe dir=enter orig=010005a0000000 new=010005a0000000 mutated=False |
[TAP] t=1790591276783 phase=C mode=observe dir=enter orig=010005a0000000 new=010005a0000000 mutated=False |
[TAP] t=1790591276790 phase=C mode=observe dir=enter orig=010005a0000000 new=010005a0000000 mutated=False |
  [心跳] phase=C mode=observe 命中=774 改写=0 成功=0 失败=0 复原=0
[TAP] t=1790591276797 phase=C mode=observe dir=enter orig=01000480000000 new=01000480000000 mutated=False |
[TAP] t=1790591276805 phase=C mode=observe dir=enter orig=010005a0000000 new=010005a0000000 mutated=False |
[TAP] t=1790591276813 phase=C mode=observe dir=enter orig=01000590000000 new=01000590000000 mutated=False |
[TAP] t=1790591276821 phase=C mode=observe dir=enter orig=010005a0000000 new=010005a0000000 mutated=False |
[TAP] t=1790591276828 phase=C mode=observe dir=enter orig=01000690000000 new=01000690000000 mutated=False |
[TAP] t=1790591276836 phase=C mode=observe dir=enter orig=010006a0000000 new=010006a0000000 mutated=False |
[TAP] t=1790591276843 phase=C mode=observe dir=enter orig=01000590000000 new=01000590000000 mutated=False |
[TAP] t=1790591276858 phase=C mode=observe dir=enter orig=010006b0000000 new=010006b0000000 mutated=False |
[TAP] t=1790591276865 phase=C mode=observe dir=enter orig=01000690000000 new=01000690000000 mutated=False |
[TAP] t=1790591276873 phase=C mode=observe dir=enter orig=01000570000000 new=01000570000000 mutated=False |
[TAP] t=1790591276880 phase=C mode=observe dir=enter orig=01000570000000 new=01000570000000 mutated=False |
[TAP] t=1790591276888 phase=C mode=observe dir=enter orig=01000330000000 new=01000330000000 mutated=False |
[TAP] t=1790591276895 phase=C mode=observe dir=enter orig=01000330000000 new=01000330000000 mutated=False |
[TAP] t=1790591276903 phase=C mode=observe dir=enter orig=01000220000000 new=01000220000000 mutated=False |
[TAP] t=1790591276910 phase=C mode=observe dir=enter orig=01000220000000 new=01000220000000 mutated=False |
  [心跳] phase=C mode=observe 命中=789 改写=0 成功=0 失败=0 复原=0
  [心跳] phase=C mode=observe 命中=789 改写=0 成功=0 失败=0 复原=0
  [心跳] phase=C mode=observe 命中=789 改写=0 成功=0 失败=0 复原=0
  [心跳] phase=C mode=observe 命中=789 改写=0 成功=0 失败=0 复原=0
  [心跳] phase=C mode=observe 命中=789 改写=0 成功=0 失败=0 复原=0
[TAP] t=1790591281978 phase=C mode=observe dir=enter orig=010001c0ff0000 new=010001c0ff0000 mutated=False |
[TAP] t=1790591281979 phase=C mode=observe dir=enter orig=010002a0ff0000 new=010002a0ff0000 mutated=False |
[TAP] t=1790591281979 phase=C mode=observe dir=enter orig=01000490ff0000 new=01000490ff0000 mutated=False |
[TAP] t=1790591281980 phase=C mode=observe dir=enter orig=01000580ff0000 new=01000580ff0000 mutated=False |
[TAP] t=1790591281980 phase=C mode=observe dir=enter orig=010007c0ff0000 new=010007c0ff0000 mutated=False |
[TAP] t=1790591281980 phase=C mode=observe dir=enter orig=010008c0ff0000 new=010008c0ff0000 mutated=False |
[TAP] t=1790591281980 phase=C mode=observe dir=enter orig=010009c0ff0000 new=010009c0ff0000 mutated=False |
[TAP] t=1790591281981 phase=C mode=observe dir=enter orig=01000aa0ff0000 new=01000aa0ff0000 mutated=False |
[TAP] t=1790591281981 phase=C mode=observe dir=enter orig=01000cb0ff0000 new=01000cb0ff0000 mutated=False |
[TAP] t=1790591281988 phase=C mode=observe dir=enter orig=01000da0ff0000 new=01000da0ff0000 mutated=False |
[TAP] t=1790591281996 phase=C mode=observe dir=enter orig=01000f80ff0000 new=01000f80ff0000 mutated=False |
[TAP] t=1790591282003 phase=C mode=observe dir=enter orig=01001180ff0000 new=01001180ff0000 mutated=False |
[TAP] t=1790591282011 phase=C mode=observe dir=enter orig=01001260ff0000 new=01001260ff0000 mutated=False |
[TAP] t=1790591282018 phase=C mode=observe dir=enter orig=01001370ff0000 new=01001370ff0000 mutated=False |
[TAP] t=1790591282026 phase=C mode=observe dir=enter orig=01001560ff0000 new=01001560ff0000 mutated=False |
[TAP] t=1790591282033 phase=C mode=observe dir=enter orig=01001570ff0000 new=01001570ff0000 mutated=False |
[TAP] t=1790591282040 phase=C mode=observe dir=enter orig=01001580ff0000 new=01001580ff0000 mutated=False |
[TAP] t=1790591282048 phase=C mode=observe dir=enter orig=01001970ff0000 new=01001970ff0000 mutated=False |
[TAP] t=1790591282056 phase=C mode=observe dir=enter orig=01001780ff0000 new=01001780ff0000 mutated=False |
[TAP] t=1790591282063 phase=C mode=observe dir=enter orig=01001690ff0000 new=01001690ff0000 mutated=False |
[TAP] t=1790591282071 phase=C mode=observe dir=enter orig=010014a0ff0000 new=010014a0ff0000 mutated=False |
[TAP] t=1790591282078 phase=C mode=observe dir=enter orig=01000cc0ff0000 new=01000cc0ff0000 mutated=False |
[TAP] t=1790591282086 phase=C mode=observe dir=enter orig=01000bd0ff0000 new=01000bd0ff0000 mutated=False |
[TAP] t=1790591282094 phase=C mode=observe dir=enter orig=010009d0ff0000 new=010009d0ff0000 mutated=False |
[TAP] t=1790591282100 phase=C mode=observe dir=enter orig=010009e0ff0000 new=010009e0ff0000 mutated=False |
[TAP] t=1790591282108 phase=C mode=observe dir=enter orig=010006f0ff0000 new=010006f0ff0000 mutated=False |
[TAP] t=1790591282116 phase=C mode=observe dir=enter orig=010006f0ff0000 new=010006f0ff0000 mutated=False |
[TAP] t=1790591282123 phase=C mode=observe dir=enter orig=010005f0ff0000 new=010005f0ff0000 mutated=False |
[TAP] t=1790591282131 phase=C mode=observe dir=enter orig=010004f0ff0000 new=010004f0ff0000 mutated=False |
[TAP] t=1790591282138 phase=C mode=observe dir=enter orig=010003f0ff0000 new=010003f0ff0000 mutated=False |
[TAP] t=1790591282146 phase=C mode=observe dir=enter orig=010003f0ff0000 new=010003f0ff0000 mutated=False |
[TAP] t=1790591282153 phase=C mode=observe dir=enter orig=010003f0ff0000 new=010003f0ff0000 mutated=False |
[TAP] t=1790591282161 phase=C mode=observe dir=enter orig=010004f0ff0000 new=010004f0ff0000 mutated=False |
[TAP] t=1790591282168 phase=C mode=observe dir=enter orig=010004e0ff0000 new=010004e0ff0000 mutated=False |
[TAP] t=1790591282176 phase=C mode=observe dir=enter orig=010005e0ff0000 new=010005e0ff0000 mutated=False |
[TAP] t=1790591282183 phase=C mode=observe dir=enter orig=010005d0ff0000 new=010005d0ff0000 mutated=False |
[TAP] t=1790591282191 phase=C mode=observe dir=enter orig=010005e0ff0000 new=010005e0ff0000 mutated=False |
[TAP] t=1790591282198 phase=C mode=observe dir=enter orig=010005d0ff0000 new=010005d0ff0000 mutated=False |
[TAP] t=1790591282206 phase=C mode=observe dir=enter orig=010006d0ff0000 new=010006d0ff0000 mutated=False |
[TAP] t=1790591282213 phase=C mode=observe dir=enter orig=010007d0ff0000 new=010007d0ff0000 mutated=False |
[TAP] t=1790591282221 phase=C mode=observe dir=enter orig=010008d0ff0000 new=010008d0ff0000 mutated=False |
[TAP] t=1790591282228 phase=C mode=observe dir=enter orig=010009d0ff0000 new=010009d0ff0000 mutated=False |
[TAP] t=1790591282236 phase=C mode=observe dir=enter orig=010009c0ff0000 new=010009c0ff0000 mutated=False |
[TAP] t=1790591282243 phase=C mode=observe dir=enter orig=01000ad0ff0000 new=01000ad0ff0000 mutated=False |
[TAP] t=1790591282251 phase=C mode=observe dir=enter orig=01000ac0ff0000 new=01000ac0ff0000 mutated=False |
[TAP] t=1790591282258 phase=C mode=observe dir=enter orig=010009c0ff0000 new=010009c0ff0000 mutated=False |
[TAP] t=1790591282266 phase=C mode=observe dir=enter orig=01000ac0ff0000 new=01000ac0ff0000 mutated=False |
[TAP] t=1790591282280 phase=C mode=observe dir=enter orig=01000db0ff0000 new=01000db0ff0000 mutated=False |
[TAP] t=1790591282288 phase=C mode=observe dir=enter orig=01000cb0ff0000 new=01000cb0ff0000 mutated=False |
[TAP] t=1790591282295 phase=C mode=observe dir=enter orig=01000cb0ff0000 new=01000cb0ff0000 mutated=False |
[TAP] t=1790591282303 phase=C mode=observe dir=enter orig=01000bb0ff0000 new=01000bb0ff0000 mutated=False |
[TAP] t=1790591282311 phase=C mode=observe dir=enter orig=010009d0ff0000 new=010009d0ff0000 mutated=False |
[TAP] t=1790591282318 phase=C mode=observe dir=enter orig=010009d0ff0000 new=010009d0ff0000 mutated=False |
[TAP] t=1790591282325 phase=C mode=observe dir=enter orig=010008d0ff0000 new=010008d0ff0000 mutated=False |
[TAP] t=1790591282333 phase=C mode=observe dir=enter orig=010008e0ff0000 new=010008e0ff0000 mutated=False |
[TAP] t=1790591282341 phase=C mode=observe dir=enter orig=010007e0ff0000 new=010007e0ff0000 mutated=False |
[TAP] t=1790591282348 phase=C mode=observe dir=enter orig=010006e0ff0000 new=010006e0ff0000 mutated=False |
[TAP] t=1790591282356 phase=C mode=observe dir=enter orig=010006e0ff0000 new=010006e0ff0000 mutated=False |
[TAP] t=1790591282363 phase=C mode=observe dir=enter orig=010004f0ff0000 new=010004f0ff0000 mutated=False |
[TAP] t=1790591282371 phase=C mode=observe dir=enter orig=010003f0ff0000 new=010003f0ff0000 mutated=False |
[TAP] t=1790591282558 phase=C mode=observe dir=enter orig=01000100000000 new=01000100000000 mutated=False |
[TAP] t=1790591282573 phase=C mode=observe dir=enter orig=0100fe1f000000 new=0100fe1f000000 mutated=False |
[TAP] t=1790591282580 phase=C mode=observe dir=enter orig=0100fc2f000000 new=0100fc2f000000 mutated=False |
[TAP] t=1790591282588 phase=C mode=observe dir=enter orig=0100f93f000000 new=0100f93f000000 mutated=False |
[TAP] t=1790591282596 phase=C mode=observe dir=enter orig=0100f75f000000 new=0100f75f000000 mutated=False |
[TAP] t=1790591282603 phase=C mode=observe dir=enter orig=0100f64f000000 new=0100f64f000000 mutated=False |
[TAP] t=1790591282611 phase=C mode=observe dir=enter orig=0100f36f000000 new=0100f36f000000 mutated=False |
[TAP] t=1790591282618 phase=C mode=observe dir=enter orig=0100f26f000000 new=0100f26f000000 mutated=False |
[TAP] t=1790591282626 phase=C mode=observe dir=enter orig=0100f05f000000 new=0100f05f000000 mutated=False |
[TAP] t=1790591282633 phase=C mode=observe dir=enter orig=0100f05f000000 new=0100f05f000000 mutated=False |
[TAP] t=1790591282640 phase=C mode=observe dir=enter orig=0100f05f000000 new=0100f05f000000 mutated=False |
[TAP] t=1790591282648 phase=C mode=observe dir=enter orig=0100f03f000000 new=0100f03f000000 mutated=False |
[TAP] t=1790591282656 phase=C mode=observe dir=enter orig=0100f03f000000 new=0100f03f000000 mutated=False |
[TAP] t=1790591282663 phase=C mode=observe dir=enter orig=0100f02f000000 new=0100f02f000000 mutated=False |
[TAP] t=1790591282671 phase=C mode=observe dir=enter orig=0100f23f000000 new=0100f23f000000 mutated=False |
[TAP] t=1790591282686 phase=C mode=observe dir=enter orig=0100ef3f000000 new=0100ef3f000000 mutated=False |
[TAP] t=1790591282700 phase=C mode=observe dir=enter orig=0100f33f000000 new=0100f33f000000 mutated=False |
[TAP] t=1790591282708 phase=C mode=observe dir=enter orig=0100f63f000000 new=0100f63f000000 mutated=False |
[TAP] t=1790591282723 phase=C mode=observe dir=enter orig=0100f73f000000 new=0100f73f000000 mutated=False |
[TAP] t=1790591282731 phase=C mode=observe dir=enter orig=0100f85f000000 new=0100f85f000000 mutated=False |
[TAP] t=1790591282738 phase=C mode=observe dir=enter orig=0100f64f000000 new=0100f64f000000 mutated=False |
[TAP] t=1790591282746 phase=C mode=observe dir=enter orig=0100f26f000000 new=0100f26f000000 mutated=False |
[TAP] t=1790591282754 phase=C mode=observe dir=enter orig=0100f35f000000 new=0100f35f000000 mutated=False |
[TAP] t=1790591282760 phase=C mode=observe dir=enter orig=0100f44f000000 new=0100f44f000000 mutated=False |
[TAP] t=1790591282768 phase=C mode=observe dir=enter orig=0100f44f000000 new=0100f44f000000 mutated=False |
[TAP] t=1790591282776 phase=C mode=observe dir=enter orig=0100f64f000000 new=0100f64f000000 mutated=False |
[TAP] t=1790591282783 phase=C mode=observe dir=enter orig=0100f63f000000 new=0100f63f000000 mutated=False |
[TAP] t=1790591282791 phase=C mode=observe dir=enter orig=0100f54f000000 new=0100f54f000000 mutated=False |
[TAP] t=1790591282806 phase=C mode=observe dir=enter orig=0100f35f000000 new=0100f35f000000 mutated=False |
[TAP] t=1790591282813 phase=C mode=observe dir=enter orig=0100f45f000000 new=0100f45f000000 mutated=False |
[TAP] t=1790591282821 phase=C mode=observe dir=enter orig=0100f34f000000 new=0100f34f000000 mutated=False |
[TAP] t=1790591282828 phase=C mode=observe dir=enter orig=0100f44f000000 new=0100f44f000000 mutated=False |
  [心跳] phase=C mode=observe 命中=881 改写=0 成功=0 失败=0 复原=0
[TAP] t=1790591282836 phase=C mode=observe dir=enter orig=0100f73f000000 new=0100f73f000000 mutated=False |
[TAP] t=1790591282843 phase=C mode=observe dir=enter orig=0100f73f000000 new=0100f73f000000 mutated=False |
[TAP] t=1790591282851 phase=C mode=observe dir=enter orig=0100f74f000000 new=0100f74f000000 mutated=False |
[TAP] t=1790591282858 phase=C mode=observe dir=enter orig=0100f83f000000 new=0100f83f000000 mutated=False |
[TAP] t=1790591282866 phase=C mode=observe dir=enter orig=0100f94f000000 new=0100f94f000000 mutated=False |
[TAP] t=1790591282873 phase=C mode=observe dir=enter orig=0100f93f000000 new=0100f93f000000 mutated=False |
[TAP] t=1790591282881 phase=C mode=observe dir=enter orig=0100fa4f000000 new=0100fa4f000000 mutated=False |
[TAP] t=1790591282889 phase=C mode=observe dir=enter orig=0100fa3f000000 new=0100fa3f000000 mutated=False |
[TAP] t=1790591282896 phase=C mode=observe dir=enter orig=0100fb3f000000 new=0100fb3f000000 mutated=False |
[TAP] t=1790591282903 phase=C mode=observe dir=enter orig=0100fb3f000000 new=0100fb3f000000 mutated=False |
[TAP] t=1790591282911 phase=C mode=observe dir=enter orig=0100fb3f000000 new=0100fb3f000000 mutated=False |
[TAP] t=1790591282926 phase=C mode=observe dir=enter orig=0100fb3f000000 new=0100fb3f000000 mutated=False |
[TAP] t=1790591282933 phase=C mode=observe dir=enter orig=0100fb4f000000 new=0100fb4f000000 mutated=False |
[TAP] t=1790591282941 phase=C mode=observe dir=enter orig=0100fc3f000000 new=0100fc3f000000 mutated=False |
[TAP] t=1790591282947 phase=C mode=observe dir=enter orig=0100fb4f000000 new=0100fb4f000000 mutated=False |
[TAP] t=1790591282956 phase=C mode=observe dir=enter orig=0100fc4f000000 new=0100fc4f000000 mutated=False |
[TAP] t=1790591282963 phase=C mode=observe dir=enter orig=0100fc3f000000 new=0100fc3f000000 mutated=False |
[TAP] t=1790591282971 phase=C mode=observe dir=enter orig=0100fc3f000000 new=0100fc3f000000 mutated=False |
[TAP] t=1790591282978 phase=C mode=observe dir=enter orig=0100fc3f000000 new=0100fc3f000000 mutated=False |
[TAP] t=1790591282986 phase=C mode=observe dir=enter orig=0100fd2f000000 new=0100fd2f000000 mutated=False |
[TAP] t=1790591282993 phase=C mode=observe dir=enter orig=0100fc3f000000 new=0100fc3f000000 mutated=False |
[TAP] t=1790591283001 phase=C mode=observe dir=enter orig=0100fc3f000000 new=0100fc3f000000 mutated=False |
[TAP] t=1790591283008 phase=C mode=observe dir=enter orig=0100fd4f000000 new=0100fd4f000000 mutated=False |
[TAP] t=1790591283016 phase=C mode=observe dir=enter orig=0100fc4f000000 new=0100fc4f000000 mutated=False |
[TAP] t=1790591283024 phase=C mode=observe dir=enter orig=0100fb5f000000 new=0100fb5f000000 mutated=False |
[TAP] t=1790591283031 phase=C mode=observe dir=enter orig=0100fb4f000000 new=0100fb4f000000 mutated=False |
[TAP] t=1790591283045 phase=C mode=observe dir=enter orig=0100fa6f000000 new=0100fa6f000000 mutated=False |
[TAP] t=1790591283053 phase=C mode=observe dir=enter orig=0100f96f000000 new=0100f96f000000 mutated=False |
[TAP] t=1790591283061 phase=C mode=observe dir=enter orig=0100fa6f000000 new=0100fa6f000000 mutated=False |
[TAP] t=1790591283068 phase=C mode=observe dir=enter orig=0100fb6f000000 new=0100fb6f000000 mutated=False |
[TAP] t=1790591283076 phase=C mode=observe dir=enter orig=0100fc4f000000 new=0100fc4f000000 mutated=False |
[TAP] t=1790591283083 phase=C mode=observe dir=enter orig=0100fd5f000000 new=0100fd5f000000 mutated=False |
[TAP] t=1790591283091 phase=C mode=observe dir=enter orig=0100fc5f000000 new=0100fc5f000000 mutated=False |
[TAP] t=1790591283098 phase=C mode=observe dir=enter orig=0100fd4f000000 new=0100fd4f000000 mutated=False |
[TAP] t=1790591283105 phase=C mode=observe dir=enter orig=0100fe4f000000 new=0100fe4f000000 mutated=False |
[TAP] t=1790591283113 phase=C mode=observe dir=enter orig=0100fd4f000000 new=0100fd4f000000 mutated=False |
[TAP] t=1790591283120 phase=C mode=observe dir=enter orig=0100ff3f000000 new=0100ff3f000000 mutated=False |
[TAP] t=1790591283136 phase=C mode=observe dir=enter orig=0100ff2f000000 new=0100ff2f000000 mutated=False |
[TAP] t=1790591283143 phase=C mode=observe dir=enter orig=0100ff2f000000 new=0100ff2f000000 mutated=False |
  [心跳] phase=C mode=observe 命中=920 改写=0 成功=0 失败=0 复原=0
  [心跳] phase=C mode=observe 命中=920 改写=0 成功=0 失败=0 复原=0

>>> 阶段 post（3s，observe）：收尾：请停手。
  [心跳] phase=post mode=observe 命中=920 改写=0 成功=0 失败=0 复原=0
  [心跳] phase=post mode=observe 命中=920 改写=0 成功=0 失败=0 复原=0
  [心跳] phase=post mode=observe 命中=920 改写=0 成功=0 失败=0 复原=0
  [注意] 阶段 post 命中 0 次——该阶段数据不可用（采集缺失）。

--- 等待自动解除武装 ---
  [心跳] phase=after mode=observe 命中=920 改写=0 成功=0 失败=0 复原=0
  [心跳] phase=after mode=observe 命中=920 改写=0 成功=0 失败=0 复原=0
  [心跳] phase=after mode=observe 命中=920 改写=0 成功=0 失败=0 复原=0
  [心跳] phase=after mode=observe(disarmed) 命中=920 改写=0 成功=0 失败=0 复原=0【已解除武装】
[TAP] t=1790591291971 phase=after mode=observe dir=enter orig=01000410000000 new=01000410000000 mutated=False |
[TAP] t=1790591291971 phase=after mode=observe dir=enter orig=01000600000000 new=01000600000000 mutated=False |
[TAP] t=1790591291972 phase=after mode=observe dir=enter orig=01000600000000 new=01000600000000 mutated=False |
[TAP] t=1790591291973 phase=after mode=observe dir=enter orig=01000720000000 new=01000720000000 mutated=False |
[TAP] t=1790591291973 phase=after mode=observe dir=enter orig=01000310000000 new=01000310000000 mutated=False |
[TAP] t=1790591291973 phase=after mode=observe dir=enter orig=01000320000000 new=01000320000000 mutated=False |
[TAP] t=1790591291974 phase=after mode=observe dir=enter orig=01000320000000 new=01000320000000 mutated=False |
[TAP] t=1790591291974 phase=after mode=observe dir=enter orig=01000220000000 new=01000220000000 mutated=False |
[TAP] t=1790591291986 phase=after mode=observe dir=enter orig=01000210000000 new=01000210000000 mutated=False |
[TAP] t=1790591291994 phase=after mode=observe dir=enter orig=01000020000000 new=01000020000000 mutated=False |
[TAP] t=1790591292000 phase=after mode=observe dir=enter orig=01000010000000 new=01000010000000 mutated=False |
[TAP] t=1790591292008 phase=after mode=observe dir=enter orig=0100ff2f000000 new=0100ff2f000000 mutated=False |
[TAP] t=1790591292015 phase=after mode=observe dir=enter orig=0100ff2f000000 new=0100ff2f000000 mutated=False |
[TAP] t=1790591292031 phase=after mode=observe dir=enter orig=0100fe2f000000 new=0100fe2f000000 mutated=False |
[TAP] t=1790591292046 phase=after mode=observe dir=enter orig=0100ff2f000000 new=0100ff2f000000 mutated=False |
[TAP] t=1790591292173 phase=after mode=observe dir=enter orig=0100fe2f000000 new=0100fe2f000000 mutated=False |
[TAP] t=1790591292286 phase=after mode=observe dir=enter orig=0100ff1f000000 new=0100ff1f000000 mutated=False |
[TAP] t=1790591292316 phase=after mode=observe dir=enter orig=01000100000000 new=01000100000000 mutated=False |
[TAP] t=1790591292361 phase=after mode=observe dir=enter orig=01000100000000 new=01000100000000 mutated=False |
[TAP] t=1790591292376 phase=after mode=observe dir=enter orig=01000100000000 new=01000100000000 mutated=False |
  最终统计: 命中=920 改写=0 成功=0 失败=0 复原=0 解除武装=True
  LL 钩子已卸载；共捕获 2 条按键事件

--- 阶段时间轴（本地时钟）---
  pre   1790591227421 .. 1790591235421
  A     1790591235421 .. 1790591249421
  S     1790591249421 .. 1790591257421
  B     1790591257421 .. 1790591273421
  C     1790591273421 .. 1790591285421
  post  1790591285421 .. 1790591288421

=== 判定（仅由宿主侧写入记录 + LL 侧按键flags推导）===

[1] LL 侧按键观测（全系统，按阶段归类）
  pre   事件   0  （无）
  A     事件   0  （无）
  S     事件   2  0xA5↓×1  0xA5↑×1   VK_RMENU injected=[1, 1]
  B     事件   0  （无）
  C     事件   0  （无）
  post  事件   0  （无）

[2] 宿主侧报告层改写记录
  pre   IOCTL 命中   2 次  实际改写   0 次
  A     IOCTL 命中   6 次  实际改写   0 次
  S     IOCTL 命中 338 次  实际改写   0 次
  B     IOCTL 命中 330 次  实际改写   0 次
  C     IOCTL 命中 244 次  实际改写   0 次
  post  IOCTL 命中   0 次  实际改写   0 次

  写入失败/被闸门拦下: 0
  onLeave 已回写复原: 0

[3] 设备维度绑定（同一宿主里有多个 HID 设备时的归因依据）
  A 阶段来自 h0 的目标 usage 报告: 3 次

[4] 边沿配对（粘键判据，按边沿去重后再数）
  S     VK_RMENU 按下=1 释放=1 配对=1 autorepeat=0 孤立释放=0 结束时仍按住=False
  B     VK_RMENU 按下=0 释放=0 配对=0 autorepeat=0 孤立释放=0 结束时仍按住=False

[5] 分项结论
  FAIL  A 对照：真实主页键 -> VK_HOME 且 injected=0
  PASS  A 对照：已按 FileHandle 绑定到单一来源（设备维度成立）
  PASS  S 对照：SendInput 的右 Alt 被观测到
  PASS  S 对照：SendInput 的按键带 injected=1（观测器有分辨力）
  FAIL  B 被测：报告层产出 VK_RMENU
  FAIL  B 被测：该 VK_RMENU 的 injected=0（**核心**）
  PASS  B 被测：原主页键已被替换（无 VK_HOME）
  FAIL  B 被测：按下/释放严格配对（无粘键）
  FAIL  C 对照：解除武装后主页键恢复

判定: no_positive_control（A(真实按键未被观测到)）
说明: 观测通道本身没有证明它能分辨注入标志，B 阶段无论读到什么都不可信。
      请先单独跑：python ll_flag_logger.py --manual 8
